"mint","pool","dammPool","symbol","createdAtUtc","ageHours","ageBin","mode","quote","marketCapUsd","volume24hUsd","trades24h","graduated","suspect","lastTradeAt","fees24hUsd","allTimeFeesUsd","allTimePaidUsd"
"141PWQCaor4JmY37mua6r3gci7qrQBxE9HvoT9W2yfrA","BSFYz7QAwXBz4d6B9iPTZYEJn4TP8i1TF4waY6DRuMYs","","SEPT","2026-09-11T11:03:30.0000000+00:00","19.69167","12-24h","holders","EMBER","3723.0459275536246","489.9116051986007","10","False","False","1789146284","14.69734815595802","17.988243720011962","15.295998034140739"
"14E3ucQu6vRSkGM1n3pzhNmT5wRoXibhR8DBiZ5iHRbB","Hw8ELJzygwT9hsCy25qkLpZw1EoN6QP3TpYsrHpMVy32","","MCORE","2026-09-10T00:09:52.0000000+00:00","54.58556","48h+","keep","MET","4284.570985667507","0","0","False","False","1788999011","0","19.47341088","15.578728704"
"14t5Ei33bUGYu4y6tra8YETqaTcYCzdTnLRrCJPfAPe8","8eRj147Po7Dbho4cUM4uGEB7bMpGgAPkWxaZTPCjwEk1","","FINE","2026-09-11T13:17:48.0000000+00:00","17.45333","12-24h","burn","EMBER","2284.4639635162757","0","1","False","False","1789132667","0","0","0"
"1he3cuxKst9vqNa79b4diwvwA34EoC7GNro2qGmgKio","CRS8tqpopG9dU8i8tTZzn9M8nd2MgYDL93PEH8z96mqs","","FLY","2026-09-11T22:07:03.0000000+00:00","8.6325","06-12h","holders","EMBER","4657.14549863981","439.7067000722959","3","False","False","1789164430","8.794134001445919","8.794134001445919","0"
"22QiuoEDFCJGG9eSAvuQniEr2Cjjuiok8CzKdU8tk77x","95ZdPdrLikqtN6k9ogRu6DVL14LT1yLSJtAw34AJe7gD","","ROCK","2026-09-09T22:47:18.0000000+00:00","55.96167","48h+","holders","MET","4616.228607441055","0","0","False","False","0","0","0.482031666732","0.38111391000000006"
"22Rx7ZPrELbN9Tru3abbAmbpvgv6GuraVAL6yt3op2jE","69BHiR4xLub6XZGbiCEmnzxzBiVXo2oEdcSRx9X2cZf3","","TUK","2026-09-12T02:05:43.0000000+00:00","4.65472","00-06h","holders","EMBER","3891.7212536526526","245.52042619991795","5","False","False","1789180543","2.4552042619991794","2.4552042619991794","17.916829973080052"
"23GhtLMM9V8DfpQfcVbn4agMf4kHeSC8WAVb1zzZU4Gm","2cqKcjvvkCH6E9oUJoKiS6t8G9Hbzpud2sA63nWs487y","","ECAT","2026-09-11T16:15:01.0000000+00:00","14.49972","12-24h","holders","MET","3328.001483260571","0","1","False","False","1789143298","0","0","0"
"24Hfu9KLtrbj3HznTguRxrk7JGfyBb9orRfwCUJ4mQK9","AjZQjAXPx4o3xw2r8Pu1sDa9JrJSdy3eTxxGNxMc53fZ","","EMBER","2026-09-11T11:47:13.0000000+00:00","18.96306","12-24h","holders","EMBER","1819.0685924740849","12729.636058009459","359","False","False","1789184992","254.59272116018917","537.5392431997957","412.40056556972746"
"24njGyFNkpJ2XUPLEL9gb2q1KvAuLqQQD4fcVzr9NJhz","G9cve6KteoRJQq3gMYsS77B8G7whsWorW7wq6MuSt88M","HeLhTTKtpvTjYXuiGBSydgkQ7U8nqJUmdcKoHNRV3U6J","COMET","2026-09-11T12:00:40.0000000+00:00","18.73889","12-24h","holders","MET","3578.970226648589","83087.73240348489","816","True","False","1789194860","830.8773240348489","830.8773240348489","12.209162912662999"
"25FVqcZe5nZNZ6VPsDYBmYkLK1nyhvim2F2Q5KZMcuPZ","FEy2NET2Hb2gJxh4WqUSV2wjDhEws2GzUJm8r1HnB4ML","","CELLAR","2026-09-11T19:13:01.0000000+00:00","11.53306","06-12h","holders","MU","3988.4567502391783","0","1","False","False","1789153979","0","0","0"
"25s11ha5cQQ83DzvG7XXJrokcuDpomJEhrvcX5tcBQ1D","DsWDj5qkEtzWiQ4YfrHjvUyj7EAVQE1rSYURYcfwVjmc","","SEPTEMBER","2026-09-10T04:57:30.0000000+00:00","49.79167","48h+","lotto","MET","4359.301873014219","0","0","False","False","1789016248","0","0","0"
"25zYhRZvcWESq3gzPYsLXbPtsYC6p4NroGv2NT8bdkfy","ConG2ofeJhvF6bD66Upiez3kkEiK79bBpeUsKgD4kD7F","","EMBERGER","2026-09-11T20:15:29.0000000+00:00","10.49194","06-12h","holders","EMBER","2963.875554821965","37.2486388556","23","False","False","1789159977","0.7449727771119999","0.80006224932666","0.3719329071741574"
"28wc9uAtCheToS2nWq5VBvXDvSd5WAYT4ASJqd9f7Maj","6PcgjSYihRpooNLZvgBBWGsGk4VnhQ2FdpqskBj7rS57","","MET","2026-09-10T00:00:00.0000000+00:00","54.75","48h+","holders","MET","4278.458950725261","0","0","False","False","0","0","118.730704237761","94.98456330825"
"29D31zXh2JVbcd1mTpRNks5CSUK46nEMfAE2sTrkkyjk","uYWzfvZW34bYiKoeKhT8gihAmBMn5tDccJEYbgUmvaM","","PIKAFAT","2026-09-11T11:49:31.0000000+00:00","18.92472","12-24h","keep","MET","3136.758689142267","0","1","False","False","1789127365","0","0","0"
"29wKfJaXrZh6AeG58GBqfDf9bD1eKZmDTwUtbiYvsEFk","FfYBUKGzb73sRUJMUShc5XABHV4rPm6TMkjxp3oUTV7H","","SMURF","2026-09-11T15:04:34.0000000+00:00","15.67389","12-24h","holders","EMBER","2113.8041222873667","0","1","False","False","1789139073","0","0","0"
"2AbpdUkFJn8GKqwN2BZrovoazBhtAzUNhSd2sdhppChR","7eEsb3zVjuS4ckqWJEP4MtpFe2WBPGuScvPePp54vgv9","","BCLAT","2026-09-11T12:53:17.0000000+00:00","17.86194","12-24h","holders","EMBER","2075.9893792855873","41.16612065214","7","False","False","1789160481","0.41166120652140004","0.41166120652140004","0.22821571464912"
"2aKggszaJvtkRhWxWaFwmMtYN6PxPt15S9fg1TxsJgP2","GK6zYeq3SPYZic9hbk2V24ivAyvTN7Fcr3bPrVkps9Vb","","FUNYUNS","2026-09-11T11:11:05.0000000+00:00","19.56528","12-24h","holders","MET","3899.13270960893","26112.974490635075","291","False","False","1789159217","261.12974490635077","261.12974490635077","195.525448799967"
"2ap5pUd4hbEKwnU9b7rmgPqpGE34tUyUtabbYgcDsTGX","EEvP6hNRxc4vQg9VjrpSaf6gckM6BcmLyBDtrA29evDE","","METTY","2026-09-09T23:57:36.0000000+00:00","54.79","48h+","holders","MET","4336.192321617534","0","0","False","False","0","0","21.081098104143","15.706664956521"
"2ay5PL8FMoko21WtSwbLmua47t1Gp3dPcom5VffeXopv","G74hx6EGr3bYyrdtuGbYV2m3jkUN7eNkKupGSJoc9fZh","","ARCANINE","2026-09-12T05:49:06.0000000+00:00","0.93167","00-06h","keep","EMBER","4857.557312995281","243.0777453238619","5","False","False","1789193946","4.861554906477238","4.861554906477238","2.6295002886999397"
"2B77sZPHuBzg3PP4FLpXzXo1hdaftyJLSSMmB55Horvr","HdWaoJx5c98voyjR7N4qhkUE5H5Lqmrv2X6k8nGjSrvB","","COCADOGE","2026-09-10T00:17:14.0000000+00:00","54.46278","48h+","keep","KOx","3985.946662237233","0","0","False","False","1788999433","0","0","0"
"2BagmvuEesp1PHqDSrKXysvJkbS7Z7fmqBStr2qkzAqp","FZs9DedExb51vVfWxzudLbkvTw7pJKZ4LjCRkW2oJ7UV","","AMBA","2026-09-12T00:49:10.0000000+00:00","5.93056","00-06h","holders","SNAP","3990.307817738093","0","1","False","False","1789174147","0","0","0"
"2bo5uU5gxHeo8X6pMC8q2WVsT2QzqzVxvqppHtwrPuHq","DUPJiErQzJ27ncQxY3NBjsuU6RqwYuSnCYAfG5GTk21d","","DIAMOND","2026-09-11T14:26:54.0000000+00:00","16.30167","12-24h","holders","QQQx","3994.125498011727","0","1","False","False","1789136810","0","0","0"
"2C4dcNktsyasTuTrGRE1RaKHmM2eVDKP8pCGHKFXFK52","6rGfQfFLpZLLPcA6iNWdHUfveujQedtnBTZFB8atK2zf","","PEPSI","2026-09-10T13:52:42.0000000+00:00","40.87167","24-48h","holders","KOx","3992.8035247950706","0","0","False","False","1789050881","0","0.87850852884318","0"
"2ceGHybGkcHsKSKJpEtC9Qcss3s83zykYGUAcMypRgtj","7CCVxqHd1WDo57Wj5qDfi2Kfr92egMfPAJXfkuJZxUn7","","FLAME","2026-09-11T10:09:33.0000000+00:00","20.59083","12-24h","burn","EMBER","5868.086060844464","284.8757780128545","3","False","False","1789121473","5.69751556025709","5.69751556025709","0"
"2cj4eNgtwQ9fwo3sN8ecdK8qZ1fZZ33H1FFZHRffoRo6","EKPbkUToo2WLVvfnUYF2ufNT4RgKXCUPPG2cXMcU3HSC","","LAVA","2026-09-11T11:58:31.0000000+00:00","18.77472","12-24h","holders","EMBER","1689.0574637237266","3.218019204","0","False","False","0","0.03218019204","0.03218019204","0"
"2cP5BmPwJRt2WkKnjv3XwsVNufL4YCmXETceZeTsMB83","9SWwZzaKct43QWimnKcNkkpsMwdmYVCp94pXDMj68TTV","","1M","2026-09-11T11:58:26.0000000+00:00","18.77611","12-24h","keep","EMBER","1691.5092432941651","0","0","False","False","0","0","0","0"
"2cQZbn8pW36CdSkhkJbxdUCZuQ8jxKsWkF7iVPXLQYhF","FyN25ATMUA8eH7RWi6Xx7kSkzmGQ1APic7LVA8VVzpfZ","","JUPCAT","2026-09-11T11:48:38.0000000+00:00","18.93944","12-24h","keep","JUP","4286.1023363973545","869.5590719783054","17","False","False","1789134425","17.391181439566108","35.317827148004945","28.273295571881192"
"2d51z3DbG9o4fHzaL5zY3frTZcfLLLR5UzuRyxGDiV3x","Hkogs9uYapq8CscCzNmHvTMtZYCe8Lcidj1252NU7yjS","","WCAT","2026-09-10T03:57:18.0000000+00:00","50.795","48h+","holders","MET","4449.851167982724","0","0","False","False","1789012636","0","0","0"
"2dDcjZghsEXQNbkad1GcVRHhUpM9gt6WEj6X6HFhg21T","FxBThx1ACLv4mLCCqhwt8bgDKerYxQtH7iwjiFErwTC7","","METH","2026-09-11T12:57:23.0000000+00:00","17.79361","12-24h","keep","MET","3314.196856090295","1.6202414138075198","3","False","False","1789131679","0.04860724241422559","0.04860724241422559","0"
"2DdLCnBf3wib5kcaV1uVwiPYoDbJVyaPcPSVRimqXRbt","GpaSowYo9MzR1mVSgWrTbQQAdwP7qX7TZ8U1N4HqtT8B","","METBULL","2026-09-11T12:40:41.0000000+00:00","18.07194","12-24h","holders","MET","3567.813797425527","3304.1239464616183","48","False","False","1789177635","66.08247892923237","83.70984227215676","63.10227852471301"
"2dweMPbi7dfkVMchZh7unuy1mwLo7zmmkmHidAGQrW26","DjMnqK17e9tkQNCh9oXmW2uBVQ9qZyN3ig7o4SJe8Nqp","","SOLDOUT","2026-09-11T18:50:24.0000000+00:00","11.91","06-12h","keep","NVDAx","3991.3785354531797","0","1","False","False","1789152621","0","0","0"
"2E76VDymXMV5vcuTdGigs8d31V9MepmqyisLzWXqtuoG","Ddy838EiZgbdFSiGWkig7V3bc4ngCrRqeAyu4zFNDmR6","","EMBERBULL","2026-09-11T11:25:15.0000000+00:00","19.32917","12-24h","holders","EMBER","2196.2592376051443","11013.495889075497","391","False","False","1789191937","220.26991778150995","300.79357605053946","238.36231190500536"
"2ebJQapk8ciaJDmn39p6biKojcjtDzso3pZGAZrzHxE6","HDXzMfgyYVb4ArsNKzfjVYFPi6Qxo7VKg35FKas9kKfh","","MET","2026-09-11T11:31:33.0000000+00:00","19.22417","12-24h","holders","MET","4655.24901763149","31751.371188586796","641","False","False","1789185712","317.51371188586796","389.0109224494024","307.31479519555"
"2EbvutAbUJJi3WqWD3LUtpBT3AqHmPbBayswQeHeU7z9","7T7AWEkYAQjtUd76RU1NCq758CdvvzroEyDHY9FpWksp","","WEN","2026-09-11T11:50:28.0000000+00:00","18.90889","12-24h","bounty","QQQx","4011.456251926862","235.96042848377041","2","False","False","1789127518","7.078812854513112","42.756043572807904","26.86899857522644"
"2FAgCxiwZzgFXDWmD9JY92TRvQQKfVRMoXNqNND7vZSK","B46JUXe6jjcoRjhCCM8HwY7swUVGooZ4pRYQvpyvzx3C","","MARSCOIN","2026-09-11T11:32:29.0000000+00:00","19.20861","12-24h","holders","EMBER","2302.842971396675","658.0906148331682","11","False","False","1789126387","13.161812296663363","16.265980170257283","13.012784126467842"
"2FkZtTa5U49y62wVVErrZ6EnbyGVvdngW6WnwNS4vxNF","7W7nA1X5PYHbXi6dMoJN9t2GVoArFxGBXRhh7bnsjoX1","","CC","2026-09-10T00:13:18.0000000+00:00","54.52833","48h+","holders","MET","4305.071324765645","0","0","False","False","1788999215","0","19.47341088","15.624528190859"
"2g2xJUnzoh1FmQbqzoG8y349wtZ6b9ocgMLK4UnLHDgx","Rdv2YVq8DNHL6jM4HSLeKtWdKfhGe1PkrHpi1m1XtZJ","","FAKEPEPE","2026-09-12T04:02:29.0000000+00:00","2.70861","00-06h","keep","MET","4051.695735571511","261.3538048165381","5","False","False","1789185910","5.227076096330762","5.227076096330762","26.672199893508648"
"2GB6yswvTy6kY6fV3VPZzUengbaB3MmCp5pDhBb5Rn1R","3z5Q7jgq6Gxo4He6yxWWu5GSUrpMiqPuc9TxgoRNfqUC","","GPUCAT","2026-09-11T11:02:39.0000000+00:00","19.70583","12-24h","holders","EMBER","3844.317691010254","2004.0028152242132","36","False","False","1789160026","60.120084456726396","80.89297339419345","63.13569583874113"
"2GDscFzRgotkoygHPBMmGt1DKVLuppxuzna6hHoACKfc","6FofkGEuxxDVYL6mdq44GPtaGem1jp7xojMV2we2r7Db","","STENK","2026-09-11T15:13:32.0000000+00:00","15.52444","12-24h","holders","EMBER","1989.7153390712022","0","1","False","False","1789139606","0","0","0"
"2GDzGJNQyYgTeiJnH1KDvXgX4jDMvvhkUfh5byykMXEJ","HTm28yV8z7jcB7rLTexsR1fHhJceQYi2NM6miHAk78Uu","","ORDI","2026-09-12T04:03:56.0000000+00:00","2.68444","00-06h","keep","EMBER","4855.497577147802","243.0777453238619","5","False","False","1789185955","4.861554906477238","4.861554906477238","2.56598130629043"
"2guvwxcod94XFx51K9KKH75GBT9snz8NazKgvZiqfGQw","FRPDXwo7i32E28tEBkgEFRvc3xXfnNCbdT4n2PSNJhiT","","LIT","2026-09-10T00:04:01.0000000+00:00","54.68306","48h+","holders","MET","4276.425462941694","0","0","False","False","1788998663","0","19.504159567892998","17.509916236068"
"2HHGzKZY91KwrkDpwB7GddGWxwhWYrWsJ2W5PPvw2uBM","HsUTccnfsbqZqL1GdVr275jESbLcb6UM3N3XvN8L16Lw","","CASHPECK","2026-09-12T03:49:20.0000000+00:00","2.92778","00-06h","keep","MET","4056.466511661573","310.723683415992","5","False","False","1789185910","6.21447366831984","6.21447366831984","3.9365039091250003"
"2hV6ET8j7CPDcrTYXBLemzff5BxqhzMMKrbnKtmMZY3M","ADJYhz7hDbqr7uAbxD4X9SJAmZpJWzVvF5GuL81NU4zj","","PHOEBE","2026-09-11T16:51:35.0000000+00:00","13.89028","12-24h","holders","EMBER","2406.9812482200564","765.1546432996423","24","False","False","1789150508","15.303092865992845","20.393875510498038","12.146150185039879"
"2i6XhHQwYLfPdTWKHKc52Sz7QAsooyhRT1ucQU8A1QNN","BUvfF4iTGs1RRpcwpYd44hDwA1CtTY7gSMWXYY1uzYyr","","ASHHOLE","2026-09-11T14:41:57.0000000+00:00","16.05083","12-24h","holders","EMBER","2399.968723427659","29.13494587741","3","False","False","1789137871","0.2913494587741","0.46544767969503","0.335059824737904"
"2iavGdmDLgL7K7md96ym8uSvPCi5zhLTHWmMi8u9RLGg","EBFR7brjmaV1aJCKpZrKCgzsXdhZR6JVxySjXDsaNA6U","","NAILONG","2026-09-11T11:47:51.0000000+00:00","18.9525","12-24h","holders","EMBER","1713.0751068363504","196.84733724963363","5","False","False","1789127413","5.905420117489008","144.85045235638648","115.88036188510918"
"2iGoY7kRHB9aQCffGyANpRym5GCAtdYXJAuDsCyhyUoi","CWAN2KqCZgbPqxqKYSWo6QVamUPh2fYg3DHHFiBKrNtp","","UPT","2026-09-11T14:32:43.0000000+00:00","16.20472","12-24h","holders","EMBER","2441.2863486053525","36.426298034480006","5","False","False","1789171546","0.7285259606896001","0.92411104686768","0.493994731517284"
"2iMHHRBUb6XcGtL7ECpR5Sq8iKsz1s5ykRjk21r7ZBvf","96txcSGKeGSJoWZRDqeNTEXggtG2nvEKroFjCYqUejgM","","EMBERCOIN","2026-09-11T13:16:01.0000000+00:00","17.48306","12-24h","holders","EMBER","2301.995218283672","859.6775517914887","29","False","False","1789180904","17.193551035829774","24.957408850745608","14.08404666702"
"2ipP6kJWRmmgsWjrguV2zSVGBak3GaQ6JaKwTwGPCJbe","Buq1i9fSs8NFhGqa8quwLj9EkdkAHSDPrbJ7fRDU73AR","","COIN","2026-09-11T14:08:50.0000000+00:00","16.60278","12-24h","holders","COINx","3877.8219447839547","0","1","False","False","1789135724","0","0","0"
"2jbTkVuqD18t1vQnWVA6RJKqHx3L6XJbaMk7gDXL1JJL","MvkUk2k3UBhdpVEskFqkzy3jj8tcfyag1aEiU2RDDdy","","JUPUARY","2026-09-11T19:15:59.0000000+00:00","11.48361","06-12h","holders","JUP","4829.1732339070395","708.086294330618","12","False","False","1789162119","21.242588829918535","21.242588829918535","11.126488716428"
"2jevsypHv4BMKbfYzfPi5obn9HMVDK97TPYbrhQUwg3t","5UXT1TpUmPVadtPD68EMujgep2h48rbBKMYzedMTJLPC","","EMBERPEPE","2026-09-11T11:54:32.0000000+00:00","18.84111","12-24h","holders","EMBER","1744.2742195490891","0","0","False","False","0","0","0","0"
"2JqAepffbZgqTb2JihyxosCmuWztutfnBMiytPfcTMup","2PZfXeu2F3dmtwXq1AxxjoUBJEbAVa9gjFaebSVMq68P","","BROKE","2026-09-11T23:57:40.0000000+00:00","6.78889","06-12h","keep","EMBER","5461.971438441469","218.115002580195","4","False","False","1789172859","4.3623000516039","4.3623000516039","2.74375278770918"
"2jtMWskzet6odxwf41F487GdYNAPU3omMJNPsLtRvLMY","8m5wpAZiZz1BWfFwC71kPFvDwX3xM7V3F8CuLRAn9TUh","","MEATY","2026-09-09T22:58:46.0000000+00:00","55.77056","48h+","keep","MET","4698.548635948445","0","0","False","False","1789050655","0","504.35508205902084","403.4897226387145"
"2jXrSD2fD2nRZheQE1p2PqC1fNNGUM3ac1Cs4bCdsq3q","7XsLoEc1yjnkCYzybUfU1CaUfB196PQxDfeBLFU894Zf","","CATAI","2026-09-12T03:21:32.0000000+00:00","3.39111","00-06h","keep","EMBER","4092.1387646353505","929.875980723058","24","False","False","1789185091","18.59751961446116","18.59751961446116","40.815537941681484"
"2k44obyv1HSd3XcJgaRmMDYjRvH9EoAnw1yruN1qWBFv","13YDQLEbeaQfC2DbuHdynB8vwMZhruUmHix4mSBi3CUk","","NGRAM","2026-09-11T18:24:06.0000000+00:00","12.34833","12-24h","holders","MET","3377.2777064809093","4094.9840896053847","38","False","False","1789152074","81.8996817921077","97.08572550750799","76.72462668730199"
"2k98P6bWdFXA7ahLNefd8TjykCy9TEWDbzCnfft9TbFM","33dTtUQaJeUp8Q7ymkFxtNqhbvYJUoLYCEM2YEmXxcdm","","EMBONER","2026-09-11T15:07:24.0000000+00:00","15.62667","12-24h","burn","EMBER","1963.333935114612","15.43035924186","7","False","False","1789147105","0.30860718483719995","0.30860718483719995","0.181090510185256"
"2KATHCTrAFC8337exS57ixxaZrBpVQqpUP6Lio5AvjhT","2XRZP2XjUGQ81SYBmzEE2p8T3dZ2Bdk59cEpuNoVpMN7","","BOOM","2026-09-11T12:02:17.0000000+00:00","18.71194","12-24h","holders","EMBER","1839.1990682347882","599.9219921975816","15","False","False","1789128680","11.998439843951632","42.86071994286231","34.28768586293575"
"2KxTzqm9PysWJpne6Rr5JoAPCJinKaFSXERZG6x8HMPg","BfzBLRE5kEJCMoyyMKJ8UM1sJrBiwaAPm1PtRJPC4jdW","","ESC","2026-09-11T11:21:34.0000000+00:00","19.39056","12-24h","holders","EMBER","2265.4328026457165","21.685097502050002","5","False","False","1789131332","0.21685097502050002","2.9477452064764598","2.34975793757686"
"2kzeRYTzf9BaPSNhc5v8DM6wAyRuCoUqY9BEEqUyJ1GT","HY94Wup7vWEiNo1rQS1yDpAQfVegM9dBQZAKJPkMnnk6","","FIRE","2026-09-11T11:37:57.0000000+00:00","19.1175","12-24h","holders","EMBER","2068.9746844714737","14984.561315831708","568","False","False","1789187215","299.69122631663413","580.001499896657","421.46558839479155"
"2kzLK78dneSQMMW8ZCSX6g3UXg47vyfkM3SbXN2T8nnB","2ukpufciWZTJKfuac1gfCye4ZdYEHLoiUyYZRTefKAQc","","MAFIUSCAT","2026-09-12T04:27:01.0000000+00:00","2.29972","00-06h","keep","MET","4041.0820282394643","263.34186779558","7","False","False","1789190997","5.2668373559115995","5.2668373559115995","10.009415882115409"
"2LeeXdNquNgZUfgrCnYVhiPLeD5oEdLBC62nc2wRJcoF","7zpexzQwBxN9cAbdsFbrWtQKSQE5mkkN6zxP5FBn4fwY","","MET","2026-09-11T11:29:06.0000000+00:00","19.265","12-24h","holders","MET","3251.8570825097145","694.341444364906","16","False","False","1789135941","13.88682888729812","13.88682888729812","10.787576336622001"
"2Lt9MAeEdVyVCviZnEsDj9H3qn8KGjExaGud6yHT5ekj","avRbVbmg1LDWFZ8HsXmHGCNqHg25aRdWcdZkH74eMwC","GrS5nspLFZmfWofVM11EoueG7gAoPJLH5daxS4xY8w9q","ZECBALL","2026-09-09T21:48:36.0000000+00:00","56.94","48h+","lotto","ZEC","147474.2451048064","1143002.49","9724","True","False","1789195483","11430.0249","12605.123016012447","14155.490370190726"
"2LtLyWFhFk182yS3TzGXct4kpMLVT15GPmJQkkbxrCsp","7mUwdHGxrBCdCUPNSDtiGw8ajSBFpPZaVg3DznD1x4Wu","","LINI","2026-09-11T11:56:47.0000000+00:00","18.80361","12-24h","holders","EMBER","1664.4595221917189","0","0","False","False","0","0","0","0"
"2mb5WkCn4wpaFnKmRRJmBZN8to6wpYDWUdWMvrPEC4GH","2phHLtHZ5q5Ao8j54sv59LVDfBxZsaEgRdBFsyrkE8Dy","","METHANE","2026-09-11T12:03:16.0000000+00:00","18.69556","12-24h","holders","MET","3238.970673409934","0","0","False","False","0","0","7.5334488573180005","0"
"2mhtLn9UNoS3wTKPV3dU7j3ZNDoaCH1xNss4EtsjJ73o","2aJB8eNNqTEYLiFWcqzsZ6RWeVCWzsuz9vnpAnim6vV9","","PHOENIX","2026-09-11T01:55:16.0000000+00:00","28.82889","24-48h","holders","MET","4247.4895813910725","1.5162170681279998","2","False","False","1789127362","0.030324341362559997","0.030324341362559997","0"
"2MKxb87c2Ltk5biwecFH52CTxC8zr4C1JuzZfRbuPGh8","CykFrvFXwniMbHGwdpPVRkacnLch3ZHYFaswNtYeDsbE","","BRGND","2026-09-11T10:42:38.0000000+00:00","20.03944","12-24h","burn","AAPLx","4102.351330552566","7.01053917201534","4","False","False","1789123547","0.0701053917201534","0.0701053917201534","0"
"2MTXGoo2ZoM4HJjTcG5eiNo1EtcqrEseN669u3ktXCo1","EoGWj9wHRfuDGDrjarXERPoGEP33j2ys7UDxpyKp4dV6","","ESC","2026-09-11T13:13:12.0000000+00:00","17.53","12-24h","holders","EMBER","2392.5099967181627","0","1","False","False","1789132389","0","0","0"
"2muKus3Nxsu3ns2WnYfP3oX2veFr2kYaBXt2fxUdMX33","9qNP3JghCYfFg6T1ioWnjisshC7GmEyH1RbHBC8wqRY","","MEMBER","2026-09-11T12:33:11.0000000+00:00","18.19694","12-24h","holders","EMBER","2141.887236224788","0","1","False","False","1789129979","0","0","0"
"2MUyYjVAwHXFuwaSCjDyFkvng3ZS6UgsrsLXrToJx5Cu","76aUmeoMEpVM8eHfbk9EGEiXkasCoKNkg2gPXqbJ8WuQ","","PHOENIX","2026-09-11T11:26:02.0000000+00:00","19.31611","12-24h","holders","EMBER","2125.0534845409466","1192.8485517237557","43","False","False","1789127198","11.928485517237558","55.094113029757686","43.499263285685494"
"2n2Wntik5hsJYbLEeUDwVGEqF3ojnwwagTe6LRHBEjCY","5cPr47QN2FUiNVEW96PQbx1udjcSygmwWq3fxVvwXGFw","","FEES","2026-09-09T23:57:39.0000000+00:00","54.78917","48h+","holders","MCDx","3950.9629036131914","0","0","False","False","0","0","0","0"
"2o3cSJVD9m8An1gErkHidZBC1ENjPvQ5UFUg6LXcy42U","EkXk8cBgnb97b3EgurKUTg9cY2re1FgX1m1Bd3bg3Kvi","","BLUNT","2026-09-12T04:46:00.0000000+00:00","1.98333","00-06h","keep","SPCXx","3996.965505880079","0","1","False","False","1789188359","0","0","0"
"2on2DmqRvP3yKq5aavBt4tLcQdwu38dh1FbyWsirMenn","HieP3zuuUUgWWH644UEWDTevEgUNgBgf3ahLhcayGwox","","METTURK","2026-09-11T12:47:15.0000000+00:00","17.9625","12-24h","holders","MET","3272.0011534653086","7.86781647793072","3","False","False","1789150177","0.2360344943379216","0.2360344943379216","0"
"2PCoCgcZbXQ7UNafdGp5JQWV7gBu18ZAVQ3dsCe5MdEj","6eCTtXHJQBHRhLWLN596EWMsmXRm91Z9JvuNRuY6mwM2","","NAS","2026-09-11T18:23:23.0000000+00:00","12.36028","12-24h","keep","NVDAx","3996.2652307189833","0","1","False","False","1789151001","0","0","0"
"2pwzEt5tjQ2AKhUv9gYwUmCE7sNTF38H8cHJDjrdWAJv","4BvyThg88vtu1b2cdntydRyGWHkWPtT8Btu3wYJx9iBW","","PUMPCAT","2026-09-12T00:46:47.0000000+00:00","5.97028","00-06h","holders","RBLX","3883.226768659139","0","1","False","False","1789174004","0","0","0"
"2q1WdHZn7KXnx1SY7aZz3UNkFSzQncekHVMGTRch3tbY","RDmz1wrkfcRvXXKVeuHFxYBhAixcMNnnywSsioDuY6A","","IMMOLATE","2026-09-11T14:34:00.0000000+00:00","16.18333","12-24h","holders","EMBER","2456.7669602608257","0","1","False","False","1789137237","0","0","0"
"2qcC6Vjtiuv5UBPGfLE1zDoB1bnJcTHscpX1GmqfTJJg","EifH7DmxVvdng4AHv5wC5RsGE4qoL3YWqCauDTWcgAny","","ACQUIHIRE","2026-09-11T12:10:55.0000000+00:00","18.56806","12-24h","keep","NVDAx","3988.207680828393","0","1","False","False","1789128649","0","0","0"
"2qGffnrK3jG6jNsJ93VnhM6hngrmJKibY3YNc64JNnCW","5qLLxXxX96Z3NRr6Ck3AKbxhWQQ5BL9DtK7Dw7eNcjQ","","METHANE","2026-09-09T23:50:00.0000000+00:00","54.91667","48h+","holders","MET","4395.505160936089","0","0","False","False","0","0","33.751220050316995","27.000975876336"
"2QVH8cAquwrSzXmktbAJP4VF4dkcwZJEyyyazfciyMhd","AgwJMhuTVH5XHWjXjp59NdW6fQzQ5rbVdwga5yiYVCqx","","BURN","2026-09-11T13:01:20.0000000+00:00","17.72778","12-24h","holders","EMBER","1991.1322696047912","166.47876571877254","3","False","False","1789131748","3.3295753143754507","13.218560572854779","10.5748484529103"
"2rfBVEgJBRAuHWBuGLaruiU2B7ZnpG1KMsaHrMwQKVqk","FgJqqWpHRKVThy23entRm832D8WcFQuroE5HnrgR9ARd","","REM","2026-09-11T11:59:58.0000000+00:00","18.75056","12-24h","holders","EMBER","1704.4356238342452","0","0","False","False","0","0","0","0"
"2rV2AQdm72F7TvA5xa7ubkWPoYqLjsmtWSEmL6ZdBpHe","349fj3FWgwQWy2nWkSgTcJzrFHownwuMs4qunsGZwYA2","","RAWR","2026-09-10T00:09:07.0000000+00:00","54.59806","48h+","keep","MET","4294.7967412028","0","0","False","False","1788998944","0","0","0"
"2t2ijsdvnVY9HGGmXkuRt7iDudLa1bYMrKFqNEuMpRTj","EUwvz6G6aCd3TVhfKzgRLN2j2sStoMJx3m6WNLdVA2X4","","SPARK","2026-09-11T12:22:01.0000000+00:00","18.38306","12-24h","keep","EMBER","1741.4373627459127","3.436818618","0","False","False","0","0.06873637236","0.06873637236","0"
"2t5USGoj3GY57GY2uRtyy1dBh61g1b2jjgbNKdckofoy","G3y9eiquYiw1bGtoCb6TGDp7Yife1nWTSKdqepiqawYX","","BOOBLE","2026-09-11T11:59:09.0000000+00:00","18.76417","12-24h","keep","GOOGLx","4048.505298165229","0","0","False","False","0","0","0","0"
"2tXjdKphhTM1g3Z5PwqTM59wfN9jFCo8omWxt6n3unHY","CYZMPzpNSRQe5ZfVGzbvetWgArocCA6nNZNrAwVnHBA2","","MERCURIAL","2026-09-11T12:44:00.0000000+00:00","18.01667","12-24h","holders","MET","3214.5876256703327","1108.7251527971891","16","False","False","1789131348","11.08725152797189","42.29502419733559","33.83601935786847"
"2ue79HrBjJZM85K9RDNHEWLWLT9HsHJQgAHdWGDHCV8u","8mwqoA9dMGP8EKj4UTveCXqBPduYGpS6G9R2aTXrkPba","","DIEM","2026-09-11T16:55:26.0000000+00:00","13.82611","12-24h","holders","METAx","4010.4283673158134","0","1","False","False","1789145723","0","0","0"
"2uH7NgYq9cz57ukofEp4vwL1GXLT5DWqTLGA1VAtW7Eg","HFW6Qes83ZNme155bz9J9eLGDZNMrYgZYmXDVqW9o2ao","","CHARIZARD","2026-09-11T10:48:33.0000000+00:00","19.94083","12-24h","holders","EMBER","5002.148418492374","45209.62820106226","962","False","False","1789191904","452.09628201062264","626.5042600436232","495.12007218423753"
"2uJhtZG2oiHuR6i4cTj45C1MNiFs44LS5wXSRehq14Y2","DijAa6oqu7fMy68BxSdt4QRGzq8vc53wibMWXQNXkhWz","","FUCKLAPTOP","2026-09-11T14:36:25.0000000+00:00","16.14306","12-24h","holders","EMBER","2432.2569523277098","0","1","False","False","1789137384","0","0","0"
"2UkNbbh61tzwNchBGvzZGcxW6qjnPLYEDMVmg9y3k4UG","3CvR9NHypfdRz6oHDfV2vJkenYMgQ5BSytRwrSfVoaRE","","EMBEAR","2026-09-11T08:09:44.0000000+00:00","22.58778","12-24h","holders","EMBER","9542.61273761987","44.41902968372","5","False","False","1789149237","1.3325708905115998","1.8481030406771402","0.49629601324687994"
"2uLHkmbFnbmUMk4JFPQB86ipUQ7H8vXCo9Npje2fDNfD","BqUjVPobxRfx3d1LoDKJymkVQQbQ4SEnLqWiW2wcdecw","","WWCOIN","2026-09-11T12:05:08.0000000+00:00","18.66444","12-24h","holders","MET","3233.8430071006105","20.698023320112","14","False","False","1789129745","0.62094069960336","0.62094069960336","0.49044940335000003"
"2UP41K8nJ3Qo1YgGm9JuzsFQAmHjUj5LEYLyWntQ7TBY","GR35Z76mXLMSuHwDUfJXPp2vytjaYQ2Cyz6D6z98X3Ay","","REDME","2026-09-11T12:25:03.0000000+00:00","18.3325","12-24h","holders","EMBER","1768.01661911213","0","1","False","False","1789129498","0","0","0"
"2upXFrrX4vVGkvhexaAtNyf6Re3tMxYmABn8qAZ5zbqZ","B835fgZFAS25b2Htxdrq521fbjEzWQj7jatG5smvPnen","","PEPEMBER","2026-09-11T12:16:40.0000000+00:00","18.47222","12-24h","holders","EMBER","1903.6991153807405","0","1","False","False","1789128995","0","0","0"
"2UxAgGXDzRKjKZMCFwdJ5rkbaHhyeajUdDTWV2UvwbQ1","FXmzFYvQfkPz2PjuPHDY2GpA73mwjRBFDVry7QQSwrgM","","EYLD","2026-09-11T12:50:35.0000000+00:00","17.90694","12-24h","holders","EMBER","2136.0694036139876","0","1","False","False","1789131034","0","0","0"
"2V2dyuuTJAHkztR4uQ8mnTfeAP2GUcCKjCjx1YEDkUy1","CmLynzKwpvLVDmUPiPBjVZe6UEvmkP5nNHuUVKLxvMxg","","PENIS","2026-09-12T00:45:35.0000000+00:00","5.99028","00-06h","holders","LULU","3997.288423036822","0","1","False","False","1789173933","0","0","0"
"2vbS2UUG6xiF7YbCGczeBL3N9FneNn73Mz2Sv7HpDr6p","6s8ZL4gLh7X3fvHipJ41M1fqxSGUeudU48MHgwzcowhz","","UBM","2026-09-10T00:25:21.0000000+00:00","54.3275","48h+","burn","MET","4343.717626535183","1.110836303864","0","False","False","1789037572","0.022216726077279998","1.5984326296","1.263313557891"
"2vNy9nLLYSSYHbQ5yybCVqHDrhweSLCRXFn3k7WFoTdm","B3Cme1gsxdgghN9UaKBnaA4PTYj3yYWNGVJ4akehDfRe","","TRIPLET","2026-09-10T00:14:00.0000000+00:00","54.51667","48h+","keep","MET","4365.647290485786","0","0","False","False","1788999237","0","0","0"
"2VWQ1G6aBxjeVVJmZamSadUsW69xcf2tG7ydtVz7dgZg","AUdSSMwQ2BbCFeqQ95dDhef1hESXFqqKxdrra393RFK3","","CRACK","2026-09-10T00:04:50.0000000+00:00","54.66944","48h+","burn","KOx","3991.6937813633244","0","0","False","False","1788998786","0","9.363366980008067","9.82538613672E-06"
"2wAoy4tXKvREpi2BC7hmEwRpGq4uGKckmrDBtdDt5k5J","AKCnMPTL46k1gKLi1vemmrSvuwzQM9uAkE3F7KZQiWGU","","BWIF","2026-09-11T15:09:02.0000000+00:00","15.59944","12-24h","holders","WIF","3896.487649945533","19.626426992676002","3","False","False","1789148600","0.58879280978028","0.58879280978028","0.1905027072"
"2wD6jLCiiZkfRnzuxa5oncXTrTxBZoRKofC2TyA3yCF2","2k9cmetEPNQa4MKY8Z4MpRVXD8gGxYyZx25g2xE4R4x7","","PETER","2026-09-11T08:51:51.0000000+00:00","21.88583","12-24h","holders","JUP","4224.991193740348","0","1","False","False","1789116710","0","0","0"
"2wg7Rr4QQarf6ox4bzEyzjSwcVR5NHQu99KLuhQs6wCc","8rDsmcV3MFWqhjfcvFzPa7tfW5oK9bzeL4zfftDhPGof","","METAMINE","2026-09-11T12:11:54.0000000+00:00","18.55167","12-24h","holders","MET","3267.249141308844","0","1","False","False","1789128711","0","0","0"
"2Wky18aTE4sspYGnq5NyvBjFeFyVBhFMSm5NXgDoNGJp","8XzFhJ5qYn3Uv8528ge4vkRYzW8Sv9xMsYrWxPSrtzwL","","REBME","2026-09-10T00:08:21.0000000+00:00","54.61083","48h+","holders","MET","5218.3280698536155","19427.40645550808","253","False","False","1789179601","194.2740645550808","229.27281690125585","174.51226181015954"
"2wpBcwDCS43vDkjvBmFF3GUnNVSpPfWZfcRaDYCSYQKY","FAFBaeftXrPHXNgjt9eJGacbGfswCVJvWkTdgCnrJ4mi","","TRUMPCAT","2026-09-11T15:05:54.0000000+00:00","15.65167","12-24h","keep","TRUMP","3911.6727001243457","0","1","False","False","1789139152","0","0","0"
"2X8kwfimxMYfyCMKHXihHt938UiwpPivs65vL8DjPG1c","F2HurCi8fyEBFX4J3qzfoNvX8VPU3XmfCn1NJcrUKX8k","","TPUSS","2026-09-11T17:52:17.0000000+00:00","12.87861","12-24h","keep","EMBER","2325.052381360775","0","1","False","False","1789149135","0","0","0"
"2xhfhueJCfdR7SeRL3ExjYhCciuTZt56cVAQRxyqjiYk","E7YqqjCSQ73seCXG4CjEFcvk1CwrDA65EAz4qgjBc8ue","","MACROHARD","2026-09-10T01:00:23.0000000+00:00","53.74361","48h+","holders","MSFTx","4000.5513519784176","0","0","False","False","1789095501","0","18.343129708583717","12.0788244192"
"2yhZLMUzUxuTc5gfUrYxGS2DjpgSJKY8UFi1ysZphnqU","7g8cqDY2nW5yG8eLNPrDzaAHYtekGznKaLNb8nDW2Kvv","","REM","2026-09-11T09:12:23.0000000+00:00","21.54361","12-24h","holders","EMBER","6753.569929944884","8783.152771493116","155","False","False","1789149374","175.66305542986234","181.1321162550157","147.87494821127603"
"2YKrgXZ6p7Ba4zwaaH2CxE2LeEJCxso91UpPDzKo3mr2","8pgZ2BwZYiHanzNW4Bo4AeNoSsZKb8EwoEw1CzsnKkg7","","EMBERMAN","2026-09-11T12:28:03.0000000+00:00","18.2825","12-24h","holders","MET","3350.526886265992","0","1","False","False","1789129682","0","0","0"
"2ykZGXuAgKozahnD7cAPhf6bNEEWPkqSGDpfnFcuoYqM","GNGLo1Dxk2cp7xt9dJJKwJFudFPpTNTGs2zDUzhb8nGz","","911","2026-09-11T19:35:12.0000000+00:00","11.16333","06-12h","keep","MET","3300.9211402331166","250.40801554132","5","False","False","1789157112","7.512240466239599","7.512240466239599","5.8372168536"
"2ypb62aLFESZqCgk9kG8hzF6X4BwnZ6Q9wpLSWGPx7Ar","CFcrJBtdeWLrtuPGv38vaP6AM9PkJsSUKwF8ieGkLxXr","","EMBOAR","2026-09-11T13:04:56.0000000+00:00","17.66778","12-24h","holders","EMBER","1994.6005988417282","0","1","False","False","1789131893","0","0","0"
"2z1y4A3wu68oSNkizkwLvL1tUBUQuidJKPzGqCC5aatv","71zcQ2ovinEu378ruX4CgwEh2Qh6aMHJj31kgKERyh31","","BBQ","2026-09-12T00:48:00.0000000+00:00","5.95","00-06h","holders","EMBER","4136.100715014051","243.0777453238619","5","False","False","1789175880","4.861554906477238","4.861554906477238","3.8761608686219597"
"2Zah1PG3EC5C576dsPYL3vDzQYFfiHYVau5Mi2SEjbht","BWL8MYS1zLKnMQ1WfaB3i19QhWtmDRjB3x3qaJJ9iDtw","","JESTERMAX","2026-09-11T13:31:26.0000000+00:00","17.22611","12-24h","holders","EMBER","2621.589697484465","0","1","False","False","1789133483","0","0","0"
"2ZZ79xFsV3xM6vRWv7XLgnQdB8FMTSzR512kAayEMLVt","EZaR3QuciGXBfsKH9vH9icNQNWV9oqcMmWfSffT27zPk","","NVIDIA","2026-09-10T22:25:28.0000000+00:00","32.32556","24-48h","keep","NVDAx","4000.8847934723517","0","0","False","False","1789079126","0","0","0"
"31nnQpimhZKVtbPpUagTN3KUmPehEiETyXPQ7Gf7oTJo","4NtM3F3MGjvTjfg4VQRv4it2dVUEm5kLGuymRdK5MSA2","","SCAT","2026-09-10T12:14:04.0000000+00:00","42.51556","24-48h","holders","MET","4332.650281500179","0","0","False","False","1789042442","0","0","0"
"31ptDvBR7NvNdUF24tFavLmJToRuJ2Qu6FZmoHZXGoZJ","9y9EjhiM1tPxumJyssh2aZTGuhU9ySXAPBm5KCkdgCVz","","EMCAP","2026-09-11T21:48:38.0000000+00:00","8.93944","06-12h","holders","MET","3584.237104735011","275.824283805672","5","False","False","1789163618","5.51648567611344","5.51648567611344","3.8939340452760005"
"32g4qc7EV8P8seqCBg146eQAXBE3FGLYdksyKQZy6ciy","33CECemZhduQzCciJU91b4jXNvop121hbWa5fM6wumuz","","COOKED","2026-09-11T14:59:39.0000000+00:00","15.75583","12-24h","keep","EMBER","2175.0593063236774","0","1","False","False","1789138775","0","0","0"
"3313qDY7WN5UvjT8KpoQGxZSWjwpyAvurtvKRKVmhbpt","VuqzTSei7x7nMsVa3vam4vES4Ytff1pgP298FjAvEdZ","","ROCKETFROG","2026-09-10T20:01:17.0000000+00:00","34.72861","24-48h","burn","MET","4189.442154988565","0","0","False","False","1789075014","0","18.093519872442","10.1917103526"
"33Kp8VLJ7Hwm7ypnfarx5HLv2JmG7wEwuz3u91cN517w","E4sTyS1pLvazPXrJ2vcDGuG7LPwjvtqW2qsRnRVNESf8","","SIRHISS","2026-09-11T08:52:08.0000000+00:00","21.88111","12-24h","holders","SPCXx","4013.810071374323","0","1","False","False","1789116726","0","0","0"
"36y1A738QCoeSXzGjhVnBmaeUWbS541s3iG1jAwDuLfP","9M3XoBbWWRpvEnvk2sWr3mTxe3f3ajBrJrzHdNbKzZxA","","ZARD","2026-09-11T11:56:09.0000000+00:00","18.81417","12-24h","keep","EMBER","1672.9394434745855","0","0","False","False","0","0","0","0"
"37qhEw5Y1PxBVCNdognrQH8dzX8mPpjSbeNi2KQ3QYkf","2XPMhwgQRfhhnuDK66TiDouWrT2SW6QTKrSTxsKKxjE2","","AIRCAT","2026-09-11T14:03:24.0000000+00:00","16.69333","12-24h","lotto","NKE","3980.1198647772876","55.011655132456","4","False","False","1789137427","1.6503496539736797","1.6503496539736797","0.00074040139485"
"395BvjyrVCKHv2DWcSNRKqYBtEEwQ7iRKRKue2CM9n7f","CP3xXqe51pEmz5PeQJTd8GsPr3JG9Xcx8Y5hjXGiT8f4","","SUE","2026-09-11T18:40:58.0000000+00:00","12.06722","12-24h","holders","MU","3986.635676684441","0","1","False","False","1789152056","0","0","0"
"39UswDKGpE6866Cp9CJvK9jYoMWdTy4cR1czHV4zCfF1","343b21k9KPn3SjSGs1x28uCLfv5poETXtdp3BWTt4mCi","","FEES","2026-09-11T11:26:02.0000000+00:00","19.31611","12-24h","holders","MET","3248.8132150303895","14.310224286761441","1","False","False","1789125978","0.28620448573522883","30.010832560909996","24.008666048728"
"39WdGdK6AMLDy3yCf4VS2w2tvrQ6wJmzV7E9aG81UwiU","9NzF1ReQWNwXfqL5sfRNQJGy1tonjdN7XczUXC1s4NhH","","TICKET","2026-09-11T03:20:24.0000000+00:00","27.41","24-48h","bounty","EMBER","23422.284279201333","2237.9313734374023","40","False","False","1789185970","67.13794120312207","67.13794120312207","46.02648699841342"
"39XYKtZWo9SVuqfLTo44a3aDHLh8vMBD8mrsyAtVW6PS","B2cbnjTGYFcdyJ96z32qra2xRp9dLka5WpMXsSbQGit5","","ZCAT","2026-09-12T03:08:06.0000000+00:00","3.615","00-06h","keep","EMBER","4045.6229495945877","0","1","False","False","1789182484","0","0","0"
"39zRsv8RN7tjEs3zD7imd1s2Ye8FZCmsr52ZzEbf1yt6","7XxGc7P3xEWNjqAdzLzUSaTAFMKWG2Go3g8LPoXGpma6","","FIREFOX","2026-09-11T11:57:15.0000000+00:00","18.79583","12-24h","keep","EMBER","1664.4595194746225","0","0","False","False","0","0","5.22702577485472","4.2953782487400005"
"3aXkg2KFChw22YyXKS9k37HnpJxSrKg5JWrgHmiFrYiw","D9GxyKhG98UG9SgJ5GbuYKKvsTcvp1K5trHug3MBRNo4","","ROCK","2026-09-10T01:25:44.0000000+00:00","53.32111","48h+","holders","MET","4521.179727932755","0","0","False","False","1789004998","0","7.5843151955999994","6.0699441148040005"
"3ay9Tq5LJ1nsMvS2wRqd7QgECTFcgsPpEmh4uq4441ee","BbE1h1q1SDKRqCWCThvU35nZfMmeWv7ggZRcBNShuNe4","","MEME","2026-09-11T09:18:46.0000000+00:00","21.43722","12-24h","keep","EMBER","6521.046364073049","3858.4424872835993","203","False","False","1789177315","77.16884974567199","122.44863910380539","98.0249884927873"
"3BaNvZRT7CaVJA8cUqaD1DcVYCvkw7M2AQc9Jkt7T9gz","CStAqr584EFtk7dvqL9KmVZBxwcFd67BV7XizguzW8Q4","","PWN2","2026-09-11T19:49:36.0000000+00:00","10.92333","06-12h","holders","MET","3360.25661718561","0","1","False","False","1789156174","0","0","0"
"3BbTZsu3V8HJ5UtCFTHtFv29hPxyYvjSTSbzFEsReix1","3kPjzzxLt4E11rKQd2Gm2AHZej1rZN5pvRAqVPSLTmti","","SUNDAZED","2026-09-11T18:38:28.0000000+00:00","12.10889","12-24h","holders","MET","3368.391342251505","180.01362104285002","5","False","False","1789152208","3.6002724208570007","3.6002724208570007","2.7524776008"
"3BMSAgQtn8Zn8QnUQvU7mwsDxBEQQUd1xJKcpZDKujBq","7qukDfESctLHS1q5BNyWoXgmEr8SELuCCRqBW2DamATA","","SCALE","2026-09-11T17:57:58.0000000+00:00","12.78389","12-24h","keep","EMBER","2394.217712838117","0","1","False","False","1789149475","0","0","0"
"3BSy2CXFfyyg49QKWtimaUJoiFxHShLipPHRzt7NxTAb","EvxuorWc3FQqCdTMyGZJfQYQ1BCDx8XsxU2XfEpN4Ypv","6EwWzAdPv94tXSQi3UynJQsVh9EUdN5LWmkWG7R5xgc7","COMET","2026-09-11T10:11:47.0000000+00:00","20.55361","12-24h","holders","MET","2877.4396497600324","139887.2877141853","1985","True","False","1789194956","1398.872877141853","1398.872877141853","660.988753583895"
"3CHGM9rBP4hmjMwS2qXgvXPA5xjaTBDh4URz3NNba24K","6qdFrCgVCy7M8AbJ4QrEvcaNv7zXQGXmvdCExRPGQpry","","COOL","2026-09-12T04:52:02.0000000+00:00","1.88278","00-06h","keep","ZEC","234.7906528376474","17.706327336816283","3","False","False","1789188847","0.35412654673632565","4.85825125478596","19.390062143496692"
"3cjhHReGvRCvWcSgLYmciu5CojtJdbhbrKJ4AtvP6gzW","HdGH5dqJdb9q7FG7nbv5TwNvqGcBgL1CqRrisCVUrQ87","","JUPCAT","2026-09-11T12:15:31.0000000+00:00","18.49139","12-24h","holders","JUP","4275.170843198912","0","1","False","False","1789128925","0","0","0"
"3dbFThTCffT3Ps7wS5UmyWbbG2Tk8jvmpc77ECP4UR3S","6w9N49gu8vsiYy9JJq5f48equ9u92eKB4SuH6PSAopkE","","EMBERCAT","2026-09-11T12:43:54.0000000+00:00","18.01833","12-24h","bounty","EMBER","2236.3355950827195","100.60530887034663","5","False","False","1789185050","3.018159266110399","3.2217082857012036","0"
"3DdDYGZkVypMyfCuHn3FoPA5RpcNoErqocDZnweNtsJL","3MPiVQjjHWd8dAkjQ1nU7NaHb5ZqHoxV2brzXpkT6NBM","E3pJZ6M3RJ9pKC1aDLnhrZVeYbPwRRYJHnyZNiC49VWL","METCAT","2026-09-09T22:40:00.0000000+00:00","56.08333","48h+","holders","MET","8107.789567819782","8762.15","188","True","False","1789191538","87.6215","752.479767024013","605.4548275964138"
"3dGTCMy84BPp6KkuCPNQgGXZktZdcb85L477xXwnpa2o","9BXG1PcmGcmniZj15SVMVDz32My6gf4gsGtsFEWrcFtH","","GOLDEMBER","2026-09-11T19:13:08.0000000+00:00","11.53111","06-12h","holders","EMBER","2411.502241139749","33.378006209489996","4","False","False","1789159936","1.0013401862846998","1.1568516364824","0.8189368759229885"
"3dJmGvBDLBBqDb8cwxoUNZk1oCbfPVs2GMSBsa5WvE84","48ZFUjR6bqXHZSc7H6gYpFksjCMPdosK4k3PXKcGohBR","","MELTDOWN","2026-09-12T02:08:30.0000000+00:00","4.60833","00-06h","burn","EMBER","3841.965808365591","8.251915357666666","2","False","False","1789179462","0.24755746072999998","0.26958277028134997","0"
"3DmsucbjiKHBZEgTRhd38FGwzG4Aw7owGVYPoirrTKuv","EsGQmw9V86ua6p53ToC3vm2xuwrNjWybfecEWdHhCmsp","","MIAN","2026-09-11T19:04:45.0000000+00:00","11.67083","06-12h","holders","MET","3310.2913183807455","333.1684333754","5","False","False","1789155287","6.663368667508","8.045899763867","4.828144920564"
"3e9fJKjWYWaj6DLGrc24ctXQsXhkPuNi2Nzw9npEyePu","Ds1v9VaaqqiqB4j3XEaniR8TR2WiFWMhF3kXUEu4sn4m","","EMBERCAT","2026-09-12T01:40:35.0000000+00:00","5.07361","00-06h","keep","EMBER","4037.4259365238677","243.0777453238619","5","False","False","1789179036","4.861554906477238","4.861554906477238","19.14226258841451"
"3eSeguVAKeuiXow2DnVJAm69ihCZ1bfHzBcZaH83cESf","8LM7rH1cq1c91hWnzcKNr7J1teyug2N5jAvtYKWBbaKG","","RSRV","2026-09-11T12:49:37.0000000+00:00","17.92306","12-24h","holders","GLDx","4021.9879077529886","95.54345265334254","3","False","False","1789135936","2.866303579600276","2.866303579600276","0"
"3EtctGpH4FCsoVEvVZEcdtSzE9J2yFyJprrYHUrak8LD","AEqwJRKkLFUSt1LyLsmPzfrWZQG5L69MfXjzSyV8x9XN","","ZUKO","2026-09-11T12:37:04.0000000+00:00","18.13222","12-24h","holders","EMBER","2218.5000461440577","1204.9098363660432","33","False","False","1789131632","24.098196727320865","47.41866937795832","37.93493536180515"
"3ewmV1UDpMHxKiNNFct9XNzDBDNNnqhyfxnpGqnqaiZv","4jCZeDEpmWRLs1RCqaxd7Hzco9nFpA1RnbDtJ779CTz3","","FINE","2026-09-11T13:21:16.0000000+00:00","17.39556","12-24h","burn","EMBER","2350.693680869607","0","1","False","False","1789132874","0","0","0"
"3EzB74uG2S2PmW1g243eZU9EgSFeGauSH4aBCanr9RHZ","7n6sZtcnR9w3yMJ7DuqWMfiPfxAtMUk6Z6KTyjRkrSXZ","","M3M3","2026-09-11T10:45:41.0000000+00:00","19.98861","12-24h","keep","MET","3551.36758129727","0","1","False","False","1789123538","0","0","0"
"3EzwWqGgxmpvCrqhdoLTBYJ5qFMdYpkm4724ESKQm7eA","nu6TWhZFHx7nkW4U7TXu2zuzpf9MTvCtk56sBJu7myN","","MEMBER","2026-09-11T12:19:50.0000000+00:00","18.41944","12-24h","keep","EMBER","1851.1843316848033","0","0","False","False","0","0","0","0"
"3FDy6ehSLEotkBf8XFCiRvtvvqp9Bg5ExLHYZ5fZ5AmG","BGhQsUfPri1ek6NjQtFZbCYfEsZowAXoeDhGiTJ9o62t","","WOOD","2026-09-11T12:01:22.0000000+00:00","18.72722","12-24h","burn","EMBER","2478.7782338296215","5695.275894999584","194","False","False","1789156654","113.90551789999168","352.4798249447563","285.25319617035626"
"3ffFuMZMMzspbPB4VKf7TL5oumzYKCvU8XQxoy7nbhFU","G6CyL8CA4zWkBEpxABWLemdaxpvkhDMuoFzkJZYSkdkX","","SPARK","2026-09-11T13:02:22.0000000+00:00","17.71056","12-24h","holders","EMBER","2020.0871575975837","1358.0281640651524","33","False","False","1789136614","27.160563281303048","43.16221273999023","32.71823754065828"
"3G5zqNoJwEnCD7fK6kv57NYmrhni2RzodgxnCHrWx5wx","B5Er1yFNU44YWwT96qWFH8ELxvkHrG4uRuVURUUjFp2K","","KAT","2026-09-11T16:59:34.0000000+00:00","13.75722","12-24h","keep","EMBER","2379.1080922710776","0","1","False","False","1789145970","0","0","0"
"3GGYqudfRZajH1zUJ8vnw2QmWVHvuap9t5oVs4ScZwQr","692ckXv45iDLGyZkNaEah8zG2Xj5unVSZUMnF2WAxAjB","","PLUM","2026-09-10T20:22:42.0000000+00:00","34.37167","24-48h","lotto","MET","4163.259793805233","3.2826447091786664","0","False","False","1789085202","0.09847934127535998","19.778951222473","18.987200166876125"
"3gnpQ9Rm5MHhLHyQw6yRgbvRayzuLXujRNGza9Xz5KWW","BwoPrfBx9eXn3L8ywcC1PVxiGgovp7zn5zxj8xGBni2N","","BA","2026-09-11T16:54:23.0000000+00:00","13.84361","12-24h","holders","RAY","3927.218936532729","7.897560300000001","2","False","False","1789145669","0.236926809","0.236926809","0"
"3gnWFrjBRX7Xf21YAwxrCENWRp4RUHT7a2cgsQdNnDjf","CQ6ht9N82jarneGpSk13ux2GisLcMFq5EWjsfYuSDcc9","","ASSBURN","2026-09-11T12:08:26.0000000+00:00","18.60944","12-24h","keep","EMBER","1657.3917535935668","0","1","False","False","1789128501","0","0","0"
"3GTzuJ6g9VxJU6STAVUUehYwgFc58AUVTrt45giMAEza","BzrV3HB9ds9pwnAaVRBaJiCN6Rg9CNMF6tbGQ73ckRdN","","LILMET","2026-09-11T12:14:45.0000000+00:00","18.50417","12-24h","holders","MET","3322.5246459416085","0","1","False","False","1789128879","0","0","0"
"3GYE3caX9cCCwZfSgaSEy1asvFx1YLd1gw34J5JrxAvH","4trj9tGCz9nuEnwzs6ZFwFYkLopjsvmvGt4JuSqHGbRK","","STONK","2026-09-11T14:52:39.0000000+00:00","15.8725","12-24h","holders","EMBER","2259.231238334381","56.889026852010005","3","False","False","1789141402","0.5688902685201","0.9124833724590851","0.48825787173259205"
"3gyy6cfsDMx3qnumBHWyFvGgbhZuD8taBA52qiNBTwT8","H9R5r5fLR76zXbUmkRhEKAqANcYXe6MCnXPu4mxPG5V6","","METBALL","2026-09-09T23:12:48.0000000+00:00","55.53667","48h+","lotto","MET","4784.929046474536","204.28645391460603","4","False","False","1789191254","6.128593617438181","96.45475472126898","72.948321037053"
"3HfGFivLYHTWasQzJFQ6Pu9kTWbrCpeLbmHarKkwonDG","94ZVR7skvrCJHdPwm2xW5My4yXyHDJYPMuCZr8EvVQVT","","NAILONG","2026-09-11T11:49:49.0000000+00:00","18.91972","12-24h","holders","EMBER","1898.9356289252687","3141.840738395923","125","False","False","1789133502","62.83681476791846","129.35640131921838","100.19272474577974"
"3HX58yNL8hPjk8Ck71wXwcoYbXKLxWJvnXwrhCCgJxU6","FGLU9GWsL7RbBX67guMH9kUzoYA4eEC6y4XXA7LDhciU","","METTY","2026-09-09T22:50:13.0000000+00:00","55.91306","48h+","holders","MET","4590.511427635646","1.20439783744","0","False","False","1789081397","0.0120439783744","63.26361134885801","50.60879863358199"
"3iMEB9sMShqedHTF48AdfwUwRwC6DmDgLry6kovAufAf","5c6EbXRBm17e6NR773K3AJ8kncSGTYaeeofdDH1kPqjc","","BIGJ","2026-09-11T13:11:05.0000000+00:00","17.56528","12-24h","holders","AMZNx","4041.1198689670296","0","1","False","False","1789132264","0","0","0"
"3iPbeRYLXicQVQeYp5h9vcpT5faojfb7F1BwEX9KJZCx","FiLpDCr8ghXqHHFa3KNLDzPCWPeqbcpZ7EsTjJpsBUD5","","PUNISHER","2026-09-11T13:13:16.0000000+00:00","17.52889","12-24h","keep","TRUMP","3973.3877483135675","0","1","False","False","1789132393","0","0","0"
"3JhxsKuqk2ukWPsvGGv7SmX9LUVjebud5cpjbgFDeMib","6h6rnybK3rvY9wgA5rW1MezQjVEzknJu3dgnm3sRBp75","","REM","2026-09-11T11:47:17.0000000+00:00","18.96194","12-24h","holders","EMBER","1653.4699009752271","0","1","False","False","1789127233","0","0","0"
"3jhXUoRVhzPGA7k29k23Uc2wP1ZmDmUNyXG32rc94knR","GyX5dbmM5WQ386fQsykasQXEfY5CTY8fJww4jNZSjF7t","","LILMET","2026-09-09T22:57:47.0000000+00:00","55.78694","48h+","holders","MET","5679.202051267234","46344.73803011046","730","False","False","1789172002","1390.3421409033135","1556.421003739485","1236.5669945442053"
"3jxq7DzYvBMVhKric4W79Nsbad9zfVkTcWHrYbH7dweT","5VDgprpo9QyuLz5xsmLh7sePCU4MSwcoshqvDSF16hA","","FUCKPUMP","2026-09-11T12:00:17.0000000+00:00","18.74528","12-24h","holders","MET","3250.0434926002904","0","0","False","False","0","0","36.27653194822228","28.857265497184162"
"3KiFCLecGkoLG2LhCQzY7PsAKNsJdXHqbUNaSc9u1Q6g","5mUYrNHdne7SNo3AYNEFjVEMpbrvxnwhLtrqVzwrVkZ8","","JIMOTHY","2026-09-10T00:31:40.0000000+00:00","54.22222","48h+","holders","GOOGLx","4090.5980258057048","0","0","False","False","1789001932","0","0.78339648","0.0192537596522112"
"3kSPepuaC6AiNx928bAFr8HS4N2pxe9nT4UxRQQT7UnN","ArXUunei4ggFNABAe2FNVbi2DtDsSV3Guf2ruFrKUf2n","","DISASTER","2026-09-11T11:39:00.0000000+00:00","19.1","12-24h","keep","EMBER","1703.6981120234304","0","1","False","False","1789126729","0","0","0"
"3MfPrXJCdfhRFxqJXDirasZMFwsFN51rjuzQ1CivbeMr","9q4vDwkf5mrA5CisThoPYLWXSCC9Tuncd81u9Lj5Tt68","","CHARIZARD","2026-09-11T11:25:06.0000000+00:00","19.33167","12-24h","keep","EMBER","2166.244347605948","388.4702543075182","20","False","False","1789125918","7.769405086150364","30.51014514216645","24.408116107942348"
"3moRawYdBZAko7drr8fgooSHCwCTR7mBPNLLn48JDgKo","Gz1erca1xK1Tjbnjh8Y66PHoGPRrrFYgABXaTuiNcxyR","","SNACK","2026-09-10T00:54:19.0000000+00:00","53.84472","48h+","holders","QQQx","387.371880623737","0","0","False","False","1789001657","0","0","0"
"3mPEfptEEHwtXo8bsKssi8isejU9GMzhfp9X58rJkPHk","8oax8xH5PiRrbwYNwDaD4SLec3241QiewBSwSqsaBfj","","RECEIPT","2026-09-11T23:57:16.0000000+00:00","6.79556","06-12h","holders","MET","3821.9107436617933","261.353804816538","5","False","False","1789172837","5.22707609633076","5.22707609633076","2.2301111239000004"
"3MvtMDKGy2hvwMrJU4j7uEHgoVzeoVwooPt7HhFqEybm","4Dqhp6GfDJLNMX5h8ymt6UzUcLDrKpcG4m75VYkH3Z2N","","P2029","2026-09-10T01:10:13.0000000+00:00","53.57972","48h+","holders","MET","4384.794865812782","0","0","False","False","1789002857","0","8.037614925500002","6.416467371157"
"3n1BD4QrK1GHXHC7mKKAZroQ6yWu3zNW1PMdWZ1yz2iA","7ZYxxTqL6DCkB2vHV6hNa2AK2Bf9b7LStu45i7SfWfY8","","METEORAN","2026-09-11T12:27:47.0000000+00:00","18.28694","12-24h","holders","EMBER","1873.1124223165516","133.9980309490808","3","False","False","1789129755","1.339980309490808","4.10013067607045","0"
"3NKGMELu46NTt5S2u9vz4CKf3KKW4V73LYH7Ej8gytcX","7ZuoEED9dKVSpswQQhMytRLeAJhpbMb1KqJV6F2R7v66","","METHEORA","2026-09-11T12:11:40.0000000+00:00","18.55556","12-24h","holders","MET","3270.8340862378054","83.32730475629","3","False","False","1789154820","1.6665460951258002","1.6665460951258002","0"
"3NLXuq2SAiqd58kf688wqnnJ1sma6WpqqKociLGYAfAM","Fs36ZAjdFX7jqnYusRyrvEXBEVWw526u5uMhd5Asajod","","EMBERMAN","2026-09-11T12:13:29.0000000+00:00","18.52528","12-24h","holders","MET","3291.9696887344057","0.16099272371888","3","False","False","1789128816","0.0032198544743776","0.0032198544743776","0"
"3o1fmHF7EU1dMRUvFQMpZq4hUb5zuuQ7opwfJRPN7ZdJ","FtooT64UJEWop6SurboGtipmfckhGf5ZRTRDW4Q2QS6k","","GMET","2026-09-11T11:58:05.0000000+00:00","18.78194","12-24h","keep","MET","3278.733544919024","110.006163751442","2","False","False","1789128144","2.20012327502884","2.20012327502884","1.7152790750574338"
"3o5FjAvVSPMiu1P5g8V5yNa5ifKEiX81akKVDYPUT8Xz","5jzGWEdTRHyHtwah1XWhh4sd2uEF5F7AHBo5SRWqfCZX","","HAPPY","2026-09-12T05:07:34.0000000+00:00","1.62389","00-06h","keep","MU","3994.8674508695767","297.17418246984005","3","False","False","1789189779","5.943483649396801","5.943483649396801","3.848428354988"
"3oHKq8MbdLaV4WFQ5diQMG1PNcvvMtsJhUShVd8gi6Em","BaFrPRFyzbPyeisWwoGubpXXahrBgTqbdBz9ZRFyTrTq","","MCAT","2026-09-09T23:19:38.0000000+00:00","55.42278","48h+","keep","MET","4502.946736277905","181.386122475978","16","False","False","1789148420","3.6277224495195592","35.017424579403","28.00453841352384"
"3PUgi7NyiZKDDb2usEu5TaPnuTx6Czqt8bjJQbqQuSBR","EqWwqR4JnsYqfXmZKnKhZKHPc8btGnsmz27AGiQDNLL3","","WORTH","2026-09-10T01:48:16.0000000+00:00","52.94556","48h+","keep","AAPLx","4188.977279649291","0","0","False","False","1789035828","0","15.6986352752","12.563689533000002"
"3qcqUmVj8RMgbitZcdfU1zoGGFhVfK6qnnanaVU7CNTQ","CeNSpxdKmUe9Gv6V9MUPnVhdk5LKSkg6Xmx3QqVPy6Dw","","ACER","2026-09-09T23:40:53.0000000+00:00","55.06861","48h+","holders","INTC","3895.2014697720374","0","0","False","False","0","0","0","0"
"3QJ6J9S5bQhAtrFQdhK66SbKyxJEusV5XcVnUsRegx2w","4By4W1JE6DL6PyUmTnzd5j5KNJKpQxxLu2cc3enVdnJk","","EPSTEIN","2026-09-10T00:21:03.0000000+00:00","54.39917","48h+","keep","PLTRx","3974.5341767343016","0","0","False","False","1788999660","0","0","0"
"3Qk1BXLSJPiv3sqs4Rysrxvq4ufagmUMakL4gMs4LVNx","2Mf3qYkT3Um95Mkf8yv1pzNGhj7zoAMNh5Afefrw8zM8","","REM","2026-09-11T11:46:27.0000000+00:00","18.97583","12-24h","holders","EMBER","1710.1867561755369","2155.044749972032","83","False","False","1789129130","43.10089499944065","109.17997926314379","85.14896723653824"
"3qogEwLBKkTgCKDYzv6cvfopvdqM6EEWy5s47gCWmVsD","H97zJKTN7AohJcyDXBAfcMbLGKPbL1FMn2KRpGqJigAm","","PENS","2026-09-11T15:19:26.0000000+00:00","15.42611","12-24h","holders","EMBER","1915.8440744083737","221.23155803616004","5","False","False","1789166654","6.636946741084801","12.413724260853561","0"
"3qSvXJ4FKZG1Vzzbdt1Q5K3A6uzGxGoJLaXeoQEPJBdj","9QwVnoA5Mti9zbbsJ7E78ajTgJ73BrRCpokhaRCTzTTg","","CODED","2026-09-11T09:52:38.0000000+00:00","20.87278","12-24h","keep","MSTRx","4051.1327048041535","0","1","False","False","1789120355","0","0","0"
"3qvihegH3W8jFBthfhEZGvmTzsxLixS3PyZxBHKm13k1","95WMCjRHhha9D19e9imsWCSMTXjtDEg46onxmGSRCUnJ","","UNIPCS","2026-09-11T13:10:40.0000000+00:00","17.57222","12-24h","holders","EMBER","2641.8472172975776","3087.381452374932","56","False","False","1789187338","61.74762904749864","85.84385936814772","62.83652601354078"
"3QVkFKxiTTWTCrTsxi2na1mWCSTLH4qiLWvbGCjiKWbS","2ySCRUdfH2BQ7otYX6USaweBpMzj87RUJTgRpcyw2RD7","","EMBERFOX","2026-09-11T11:37:25.0000000+00:00","19.12639","12-24h","keep","EMBER","1959.5903815016993","285.4616998435819","9","False","False","1789126655","8.563850995307456","16.64216928291301","11.520839688605298"
"3r2ohNpo5Nyrf1SoMjBpocj5kLQmqBfRUfNJ7Mx1tkT6","BmnXJPYwLmXShc2JttmYgJX7qUvtrE8VLwWWzmymrCAk","","LADENMET","2026-09-10T00:09:28.0000000+00:00","54.59222","48h+","keep","MET","4294.796691737985","0","0","False","False","1788998988","0","29.06259048","23.250072384"
"3ripEdGSku3mavri19PzPFYY3cbkmbNrkTqhvv87WtqY","EBkDhmpxPaXoiYL2AKTAHZRoiHLKVF6Xn5kTFULffcSD","","SOJU","2026-09-09T22:49:12.0000000+00:00","55.93","48h+","holders","TSLAx","4152.792352873922","243.46504407544396","4","False","False","1789155802","4.869300881508879","20.70665619548944","12.730944748957215"
"3RiQj6JPPrNsBtMdBPX9ZQ28k7qrLa9ExYEBBicaDxhV","GiUMUa5Cz9cUsuKkUwwtNtmNQRjVZCwkXCqs1cyihtDz","","AAPLCAT","2026-09-11T13:29:32.0000000+00:00","17.25778","12-24h","keep","AAPLx","4059.9325488982645","1306.6813155396806","11","False","False","1789133498","39.20043946619042","39.20043946619042","28.196446488056463"
"3RpwBV3KxwqA9nP6yJkYPBpLJKJTZigRQHDNh1axzBgx","Dm6JxxZi8d5ZG9KhuNLqthpvTqvqKkrNUJZHLicEBMau","","SUPERLOOTO","2026-09-09T23:33:53.0000000+00:00","55.18528","48h+","lotto","MET","8319.27555299084","5068.5189287918965","97","False","False","1789193236","152.0555678637569","753.4914720027987","962.3722434967812"
"3RvADco2ot1AofxJEr8WsnTJWSWuen8ANnjFtHPD5CYy","GfNos2SvayX6DdZfR7D8f4frY8FshuKioKAe3PDJkmRu","","SOL","2026-09-11T11:36:50.0000000+00:00","19.13611","12-24h","holders","EMBER","2140.286127351808","989.2784407161392","19","False","False","1789128456","9.892784407161392","17.05300040618288","10.878483085450801"
"3sBApo2oEBaWqiRtHsNqFXvRFnDREo7ibW8zuRuFyZzE","8VpZmvdFfG6FsfNPuX76KRfbjLLQi6izWSJpV29pnfxS","","EMBERCAT","2026-09-10T06:27:26.0000000+00:00","48.29278","48h+","holders","NVDAx","3936.19509966018","1.5898599850576","1","False","False","1789164037","0.031797199701152","6.332997646669416","0"
"3sfzVNgit2aKQXwK7SCcuSezSCm1PAA7vo8QcUVGYn1q","9ZgoXysywENhp99mTuZMj55JKZKzxFyJeeJr74fJpMWh","","ZEMBER","2026-09-11T09:52:20.0000000+00:00","20.87778","12-24h","holders","EMBER","6129.024079732077","19.065354650369997","8","False","False","1789124864","0.38130709300739996","0.38130709300739996","0.36414146547625"
"3skRBP2KsM5qmv6QhRSSmJpaZZ8whaoSWWEUCy6jd9MM","ynmQXmgB1o5GEyGXbF4BA2hWdWpszocgyW871WXQ3D5","","USEDCAR","2026-09-11T13:04:50.0000000+00:00","17.66944","12-24h","holders","MET","3356.827882988128","1893.9596741621453","25","False","False","1789132088","18.939596741621454","27.89024166929675","22.312193335437396"
"3SQsryAWY6H3M1ZNGQvv9c21qUJsmt2BYzUsEKZEZyTk","4feS7A2M2YvGmiMbvYHtf6VTh7msn6mjdkcUvaMTow2n","","EMBERLUMEN","2026-09-11T11:58:49.0000000+00:00","18.76972","12-24h","keep","EMBER","1724.4607607533387","117.35548919706733","2","False","False","1789127965","2.3471097839413466","7.792056977826","6.233645582260801"
"3sTUKoyV7bkHYa4CXJaSkwkXAAkFY3ABkv5C5VgxvyAn","46hZ2TdFZwTijbNFQafaCke2T2QeRhhq27zo3ax1BMeZ","","CHARMANDER","2026-09-11T00:10:51.0000000+00:00","30.56917","24-48h","holders","EMBER","34762.53006655649","115631.64266799581","1513","False","False","1789194939","2312.632853359916","3641.4714745253805","2954.9501285823453"
"3sUDYPG2fEcPSz8Skouya1d4ZDPxfUBctArrYBpKshJs","dmSaYjaRSpgTb75ZtjuG5aKqepHgkA3msSAmNPBRDEo","","DEC","2026-09-11T11:31:23.0000000+00:00","19.22694","12-24h","holders","EMBER","2343.303027844019","613.7642842420074","12","False","False","1789194478","12.27528568484015","22.09114368745657","15.76870390358178"
"3SXB9aAVxjdupPQZvpd55scTmLH6w2cbic5vfML27dgr","HZnRv8fZh1ZeRivrEMqerKHBgRRQPj9gjappMxL1X3fZ","","ZODL","2026-09-10T00:01:00.0000000+00:00","54.73333","48h+","holders","ZEC","3631.789986989425","0","0","False","False","0","0","27.429356381073898","20.60695306873425"
"3t2ZYeAAtqRSFGaKsUEjgsqif2JcyQtmHgNdGkpLJeBv","7xQScjtf7gGZXG3YC7NwRgtCGKbHnYE51B4jNky3PfDZ","","KNOTS","2026-09-10T08:32:53.0000000+00:00","46.20194","24-48h","keep","SPCXx","4102.299660748493","0","0","False","False","1789029171","0","0","0"
"3TbMAs7hHnECNTqCRo9i2MXGRedwCLQGb6WF1CkkGZkn","HLaKWHNuqvBikZZB1FZg7mxFNvH4Ye3q61mQpFhgkVYD","","GAS","2026-09-11T12:01:34.0000000+00:00","18.72389","12-24h","keep","EMBER","1775.0601506529158","0","0","False","False","0","0","0","0"
"3tpkrYuwTL1St3U9ppCXwv6pQwTnHY2MrJbotNpAaDPP","4ag3o7M3sY1mCUqtU7wvAegTFnKsc3CRafBAuqvZttbX","","SUPERNOVA","2026-09-11T11:13:53.0000000+00:00","19.51861","12-24h","keep","EMBER","2425.2829860999846","53.14324262073","11","False","False","1789146827","1.5942972786218998","2.2788789555066034","1.6738786026974801"
"3TTVzTuFn3pnN5YMYoP11UbS4yt8ZiWr8BD7GmyQyhcU","Cy1hW4qiCFpzm3kM71hyeZ8ZqgpWFubjbcVftPo9fNPv","","EMBERSZN","2026-09-11T11:55:48.0000000+00:00","18.82","12-24h","holders","EMBER","2061.7927667050367","15833.5500617744","579","False","False","1789182620","316.671001235488","602.6254018289328","474.5932654653527"
"3Ty7cZr32SnVKQrc3jYSZi37tVSTkBtb1FVjyjB2LJGS","7pBAKZQDBGuCxpUe5wmmewRBHK4y7f8xAuYrdS5FGsyE","","NOWEMBER","2026-09-11T17:13:43.0000000+00:00","13.52139","12-24h","keep","EMBER","2231.3386191461086","73.41968952154","9","False","False","1789147808","1.4683937904307998","2.1383672656909996","1.6949069962600998"
"3USzLRJd3wF9MT3UewRHUZiNjHsbVXgLDN1rnmSU1LbS","3oLhMirgHchVrwCvGV3CH7hjrmd1Vk4GP5anNyrJeeun","","REGO","2026-09-11T18:58:38.0000000+00:00","11.77278","06-12h","holders","MET","3313.527727914431","2832.941152594011","15","False","False","1789154916","56.65882305188022","68.55094534343401","54.840755894391"
"3uXSJ6XacvSwT8qTPx2ukr7PJsmoSArNmg3kS9L3ofjH","9gumJDwxZGEac1e5r1W98tgvPPFZCGxLYn2sQcJwMZFN","","ZDOG","2026-09-10T11:54:13.0000000+00:00","42.84639","24-48h","keep","ZEC","3673.5625940606137","0","0","False","False","1789089571","0","271.5723992634964","216.9113507314712"
"3vDw5V38itFR6KnScVL7hDiEvRvr57R1WgFuf7SZ2tgs","6Gtf9asJL9Cn4iFxciwa9GceXmSa74NEKWGTD6sZHJfC","","BUCK","2026-09-11T11:53:04.0000000+00:00","18.86556","12-24h","holders","GMEx","3997.7274343096256","0","0","False","False","0","0","0","0"
"3vGy4Sv3Q33VHRdPNsrcrs146Kjvmb2QenKbZNN6jkUv","8wyANcFuBajYLKQMVw5C3o2aXJdzSW4pTKVnpJqTjnJi","","DUCK","2026-09-11T11:49:38.0000000+00:00","18.92278","12-24h","keep","EMBER","1789.0197631643996","0","1","False","False","1789127373","0","0","0"
"3vuVCZmcbJfyBVX4Ev7smBwj6hcoZn5W7zQmRsEC3t73","BJEq6P6ZcSi4QmtNcTyzX3ZLR2YxTRYBXmP8DLC1x5it","","MEMEMBER","2026-09-11T12:01:47.0000000+00:00","18.72028","12-24h","holders","EMBER","1807.5150970678542","4.3652","1","False","False","1789128179","0.130956","0.130956","0"
"3WCZrGuEJ29Yufi37LNGmC2VechLqzuwT5REdZ7g9MNy","CDPGnffgZ7aKKNDuWsn3GZgNgUWSFx6M9evbG86miCiA","","CHARIZARD","2026-09-11T13:30:44.0000000+00:00","17.23778","12-24h","holders","EMBER","2621.589697484465","0","1","False","False","1789133438","0","0","0"
"3wmTtVdwcXeULyBx4oGipTvZLp2td4MTkFbFksVAhBdJ","2FgNHrQcknhHzDpyNQr5Gjmqruruo9Wu1RikkAuLuopQ","","BURNLESS","2026-09-11T15:09:48.0000000+00:00","15.58667","12-24h","split","EMBER","2004.8423612624622","0","1","False","False","1789139383","0","0","0"
"3wSCJQ9EKhKoFeo2KGpT4NK21s2yHNUNLMGJV8pygebU","FLDLGbAdjVcVPqVr7pAkTQEGymYCHRZvDdgvsFD5mSmd","","NDOG","2026-09-12T04:30:19.0000000+00:00","2.24472","00-06h","keep","NVDAx","4002.2772556956206","0","1","False","False","1789187417","0","0","0"
"3wVWqTXHeybQodPt4cn24GQJNCR4JqNxNB6tmmVJG7kG","Be2QHPbxg9kNbQvjqoLi8Ji7sAYWaseQRS6gwhSdcHLL","","DEFENDER","2026-09-10T22:52:48.0000000+00:00","31.87","24-48h","dip","MET","4409.272675158333","111.09744183780201","3","False","False","1789121983","1.1109744183780201","32.406504992898","0"
"3WZfxKUdPF9KysLJfNAFXUTMVrU3tJC4BME7ZvL1R2FE","BQayG11UHJyCET2U3mgSVM8pmNxVHYscKqCFK2e5XdYo","","BER","2026-09-11T11:53:39.0000000+00:00","18.85583","12-24h","holders","EMBER","1801.205175300009","120.74916038433217","3","False","False","1789127676","1.2074916038433217","6.62374171254","0"
"3x9f4XysD8j2MY9L9YC3666ruZMZtjTKpi5o8i8Enqzp","7ETz3m5pzz7kejwL2wQ3A7oHPwd4QSH3LjEaSSR2nALb","","METH","2026-09-11T12:09:36.0000000+00:00","18.59","12-24h","holders","MET","3305.868242984379","0","1","False","False","1789128571","0","0","0"
"3XD5v6vCk9zavq1FHP3JMcojkSFbv2QgSJBxPnZnBJQ7","96wH3R49hHvcM1FjBYF529vZ5ABMYGoBk2q6dcq84soq","","ALLINU","2026-09-12T02:45:35.0000000+00:00","3.99028","00-06h","keep","EMBER","3919.834016794527","243.0777453238619","5","False","False","1789182932","4.861554906477238","4.861554906477238","26.66269204409299"
"3YhvDtwn21MxQLSxCtY8HnFeZRx1dWuS8RDohs7pHBej","4u3ZRvpVtX153Jb7aVY2EosDUf2BPLYGUVp6YCgcgWoe","","PEPMANDER","2026-09-11T13:39:56.0000000+00:00","17.08444","12-24h","holders","EMBER","2332.673205431232","5.70341931526","4","False","False","1789145042","0.1711025794578","0.25298307762552","0.18241059263376"
"3yo1BDfR84S6SqXd5xS5j1d4i7LSpohz5vHX5xxiaC1D","7sA1AiwmyGuXnNSJRZbLQLKfCV8MDazyHNjrcT7AGWcw","","EMBER","2026-09-11T12:46:42.0000000+00:00","17.97167","12-24h","holders","EMBER","2275.404044783763","0","1","False","False","1789130798","0","0","0"
"3yomQg9fECaTJVtHU7Tp3Q7AKekWwP2ypjChJTA1TcnM","7WCQaeXX53ZLEcSureAWvXjdJuxErQJy785XDLjA1jDk","","FLAMECAT","2026-09-11T12:37:06.0000000+00:00","18.13167","12-24h","holders","EMBER","2228.944930445027","0","1","False","False","1789130220","0","0","0"
"3Yqe1z8D77BVkjsZgG6jwE4jWfNX3jqu2f6LGbNtsjuf","5Ymk68VWjVpGqWtYXf94c2CrioA7Djv7ngDsTPpYLjVQ","","EMBERCHAN","2026-09-11T12:02:53.0000000+00:00","18.70194","12-24h","holders","EMBER","1786.7116462683223","0","0","False","False","0","0","0","0"
"3YvSN6e9LAecL1tmD6jp7snwDkbaJxJZ7rQMiVyMxTmR","6RR8JBqTQJwmZvmf5XygWAtmLjNdaZNJ7v8AmUQNiHWA","","ELONCOIN","2026-09-10T00:29:40.0000000+00:00","54.25556","48h+","holders","DOGE","3901.166700452916","1957.3496054739016","28","False","False","1789140466","39.146992109478035","39.146992109478035","25.63903764444176"
"3z13XnBZgwpczby1Phbcx9wyPkzEjixWLa76ZksxpfgF","8FdG6kLTLNctDF3GQtzpsUQBvx2Ryc76VQ3LEwbjuzcL","","MEME","2026-09-09T23:56:44.0000000+00:00","54.80444","48h+","holders","MET","4334.103597019823","0","0","False","False","0","0","132.99867036109498","104.619459936684"
"3z8dVk37j1nMvMWY8iTySJ5iWuTj1Sdtq6zLDBohMkLX","CFyFQEcJfKvNDd6gxo1FpbnZimn6RZa3tUkdJtrknQMU","","ASH","2026-09-11T14:16:42.0000000+00:00","16.47167","12-24h","holders","EMBER","2136.6747975898033","663.7231576559888","30","False","False","1789178824","19.91169472967966","32.329358534747804","18.796097356014002"
"3ZM7XRM4w8zesmt3cRFxviHcey3H7SDoxSRcGiB9sN5A","Cz4rgncEye9ME6Kfuv66U6Gjh7ycYzRZYHWt5cw7fWoi","","LIVES","2026-09-11T13:25:22.0000000+00:00","17.32722","12-24h","holders","NVDAx","3965.4719311935237","0","1","False","False","1789133120","0","0","0"
"3ZUXLa1Jg2Hu5DrvgJZevxzTd4TvPSKga2U5ZXUAQUcd","4j3Rod1kAmwxPxBQFmjPLqEyh11p2a1U2aVnm5WYGi6Z","","CHAIRMAN","2026-09-10T00:44:56.0000000+00:00","54.00111","48h+","holders","QQQx","3992.0194583292673","0","0","False","False","1789095501","0","10.041319737366253","1.0185574768"
"418W2ZvFfH5FroY5LvLg1agFqTR1r9MdzNy6cBv3KmNf","4KHwjUPNbndijDS8HmphqJX3AtDRCWJBrDHjxcqCNQzb","","BADDIE","2026-09-11T12:24:45.0000000+00:00","18.3375","12-24h","holders","EMBER","1810.692805936982","154.4643187103332","2","False","False","1789142159","4.633929561309996","7.1048352","0"
"41D9MoYaab3JraygqmMFfJCTXDCVS8yXuQVX4qeHVQHu","Xp8wMvk8cdKihLYMFaiFWGnXGPikXTAerSWjVmQeCYN","","DONER","2026-09-11T16:08:53.0000000+00:00","14.60194","12-24h","burn","EMBER","2186.1703432888635","0","1","False","False","1789142932","0","0","0"
"41w4JpgDPQ5YC3AQ2NVo4eTtb6dYtZRj7YL15r9Uhbvf","4dEmTD41hybKuUNgmU3jm91PDH8qNDst65tuKhyZ2t4b","","WEN","2026-09-11T19:13:56.0000000+00:00","11.51778","06-12h","keep","EMBER","2480.2576069040883","0","1","False","False","1789154035","0","0","0"
"43R6y55YmiwHxTYCymKQmy1ao6hM2LVuu4hAUZjjyYVg","nJhTX8dSh2k9rG1qMTarACuimnqpUHa6x6vWBLeAW5g","","GIGA","2026-09-11T12:54:37.0000000+00:00","17.83972","12-24h","holders","EMBER","1971.5460375107054","7.492269404550001","5","False","False","1789131513","0.2247680821365","0.32357860544","0.25022055138551996"
"43Z59DFTRLTWmCLsJDwb55NG4ZCMHXkUrbU4PQNtZyeb","4nubpAkBL1djSXQzachBcELTxR7pcFT4jb3pnHqyYrA8","","EMSTONK","2026-09-11T22:15:46.0000000+00:00","8.48722","06-12h","keep","EMBER","4728.47566886949","242.87925731275706","5","False","False","1789165247","4.857585146255142","4.857585146255142","4.03489181543344"
"459JneAq7nCgbiZgLZ2Cx2aKEtJczRAhSUb9MEFKiFne","FQaU2nWbNkp4ghLd4PznUBFGh3HB6u1iiZ3Lco7ndRW3","","SPARK","2026-09-11T12:39:12.0000000+00:00","18.09667","12-24h","holders","MET","3273.116068199667","0","1","False","False","1789130346","0","0","0"
"45bHT1jmv3hui4E51PsBL3A62SEYP4Gx8ardDtYTRSRL","4ZYWJ2SE2UuaZziQ6xexpRJyiWFmEvh2m6F4ZnC4jA8E","","MOM","2026-09-10T15:06:54.0000000+00:00","39.635","24-48h","holders","ZEC","3839.3869660836017","0","0","False","False","1789052812","0","0","0"
"45cQsiMBgDz17tQ7vDdgLVTYZ1CBgLEEQsMkT1BGfDYi","9zJQGumdNTEmpqsics6C5PCbthWfmJVgiqGYQD1L1mE1","","GPUCAT","2026-09-12T05:31:13.0000000+00:00","1.22972","00-06h","keep","MET","4067.8493225346338","0","1","False","False","1789191069","0","0","0"
"45kAYzqSLDG4NB8Eo8rPQZdmWKHsVPvUPGzten6eZkaL","7mpXM9CmTFkjbb8r4QQFEtW7xCq98EVB33ngwnDLzAvL","","M3M3","2026-09-10T00:53:47.0000000+00:00","53.85361","48h+","holders","MET","4346.666215879148","0","0","False","False","1789001625","0","0","0"
"45Mm2RS9SyMADSd2UtEhRem5ka79pFnRWohGVTXKeqDH","DkEe71RLfeHPDHG6Tpr3kCyjJZBoo91VePuNggXBNxB1","","GUSTA","2026-09-11T17:25:15.0000000+00:00","13.32917","12-24h","keep","EMBER","2190.032747162572","10016.215965095751","15","False","False","1789157676","200.324319301915","364.8536451637784","291.8622798561518"
"46euxXyibFFEZF6f9n9qqrsjM56ybqbDmAp2FfyLQ9dv","8WPqzRSZ5wNCerC5q2BLPnXVnMQWrGAVa7dKiTGWuHk8","","MUG","2026-09-11T12:00:14.0000000+00:00","18.74611","12-24h","keep","EMBER","1704.435621095432","0","0","False","False","0","0","0","0"
"47Hk1gni9QbDVc2AeoE3TA2VK8bnacXLUKvc8TWSbct7","Gx1Svf9Q9DRz31VqT9vzBRPfBUfJen2rAn2bPPbNpxpP","","BOOBLE","2026-09-11T12:01:40.0000000+00:00","18.72222","12-24h","keep","GOOGLx","4051.5858017301985","0","0","False","False","0","0","0","0"
"47LHGVud9yyYdy3NYqRBvPovYKmmqiZxW75NE33WDF4m","6efXe5Yv5xWg69YK9XEowEXcbQUfMPCRDAuRmbq4RYyw","","FINE","2026-09-11T10:56:53.0000000+00:00","19.80194","12-24h","holders","EMBER","5857.639297371868","55974.21331119134","1500","False","False","1789187975","1119.4842662238268","2467.9209212561477","1989.6998048991738"
"47RgtAguq6oAshrBB6SWDV4gozubq3hZicLTDrnHvR9X","7B1RFxVpP9j7zF6JetcmaowSKBjApzZ5QDLqwfHKn53p","","AXIS","2026-09-12T04:17:09.0000000+00:00","2.46417","00-06h","keep","EMBER","4871.666655013","243.0777453238619","5","False","False","1789188429","4.861554906477238","4.861554906477238","10.041932667505561"
"48zrPZdhvHzpyzLwroAixPcsPWvkfFRQjSP8h811j6bb","EEJqhFWtTpQgXvoULKnnGy47eqKtvc3YSFXL1Q4TGrHF","","OUTGASSING","2026-09-11T12:21:44.0000000+00:00","18.38778","12-24h","holders","MET","3320.2214208845357","0","0","False","False","0","0","0","0"
"492US4diw9yzgrDCsr3qp8CBGRgn3CxAhcVomhr5mN7y","6F4AjNF6ESkTzbiqWEYMEjQ52HoQgrXvnjMCETn9G3GP","","PAID","2026-09-11T12:27:06.0000000+00:00","18.29833","12-24h","holders","EMBER","1834.6572877079805","8.81526569282","2","False","False","1789129686","0.17630531385640003","0.2739753335144","0.20758864370733998"
"49HCBCHsZBtfvJwBeFhKyjpyAiVsKLftQt1ZLu9ewxUT","6DnzehoiLP1MAGfKscAE1YraSx1JsG6iUZNTeJ22aFJp","","MEOW","2026-09-10T05:55:32.0000000+00:00","48.82444","48h+","holders","JUP","4194.662341496804","0.08868072864390009","1","False","False","1789190039","0.0017736145728780017","141.40316629740772","112.95743680352263"
"4a5NkoBtXv318gGQVCtKBBcwQiwdvKNJvAqnbCzAHK5z","AFbhkV8evduvudKFms767H7B2drReBeJqvMEkZg1kMyL","","EMBERGENCY","2026-09-11T19:58:23.0000000+00:00","10.77694","06-12h","keep","LLYx","3993.3311515830987","18.90387530901784","5","False","False","1789159456","0.37807750618035685","0.37807750618035685","0.2445263943108"
"4a6rBKZCcd3WRrF3iVG99tmozZ9b6UFf1W8jtstgT1PL","2X8z5qeB1XJDZ97i1Fo2Et95qkaibPnQFkbbzhGmfGLo","6wjQxkYwr766FAtemM5KGuEV7YWKQuoQYKnbQHTDGovs","PHOENIX","2026-09-11T12:34:50.0000000+00:00","18.16944","12-24h","holders","EMBER","2908.1584607477034","119151.56281470534","1500","True","False","1789193474","1191.5156281470533","1510.385287942083","1232.555180781118"
"4ALjmC8t3ePQtHMgjtRvSQL4Uoexe1Gr9gmxNbWYYxcS","C823Kefoc7N2KvVAimEMYYBXu73GogajM2PrqVhTpCo2","","MOLTRES","2026-09-11T13:03:00.0000000+00:00","17.7","12-24h","holders","EMBER","1970.0323937250737","27.984651088040003","4","False","False","1789148501","0.5596930217608","0.7919245794115","0.482752817080294"
"4ASHcT98MEMMYkWBbAcDsTwNCQ29X6pStBoUyLZpcfsz","AmFs1WRKaSszgtV1WEtMBTcSch6e4YNjXQ2Mc3n7G2dt","","JAM","2026-09-11T12:47:30.0000000+00:00","17.95833","12-24h","keep","MET","3274.2199751202493","200.82565184154203","5","False","False","1789134410","4.01651303683084","4.01651303683084","2.985615388452641"
"4aTnSqNamSVLpx2zAcdUDYhA2Ta1233DjpUcFTDqwxK4","HAvHXi6Adh37Fx6cEmPk29AdeYzJPSn1RgqVe7ZetQaP","","HOMELESS","2026-09-11T10:17:48.0000000+00:00","20.45333","12-24h","burn","NVDAx","3978.4945037261973","0","1","False","False","1789121866","0","0","0"
"4AuUTCY8adt6QaBTqrSgSCX58o9Xxc3zeRJ9C4h2y1P2","7kTNoFd8drJYaatezfu1e1DhP18TXHQ1f4A4cvKtZAQy","","DEALERS","2026-09-11T23:23:18.0000000+00:00","7.36167","06-12h","holders","NVDAx","4010.94777494081","0","1","False","False","1789168997","0","0","0"
"4b7E9g25piAFMCQ2iWZkhbwxbygoRdXgA8dKAGUDfeFz","5RaXad92ndQEdfcQkEFe4vbtqrY5LgqKCUEQN5ig3fbH","","ES","2026-09-11T08:39:55.0000000+00:00","22.08472","12-24h","holders","EMBER","8216.008562669977","100.24564741464633","7","False","False","1789183545","2.0049129482929264","2.77064375391785","0"
"4BC4wdqRJbkC5rykprgq3XiFHpgj1kpsnK1K4y1oyoiL","51T4bQmiJax7bQT3ajXrcjegDxw4mgC78ZkA8YCvxx7Q","","EMPEPE","2026-09-10T19:50:13.0000000+00:00","34.91306","24-48h","holders","MET","4212.787968450531","16086.799390825357","278","False","False","1789170344","482.6039817247607","482.6039817247607","363.490838755242"
"4BwTK2V3npY6BzktJZTbaXDeN8goCye8iCMra1Z5T8zo","8gXzbTaU6YPpcBVzmagmXkn4psyuWT2zZar34WXE5y2c","","SOL","2026-09-11T11:20:55.0000000+00:00","19.40139","12-24h","holders","EMBER","2431.318365167466","14403.631416416769","524","False","False","1789180267","288.0726283283354","867.4567897329313","685.847284666228"
"4bxnxMAdVgzn8v7fzPrHUz6fvtWRBQxTNUaCU5NQ9tSX","HaFZZWSXGGoXr5gd5yqqnz7dmmVjRdDbyYoN6uhbiHfT","","FLOUNDER","2026-09-10T00:12:43.0000000+00:00","54.53806","48h+","holders","ZEC","3630.043845215345","0","0","False","False","1788999160","0","0","0"
"4ckwBpwVfzgsFfmbShNb36WRenEdBP6ZZfPueUtg3TnE","94gTUmiqwHN7DwkBwp3NggxA827u2ZBWMzDSvQudH444","","TULIP","2026-09-10T13:16:17.0000000+00:00","41.47861","24-48h","burn","NFLXx","4060.885134116322","0","0","False","False","1789046175","0","0","0"
"4cRXncPaNr2fojW4MAzZAzdbvYEcyK9EhfMjVfkRGGQ1","LZ24F1Mp439JjcbTvHaQMoGhiWPbviQdtQC8unatNCF","","SLOP","2026-09-09T23:56:42.0000000+00:00","54.805","48h+","holders","NVDAx","3923.8390621451194","0","0","False","False","0","0","20.924287684007503","13.400449444539126"
"4DBv7qT8hpxr7WYb7XoWypGxoEsk5YqkRhwQZUagkzao","2shTgmBJaYa5dNv63B8h2FYvVUrjXE9PLYrE7JJBYbcZ","","MERCURIAL","2026-09-11T10:30:18.0000000+00:00","20.245","12-24h","keep","MET","3591.5105820112494","0","1","False","False","1789122617","0","0","0"
"4e5JDrjgQaDt1SzfWAkQjaregxpE39wfBsgndKjkaYRP","9c3dNY5hkwi3m8PyHtiksPw8dZWERjCa9NDmVc7xc8Si","","LWAR","2026-09-10T01:20:38.0000000+00:00","53.40611","48h+","keep","MET","4399.803943435686","0","0","False","False","1789003423","0","4.6854424197","3.7483537728000003"
"4eHyDTrejsWwdpcPyJwSWZQ1aNbN3aLg427kvZEn2VEr","9tsSD3DWbp6K2WnXFr5jUBCo79cziVJhCezBGDpDzjPA","","KILNLET","2026-09-11T11:59:32.0000000+00:00","18.75778","12-24h","holders","MET","3263.566339445058","0","0","False","False","0","0","0","0"
"4ekGAg4eK2Qhfc7ZJ3GwUzeCGcNYBj1FYBhg28HyqAKu","Hj717NSuxhNF4vnuck4MCbEYtHty5XPpWUn8C8hmKPMx","","CANIS","2026-09-11T13:25:08.0000000+00:00","17.33111","12-24h","holders","EMBER","2412.5948837467104","0","1","False","False","1789133099","0","0","0"
"4EXtVuEv5byh3vWMt5K4yPFxyjSP1yd5UuVicKeBUhVY","EdSNPu8BX8nhF4Kc6n84HCUuBmFFVkGVhGKyvnbApDjt","","MEATY","2026-09-09T23:47:17.0000000+00:00","54.96194","48h+","holders","MET","4361.415011502498","0","0","False","False","0","0","41.462611277871","32.438627739441"
"4F1sFAf49xguv4S6YqAjCGWuJLMYfWoxXrTTSsQ8aZu1","GfsLivfUJMatrcJ4rrvq9WrAGyVoaD1afKC8r8TnLio5","","GIRL","2026-09-11T11:22:56.0000000+00:00","19.36778","12-24h","holders","EMBER","2634.817906798739","6472.662706443211","171","False","False","1789169172","129.45325412886422","213.18851282179756","175.3753534565482"
"4fY8D2diSfZZocYTXTPj1G7tDqUNcTGxNPfNNVzxJhwU","FURqNpfpGMa5SHVMcaUJqqtU6ciFPkzereAEAAbNXZhq","","HEARD","2026-09-11T08:34:18.0000000+00:00","22.17833","12-24h","holders","EMBER","8353.664896360375","97.17191433720451","6","False","False","1789149410","1.94343828674409","2.7736317089717","0"
"4ges1iYfQreoaRxNJVEk8MZhftyyUK5u1eKqvNips7c5","8ou2VswkESYojG14DEVSS2PTJy7irUr5jaNuZNqP9Ycs","","CRIMEMBER","2026-09-11T14:13:28.0000000+00:00","16.52556","12-24h","burn","EMBER","2122.840141479211","0","1","False","False","1789136006","0","0","0"
"4GQTg7Fs6bT62Hg8dY8nKXHP18TeTyjjEwQM9DXEVymT","8GRgi5un5RCtJkLWc5xZCXxWgs9ZQMc4Juan6BM8odUm","","HYDRA","2026-09-11T13:21:31.0000000+00:00","17.39139","12-24h","keep","EMBER","2350.693667874186","0","1","False","False","1789132890","0","0","0"
"4GyiPbWPQYHyou6GGU35A13f8WUJVi7MMoHXBbDYLEkg","8DwPNXNDCM5VyxvRqNB4sJSsNmQnxBfrJBjwqbTQiDcu","","PHOENIX","2026-09-10T00:37:12.0000000+00:00","54.13","48h+","keep","MET","4348.767069494287","0","0","False","False","1789000629","0","0","0"
"4HGNXrHzAehG2B4M4ZqXezzkzpUZXUUz33rqVskF7Y97","5qDXyRiBGWNbgxrmF4iahtbnhNAHog1Px5T3LcGPY5GL","","MEMEMBER","2026-09-12T02:32:54.0000000+00:00","4.20167","00-06h","holders","EMBER","3646.038102424071","243.0777453238619","5","False","False","1789182171","4.861554906477238","4.861554906477238","2.83327917698025"
"4HgYZtCGaq5ZEXnkSWXoiPyUQNQix1GfLVVFXdXhP5w1","23oA19jX8mkLaCdL1g4Mcwc1j9MAMuHNWLWD9XUk6rgi","","CHILLEMBER","2026-09-10T09:59:40.0000000+00:00","44.75556","24-48h","burn","JUP","5066.9961057581395","9158.313834254697","119","False","False","1789159067","183.16627668509395","235.3582336914026","189.70868296443172"
"4hhCAxcvaNLUEwyPcCe9EwqapgarY3g7QJQYeKwc56mF","9qqXkX4uBEDt4kMcmZKwYFLi46gfQoVyENc2Hn3w83oG","","FIREBALL","2026-09-11T11:59:30.0000000+00:00","18.75833","12-24h","holders","EMBER","1706.152152805808","1633.653193262035","72","False","False","1789148131","16.33653193262035","39.8631693472975","31.890535445799607"
"4hRhzE4eKvx4cyev4noFHNrw1fSdNsQD95V3dhUMi3ZZ","37aVa1XA12nhnweosqk8WdGNCcQmXmpt6H6XkcwJNNL9","","PHOEBE","2026-09-11T11:28:03.0000000+00:00","19.2825","12-24h","keep","EMBER","2153.7616021155386","0","1","False","False","1789126082","0","0","0"
"4htjYBRNX5JRHzTCemCkpZXnwnCFgkemf3aj2its9W8w","CFZNZ1NYeXwXwBinsExEmZdcndbTssGKor34zqCXUaTA","","SFE","2026-09-11T13:44:59.0000000+00:00","17.00028","12-24h","holders","EMBER","2484.8504255360426","19338.852430383304","466","False","False","1789188836","193.38852430383304","311.25691922060537","242.78372404778432"
"4i5LSgdSKJjAdxuupvBX3go9zWBsq1kVFMSFTokj65TL","333eDECxRPMk3Q8xaZMUhUL7QyHvauNcvzRBMGvGHLf6","","CANIS","2026-09-11T13:22:49.0000000+00:00","17.36972","12-24h","holders","EMBER","2403.92166733243","0","1","False","False","1789132967","0","0","0"
"4iEYeKbauYBEJtyAwodnfTnp4X4oZtpVwkmMvhfb9kAK","7npQLESqA7aKeG4BW2gEvnYoAsj2kXbxaSKjqEKzWUV9","","1EDGE","2026-09-11T23:16:51.0000000+00:00","7.46917","06-12h","holders","MET","3747.9583011573486","991.8134696374065","27","False","False","1789170410","19.83626939274813","19.83626939274813","11.92001323648738"
"4iL6qbvqdNZNKVxqw14n1uAsVNQqHhojs7W4Xmt2cUJq","7ekHgvbQn5sbcyqRSEtLKs8p3qj2P68DTKJQbe9eTr4z","","CATIE","2026-09-11T11:28:38.0000000+00:00","19.27278","12-24h","holders","EMBER","2198.9010566438055","407.80764537712736","5","False","False","1789126131","12.23422936131382","39.804517201191594","32.24494637778158"
"4ioPUbtiV3jYrVXUzYrrQYmFeRovMsw6fzaVmFz3qbXx","5uQPcwAJgp2cpyKkpKuqiUH8LdGdrfa23S8JLcEzVAvC","","BENCHOW","2026-09-10T01:10:45.0000000+00:00","53.57083","48h+","keep","MET","4521.353898198724","1511.2385306047552","17","False","False","1789186382","30.224770612095103","30.224770612095103","23.106706447914082"
"4j1EY9C46p1WnFud38xJ5NL6QcGr3W8ZsRrgomh24ipV","GH3Rjd5898BjECMLksg53nzWgZxnBubbJtZCtb6hCdkK","","EMBERSZN","2026-09-11T12:06:57.0000000+00:00","18.63417","12-24h","holders","MET","3256.1128507582066","88.358364414642","2","False","False","1789128910","1.76716728829284","1.76716728829284","0"
"4JbjHGX9WXfTgyCTJtCGBd9BdBEney9By7kt57TpCA79","2RHnCFvjRt6yHFHHcRLuJM5S3cQ1cA3HmGC5Sqx8qj3n","","CHARIZARD","2026-09-11T11:52:52.0000000+00:00","18.86889","12-24h","keep","EMBER","1764.226310032377","39.28024326693","1","False","False","1789127602","1.1784072980079","3.8212552039158","3.0952732837446004"
"4JveQE4wPS9ynuakFKDgBMsj3WhzvCizx5GUdtYQEWf7","kyBJtUraQxV5QjwmHHfEwxQ3urds2eUx6zciCXQLYPP","","SPCX","2026-09-12T05:17:44.0000000+00:00","1.45444","00-06h","keep","EMBER","5414.237874187327","0","1","False","False","1789190262","0","0","0"
"4JwCHE91F1DwRScbkupa8nB6qJ1L4DiqGJY2m24assWU","E6ywx7NaaXRzzH7T1XXGPLCCwqQ1izUxogu496vYSSzL","","REBME","2026-09-11T00:29:08.0000000+00:00","30.26444","24-48h","holders","EMBER","18167.804487821788","214.77143372086837","7","False","False","1789133478","4.2954286744173675","15.00292882855318","12.020524087858002"
"4jWfknY3sXLMHq3B8G4SQbk9GSCehWXDDWEPWbU1ywpe","7ciTR9t1iffRuPokiUne5oboZYVgYP4py7NHcToTyURK","","FIRECAT","2026-09-11T12:43:37.0000000+00:00","18.02306","12-24h","holders","EMBER","2232.806285638106","209.30930921921245","11","False","False","1789130724","4.1861861843842485","11.27725739695717","8.925708813333321"
"4k2dnGGsnuV8ozWxkyyvYUXyjYpbKWWs5KLnvx48GLCF","2Hf7fh8RzbYWso68ZRPcJkUVQbv3TpKUzSzrh1bhzqfW","","FAKEPEPE","2026-09-12T03:37:54.0000000+00:00","3.11833","00-06h","keep","ZEC","236.5137470175129","17.812777675576267","3","False","False","1789184812","0.3562555535115254","4.873490061574611","3.89878298621674"
"4k3XXFrLazeJNNSmtWKyxvtv2vRcDd8prKzjDjybmt8b","4W2WYXaYaePP1Ai8WjmZcoUt5os97nANLgkbK5JenEao","","EMBERFROG","2026-09-11T12:49:17.0000000+00:00","17.92861","12-24h","holders","EMBER","2133.404967235201","0","1","False","False","1789130955","0","0","0"
"4kMasYo4SNLSJ2G9kX9LpLE4VStrtL3HpHCinWvc9Qa3","CR7YMKketvkZ5VUnGTJEohc48P84QYkiFkkTfPKsYPhk","","GPUCAT","2026-09-11T14:39:18.0000000+00:00","16.095","12-24h","holders","NVDAx","3984.5031211886144","0","1","False","False","1789137555","0","0","0"
"4Ko36L6ws26xQJG7sr8VtwtZNmD9VNVHYnjcgCwX9CFi","HQ6BV7sNdCudYMSCtF6452yMaASqZHcJhJQnhS3Cknnu","","GMBR","2026-09-11T15:00:56.0000000+00:00","15.73444","12-24h","holders","EMBER","2152.1953869674985","0","1","False","False","1789138853","0","0","0"
"4kyuPrpnHCa5rjaZoQQhQyEUcY1DCnhviNDXg6hG4F1A","BsQ3bb6W3NmQy7rLFSNQPTko7Vye8Yhu6F1XtoRc2g4E","","XMONEY","2026-09-10T12:03:06.0000000+00:00","42.69833","24-48h","keep","HOODx","3937.844891817425","0","0","False","False","1789041784","0","0","0"
"4LHaQPge6NSPa2kdpzePacafBSV7m1J9pWxKtJfbFbPX","GW5ZGcHRf4rLVCZZucNMCEEDxPL87aY3VyFQhHoGFoCy","","CATEMBER","2026-09-11T15:09:28.0000000+00:00","15.59222","12-24h","holders","EMBER","2183.419705455367","123.93348004558302","6","False","False","1789144728","3.7180044013674904","5.28929323999024","0"
"4LSkhKD8DyXseVYMk4KnG9JrzLEj7QRZBRpUR3GFuWrX","HUcSVHW51865HzESJrN9dcytcXzAULoQcFe41kKFQ8W5","","EGOD","2026-09-11T08:33:24.0000000+00:00","22.19333","12-24h","holders","EMBER","7890.828148141753","72.28382871808","5","False","False","1789148997","2.1685148615424","3.3659638692896703","0"
"4MjrGwD4SpjVN6JPZJfmHCUmnJynoTz56tbzCX71SxE9","rQdcRsLWzH5LvLQWUbf3EqyXAd6Mv3z2DHwTzwXShPc","7XP9mvZbdPkg62EkUPLE3aEBrqCTMU6Ee1z3gEtkMDzp","FINE","2026-09-11T13:49:16.0000000+00:00","16.92889","12-24h","holders","EMBER","2601.895896985001","110896.13710296876","1580","True","False","1789191560","1108.9613710296876","1108.9613710296876","1042.6913455326276"
"4mXcJi51GHzEpWF8UBX8FrySjNF6kpKuJy752nThuvam","BLKoRM2n2S3H1SmDc1AkbYGFytNzr7UKD8bUHdzTYBqo","","ALLDOG","2026-09-12T02:50:27.0000000+00:00","3.90917","00-06h","keep","EMBER","4058.138565480381","243.0777453238619","5","False","False","1789183225","4.861554906477238","4.861554906477238","36.04112072924934"
"4n2PUGLfJKLKpSVPK2AjQi2aXHHiUWikGiJVEHB3KMC3","5Sb3fwgg1PQxtw11tfNceAmoy4TRrneSMwRdU9jqE3uJ","","JUPEMBER","2026-09-11T10:51:46.0000000+00:00","19.88722","12-24h","holders","EMBER","4436.914327176341","0","1","False","False","1789123903","0","0","0"
"4nkDGABMP38t36B6cMDC99nv2oXcYS6o46e1YooCMdwr","3dUo2DHhZZsqRWKnKqz3pf8UKoMLHXTJ3SeM4Mo4RvMP","","EMBERMAN","2026-09-11T12:11:12.0000000+00:00","18.56333","12-24h","holders","MET","3267.249098175613","0","1","False","False","1789128667","0","0","0"
"4o7HzybfL96zz2kmmHKRp7SKhSc7kpQ8voT3QM8WMBvn","HrvP4CBr3KRcSvXdpeC8PZADtsELdxf6G5C2rdueGk5p","","PUNISHER","2026-09-11T13:08:25.0000000+00:00","17.60972","12-24h","keep","TRUMP","3950.966171612377","0","1","False","False","1789132100","0","0","0"
"4oaPvQ2dE4SpjSHdZxWDMYxiT9E7ftZuGeQEKov7A4Fx","4AZynt9Mr7WLdaqgEcR8c8dYY3ccVrJgjCeJePXpvsdm","","GPUCAT","2026-09-09T23:34:45.0000000+00:00","55.17083","48h+","holders","NVDAx","3922.4363125054547","0","0","False","False","0","0","1.4128739928699345","0.26505167791218004"
"4oBLWa97SV3ydr4bkaJBpZUAgvxL6vuvkLXgbo2gi1bs","DEdNYNg3HNSveYCgv7fVLGa8aYqfUuhgGAxgCcuMH9te","","DOJO","2026-09-11T12:06:06.0000000+00:00","18.64833","12-24h","holders","DOGE","4116.879889398036","242.16435407202025","6","False","False","1789131226","7.264930622160607","7.264930622160607","0"
"4ofXEZVpJ8X1iUPu4FXQtLpgDR9J46qEbaR8FeC7s63f","68Tzg6HQZ5HPbn1M2mMDPqsKPijwW4RLL6zdkLuNNGnv","","TUMKS","2026-09-12T03:37:29.0000000+00:00","3.12528","00-06h","keep","ZEC","236.3858199320835","17.812777675576267","3","False","False","1789184812","0.3562555535115254","4.873490061574611","3.89878298621674"
"4P9z2ux6BdS96Fa2nrNYxdgyMREzekVLv7mVA54sLDQq","FZbeLrhn36NL3gM85XWSDAkuP7mkGozX3sTsNCQPdTPG","","SLEEPYTRU","2026-09-12T00:10:25.0000000+00:00","6.57639","06-12h","holders","HOODx","3979.495336323318","19.409251876293904","3","False","False","1789172062","0.38818503752587813","0.38818503752587813","0.25179941602392997"
"4pHQGNRU9UEsRseoqE58YT3pCoQYC5o8VruDGaLpdB27","96gQ4VcM5sJLQFhBCVJkZ8H4B815d6reKm95kJ7GCQVC","","PRIVATUM","2026-09-11T23:05:35.0000000+00:00","7.65694","06-12h","holders","MET","3700.6405915127766","809.3787446542153","14","False","False","1789169735","16.187574893084307","16.187574893084307","9.770720526535"
"4PK8rstgs9MXZijRwGws9JWnboTm5sDbtW7qMJx1mUiw","Dp8z2NuMPq4fUsV338xsjMW1F48Mjjx3L8zBnfbzx2Yh","","PEPE","2026-09-11T11:34:26.0000000+00:00","19.17611","12-24h","keep","EMBER","2161.5293280455844","0","1","False","False","1789126463","0","0","0"
"4PLeZzQi6pptwPvMZ3qan286hoENd7gsJ4sVfzVpZ1iu","3WpgM9pkQYBJxTe8MZCnVmn459gi138Z4kmDzbn2mvUB","","EMBER","2026-09-11T11:34:38.0000000+00:00","19.17278","12-24h","holders","EMBER","2206.831591278733","548.0790392014505","12","False","False","1789186691","5.480790392014506","6.5578835618581905","0"
"4Pu7C4mqEVPcfHrP6q3VaooMdnXUsn3Pb5GJJv5Pc18L","D6urxEodmvj3LGCj1rzs3rDB3yTrx5y3zxN5Li8WF9wN","","EMBURN","2026-09-11T11:57:47.0000000+00:00","18.78694","12-24h","burn","EMBER","4055.0145588753103","28478.75645814221","966","False","False","1789194713","854.3626937442663","1633.9644488708618","1298.1974732391939"
"4pwBySh8FuaCrFsBddqz9iEVgdXb9JFdb3JrMUFUAqwS","RudafsjLg5vvicBnaRthfor15mPmfUsYHG5GEuJZN1x","","ZEMBER","2026-09-11T13:13:39.0000000+00:00","17.5225","12-24h","holders","ZEC","233.09052330788003","0","1","False","False","1789132416","0","0","0"
"4QBLTmji5eAsUGKDRczzCp4cERdt9ZR7tujzcJtEnJcc","Aot1eXtneax1qgbtCY6Gk7sVDqom8X9Vzw3Z6LYaNXVx","","GOATSE","2026-09-11T12:28:39.0000000+00:00","18.2725","12-24h","keep","EMBER","1907.8502274664165","0","1","False","False","1789129714","0","0","0"
"4qX6BAnSfWsyXSycPsPpB2XxrgvdHkms82fHNEvjMAca","9kgcz84cD28YHY3kE7eFXyord6pVie5H1jR2NHPByvVq","","CNET","2026-09-12T03:57:06.0000000+00:00","2.79833","00-06h","split","BACx","4000.0003041486434","0","1","False","False","1789185425","0","0","0"
"4RCHvJuxnjdP4QEQDihJ2kr26dPqPH9CfG3wh22ogcxN","8biismAZQ4qzqRKDGKrh5NT4eRxkbShmtJzAKyEfAQGa","","911","2026-09-11T12:51:01.0000000+00:00","17.89972","12-24h","keep","EMBER","2057.399520367785","0.7795","2","False","False","1789131070","0.01559","0.01559","0"
"4RGjV5sw3aYAWKtVBAQA5L8qbcW9zKpGzjjvCEeTh9V4","FbRf4Bh75R4ZUDKzi5Aiz2KZmqF6y1M11iaqiJcGyQpF","","EDOGE","2026-09-11T13:08:24.0000000+00:00","17.61","12-24h","holders","EMBER","2083.377911309227","147.27786352003443","4","False","False","1789132125","2.9455572704006885","9.1781689599","2.16853283043366"
"4RQhEgRJUBq442EfLvemTCFCVjFisVxXUyz3EyAx8Zsq","H1iW9ZSkTG9u5UvDtrq59ZQ1KaFcQzbB43u7xDszwN7o","","METTY","2026-09-10T00:31:42.0000000+00:00","54.22167","48h+","burn","MET","4359.301856565811","0","0","False","False","1789000300","0","0","0"
"4S1w9d7RJJGeFUf3x2JM3NtnhuStkZj8bS4XcRq5Liqa","Ayc9KBgwqVCWSamhAFUonkwCR4L7Kox7U6HtHSW9o1Dn","","RIZEMBER","2026-09-12T02:22:04.0000000+00:00","4.38222","00-06h","holders","AMDx","3946.779170973321","0","1","False","False","1789179721","0","0","0"
"4skshgy8Jz3aAW18PGcpgAmk4iBHzVL5QvNyJzKiHvee","BFagLdbZMvaPnzS7pYmDQK5NnptqxAymsgcz68tM1XYC","","AAPLCAT","2026-09-11T13:31:53.0000000+00:00","17.21861","12-24h","keep","AAPLx","4053.705359387091","0","1","False","False","1789133512","0","0","0"
"4Sn8tP26ZY7Kn2DvuVUhV8Y6qXaX7t2xaA496bx9dPjj","DQt9oCjt7jWkex28sWTa93T2suu6ShzDk8nvRDo89zW","","FIRESTICK","2026-09-11T11:53:02.0000000+00:00","18.86611","12-24h","keep","AMZNx","4049.2916192871007","0","0","False","False","0","0","0","0"
"4TEgRCKXyvuEuuzkEAKva4rapC2n1WMtkAnQurnbLmuo","5QCP1PMFrZhZgxY8CBT2RGXaTafs1BG56GBb1ZmrSgtf","","STUNK","2026-09-12T02:43:39.0000000+00:00","4.0225","00-06h","keep","EMBER","3778.0178274983605","243.0777453238619","5","False","False","1789182816","4.861554906477238","4.861554906477238","3.0578244978752602"
"4tkVFACTBh6X6azm8T7So5KpB2bMa1oejPw62SHJmNBG","5TQPXNWEfqJUiaeXm2CDw8zG5JGXJjiYED4vaDajjmAx","","RUGG","2026-09-12T06:11:32.0000000+00:00","0.55778","00-06h","holders","ZEC","237.80282627478772","16.98280000115635","3","False","False","1789193612","0.339656000023127","4.62257543807972","0"
"4tvMaA9a66KBRgB9qi15E7o5wrzTeHp6ueKj5GvX1Lqv","A7aKQBkMhXrXTEz18V6YyU5kwfzYi4cZA5MY7m9xSjwS","","ASSTEROID","2026-09-10T06:45:17.0000000+00:00","47.99528","24-48h","holders","SPCXx","6526.40355456602","29859.090274459384","334","False","False","1789193798","597.1818054891877","666.1132710451867","522.7627008279404"
"4u73Pwv5BP2tuKdLFZoi2evGErq7KbH9ezb7FP4NBndR","HtCQ7v5T55dKV6inoY6GbfRUKtr7woq9AZ3St4NTFbH9","","METCAT","2026-09-10T20:38:43.0000000+00:00","34.10472","24-48h","keep","SPYx","4033.2689267917413","12.19019673168","0","False","False","1789074639","0.2438039346336","0.2438039346336","0"
"4uDCmiU2EMFEdx8zKEF94z3jhxXJE4ugFPq9HNkYmrh1","BMaR9LS2G9NifzBAALKUxhqJ6YvxveMy8S2vBYaasuQh","","FIREBOY","2026-09-11T11:39:44.0000000+00:00","19.08778","12-24h","holders","EMBER","1678.820608054784","3797.879492854571","134","False","False","1789130124","37.97879492854571","125.29974690339506","98.24647055528791"
"4UrfduaeTqt5y2EhWp1DyRHYJiHiyW4Z4xmgMWzTJSU9","5ZnaAW1yo9ZV1dcKDdAjbboFjiGC5TbdRNhofcqHSakG","","EMBERJAK","2026-09-11T18:39:07.0000000+00:00","12.09806","12-24h","burn","EMBER","2164.264880351966","86.47493965503","6","False","False","1789152259","0.8647493965503","1.2577884469244398","0.47798991510690003"
"4utxkJBz4Q4xR6XZqaYntwZbaYbCQGTYPSMrSymzjipC","F5b4uofuZy744C2mq356ksdaCcfo48McQWYqFsejpDcK","","MOONV","2026-09-11T12:17:14.0000000+00:00","18.46278","12-24h","keep","EMBER","1940.5637354046123","0","1","False","False","1789129029","0","0","0"
"4WGJQSH3WQRLWrj13FNXJa7wvL1y7fEfuTFrkdNxSqvW","Dh6MDRxi7AKixdoUcHS6BPkMevBeMeTx8zp7SeVwFXo","","MOUNTEMBER","2026-09-11T12:03:13.0000000+00:00","18.69639","12-24h","holders","EMBER","1786.711643460671","0","0","False","False","0","0","0","0"
"4wQ6kUPYLLSBbXYM12MF4c3YUiAHyifLkzKjK48Z7aJo","FhT9qG4MQUFCuDTGeBJPthAicMxtaqQjHwnRAWSAwyv4","","ACE","2026-09-11T13:25:09.0000000+00:00","17.33083","12-24h","holders","EMBER","2351.9907650658533","28.073788207010004","1","False","False","1789133146","0.28073788207010003","0.77848686482028","0.486786451053736"
"4wx8Uvk8bF1dc72hFvtNqrqcbPayoaV9QXnr6jHsSkca","7Jd8FUwbt1dnw4exrsa4PUDYv7KWKzNUiofbSjc9bbkp","","HOTAIR","2026-09-11T11:20:59.0000000+00:00","19.40028","12-24h","holders","EMBER","2274.498096758167","1200.1265619562364","28","False","False","1789130676","24.00253123912473","114.79880132927036","87.796353543728"
"4xEu2s37Ce4Efnaby8MSpbWHqsr2MXPydr8JAwnKLNjf","3jtwVnB9YZv6LQ27g2tYLYhyNvWqjBVs1nxyPS7EB4Gf","","EMBERBULL","2026-09-11T11:26:09.0000000+00:00","19.31417","12-24h","holders","EMBER","2125.053484540929","2098.3226692790813","61","False","False","1789127747","41.96645338558163","62.19519457368103","44.772854418525824"
"4xgh1SB9yHFFmTt57yw17YSaAi3Gy1G2kqaY4zeshs2b","EZRivASxXMMUWwQbiqsa5GQ1A1bqqcauVFsj76o6SVGd","","TRUMBER","2026-09-11T12:16:42.0000000+00:00","18.47167","12-24h","keep","EMBER","1903.6991153785812","0","1","False","False","1789129000","0","0","0"
"4xh2yGXAQvRCWHvd1aCf7WFBP5CgKzUxFF9DwX2MRTxn","Q2kebN1BdKBzSu564HW1ygLcCku9HwW7W42PWQkHBri","","EMBERMAN","2026-09-11T12:26:39.0000000+00:00","18.30583","12-24h","holders","EMBER","1864.9284661224383","0","1","False","False","1789129593","0","0","0"
"4Xhihx45jEJTTs6UVHEKibkTt5BZN3Zd5DRuHXHmv7mf","Fm2aUEC7x38MF5EmrHvo4WNyANDjvUwwXNdSdo7Pbuys","","EMBERCAT","2026-09-09T23:41:00.0000000+00:00","55.06667","48h+","holders","MET","4649.687032352188","298.89540618497006","7","False","False","1789148950","2.9889540618497006","14.012877496761","10.242369771876193"
"4XQQRhDGZXu8N4fsAC6MMdkSZMxQjy7dxfWm3hcxhzdd","HSRPQsMp4cgQrjGXboY32WCrhTDiRf1F27BowYenGW2E","","PFS","2026-09-11T19:15:47.0000000+00:00","11.48694","06-12h","bounty","EMBER","2441.303768942969","5.43435410879","15","False","False","1789155947","0.10868708217579999","0.10868708217579999","0"
"4Y9Szukyt1VjuaZeNs337fgZwpebi4AhfxTKVZX1ErWn","Dk2tnUSZLsB4ADNu7Nyx6N8uuETdGrtgkKBwxmXZNv1w","","AICAT","2026-09-11T11:50:49.0000000+00:00","18.90306","12-24h","bounty","NVDAx","3982.956828130184","1765.8353187552361","19","False","False","1789146085","52.97505956265708","52.97505956265708","31.5461111604978"
"4YEuCNgQ45aJ19NeKGSVTMXEWqaC5FiBYGhbb2SvVPA7","2v1G3buKM73J4tK4J4VTksofxt7ZsyYMTEuvbZVa3fSS","","ME","2026-09-12T06:00:17.0000000+00:00","0.74528","00-06h","holders","MET","4066.1276840896094","258.75413171875397","5","False","False","1789194616","7.762623951562619","7.762623951562619","2.266245164464"
"4yrcqCvDaBSAEfRdzdeEapvTSmbJrTT1D5NrvdgRSnjM","5SazF45fy6NjkRtk9w1gdxrUfHws7qHdJc6CN7zXzxwt","","FLAMECAT","2026-09-11T12:55:25.0000000+00:00","17.82639","12-24h","holders","SPCXx","4010.644303901219","83.61361335903433","8","False","False","1789180257","1.6722722671806867","1.6722722671806867","0"
"4YXL1iDtRRcmQhRtFqsbhJNiF2bwsh8tiAkrjTFJRN9n","5DbGxgxCbPDxaRYHA9rbcVpWm2jVgnGih7Puipp6yFT7","","KITTYEMBER","2026-09-11T12:20:17.0000000+00:00","18.41194","12-24h","holders","EMBER","1851.1843316848033","0","0","False","False","0","0","0","0"
"4zhe6pxaLBCxCF9RrSXh3LCT3qYUtLb7Xn7Fo1HxUsBX","BW2HBr2CM9FTKUJiSBhvTJyecepxTybGcBCoXK9k2EWU","","TICKET","2026-09-10T03:55:08.0000000+00:00","50.83111","48h+","lotto","MET","8156.012409343946","9397.012429108325","190","False","False","1789185062","281.91037287324974","1031.5342343195723","2467.742881831871"
"4zjn7XYVfVMCCq6b7qgWamatYAzfMBrkFegEQYYFmwZr","9qspGq5s6HX3uyk8bi2QpVj9hrbhx33Sff5idWRAueeX","","NGRAM","2026-09-11T23:50:49.0000000+00:00","6.90306","06-12h","holders","MET","3827.1190615084415","326.845402387714","7","False","False","1789172448","6.53690804775428","6.53690804775428","3.2167987611570004"
"4zq5wKBYTRPbfuELnoK9GFQrbY7DqnVfPAtFgcyynrf1","BZqJ7dC9W84yVn3d6DXLU9qfkWqaTZr2fRZN2byw2tcj","","FIREFOX","2026-09-11T11:33:12.0000000+00:00","19.19667","12-24h","holders","GOOGLx","4059.2252425019506","2223.716329079548","29","False","False","1789126427","44.47432658159096","46.478938812030364","37.18314837281268"
"4ZtttnHqooUrB6ogBj2BTKKA57QZtnXfuNtauGWJr9DC","C1B4En7Ss1vfFTvPmr57oYhiZDwSCZvnWfgcsdGYV94x","","NUGGET","2026-09-11T12:56:29.0000000+00:00","17.80861","12-24h","holders","GLDx","3981.323963853553","200.9346307396568","4","False","False","1789131984","6.028038922189704","9.85272046999541","0"
"4ZUd6gnh3AhEn4BrqwAb3FNmuFMM6UkZShTJJ3pbRrmg","96L4nRH9eFytoexF8uXbEws1khoZJvcRtgtLKAcv8hwy","","HELLMO","2026-09-11T15:49:12.0000000+00:00","14.93","12-24h","holders","EMBER","2028.7161780279532","0","1","False","False","1789141750","0","0","0"
"51QxeRQwN4WPhi7oiUYZcS5PPGDN9TSmjoCXvSVWfawh","FxMJhdHJecg3EwnPGFuDpdKsxBPimZ6HwN4vuDLQpyU","","SPARK","2026-09-11T12:25:44.0000000+00:00","18.32111","12-24h","keep","EMBER","1768.0166191293404","0","1","False","False","1789129538","0","0","0"
"51ror2xnWcKgbyoUSJHC7e5arttmaqSuxb2jpGGpmvU2","ANsZ1JKEkABzxv9muP6huU5PDjg86yz4FCLo8y9WQ3S3","","FREEZE","2026-09-12T00:44:51.0000000+00:00","6.0025","06-12h","keep","EMBER","4408.949243669412","22710.15086057214","348","False","False","1789185516","454.2030172114428","454.2030172114428","341.6513353917081"
"52pifMMquHeARseWAQqmaHTeRc7tgrkQomn2nCxupucy","65WrjdvLGcgfKWf5ZUvjQpKYn7CETyUrvo2xeWdmj7VG","","EDOGE","2026-09-11T13:02:23.0000000+00:00","17.71028","12-24h","bounty","EMBER","2020.7902252551828","0","1","False","False","1789131738","0","0","0"
"53Hfn8GckkFSZ1mr4yTYPeLgcK5dGQ1s6GTa6eGoii7B","DiB1QJr4rFME6rzYKQ8AkzpFFyKP8aMaoLa2cfJg8qUt","","ALLINU","2026-09-11T23:45:00.0000000+00:00","7","06-12h","keep","EMBER","5852.875254727024","6619.07737756144","34","False","False","1789182346","132.3815475512288","132.3815475512288","69.5897537576804"
"53iByegLHPxkJcHjqWv5sN1HRMdkbjdZ9TNcZXzhtfRY","8cArq94tKJY2xpVMJBvA1j5YdizpWKVCMFuMpdW4kkmC","","STRATA","2026-09-11T11:32:08.0000000+00:00","19.21444","12-24h","holders","NVDAx","3983.185675480316","0","1","False","False","1789126327","0","0","0"
"53UfCYrUHWwvJB6YMqEniZX4KxW6UjFEroZ6aMvnDFos","2HZCYHgFczZYfGqTMscKfSCZbfn7xjCkwo6cZhYkPKCo","","CRYSTAL","2026-09-11T11:50:48.0000000+00:00","18.90333","12-24h","keep","EMBER","1882.5055656210186","130.34326067555696","5","False","False","1789127840","2.6068652135111394","4.3640607061377406","3.49124851829691"
"55bJNmFuV7ZTnnV3XG69WAfMUS1YrQe9v5QrhL1YVYjC","24BaASNd1xKPFEHxue3qTd4DC18fAkzg5mjc7uoPe1XL","","ABCD","2026-09-11T18:49:42.0000000+00:00","11.92167","06-12h","holders","GOOGLx","4239.627645161107","144.2365","2","False","False","1789152594","2.8847300000000002","2.8847300000000002","0.090345699485504"
"55scZ6TZWtSxXPFqT5LGVJU4Dv7HeCjDkXsqaZPB7S4v","9oBAVDStnHwjXJECG3AGmNfkMHChn19dxYukJ69rPkDY","","XYZ","2026-09-11T11:47:05.0000000+00:00","18.96528","12-24h","burn","JUP","5102.138275331755","26755.390677959607","367","False","False","1789180703","802.6617203387882","802.6617203387882","572.5626807791971"
"55uvU5Hh49qdef16ufkw5swYGYhk3hGY9mJLQSF9Qe8P","5BYToxn7KLSU3FeU7ZFD6hi6ana8nuHjc2FjK1FWcx9Z","","EB","2026-09-10T00:29:12.0000000+00:00","54.26333","48h+","holders","MET","4358.955721202916","135.630758810302","3","False","False","1789129413","4.068922764309059","4.068922764309059","0"
"56PK8p4NF8CY3EP2FSxpXnEGPyjFBCbaJQCx73rxnJjr","CAE86vZsMHcDVdawwbU65yyddHLj97wpY43KF6MDec2S","","CATAI","2026-09-12T01:06:02.0000000+00:00","5.64944","00-06h","keep","EMBER","4344.367097684803","712.4343352014943","4","False","False","1789176961","14.248686704029886","14.248686704029886","102.68595524304756"
"56pwRaZivqmuyvJP1ECGnV94QfhJ4cBQ4kxpWJz2TXj2","2ZddRjwYWnKq6aaj8VZiSmdTUptq1yWsiXHHScrJaev2","","LP","2026-09-09T23:49:44.0000000+00:00","54.92111","48h+","holders","MET","4395.505160936087","0","0","False","False","0","0","27.169718595788996","23.710194837531"
"58mhpXEDdLGToFXy2FAGjpc7GNSd4NrdZba7Xo4hPsoX","5JjXBKQSVbAF7KjYzc1A3P3E2GCEWfonFGVpwTYeejdy","","HYDRO","2026-09-11T07:51:29.0000000+00:00","22.89194","12-24h","keep","EMBER","8050.039383288825","73.74561979866","5","False","False","1789148959","1.4749123959732","2.2099526763057598","1.6901045864704298"
"59D4mGx2zujZTWfjDHJYUXaxjv91bGGrJKJ29azvrz6k","5mV8dqHQEE4QEHYiZPFvf4twZQreP7Te9qSqpxBF7Rhk","43ngp7D1j3csRyvzyuoqE2YWK1kbFMquPe2ELV981rRK","BURNCOIN","2026-09-09T23:19:19.0000000+00:00","55.42806","48h+","burn","MET","26695.638559279196","245002.11","2443","True","False","1789194668","2450.0211","2450.0211","1487.8972919084651"
"5A81u7mrL8oUvLDUMjkeknqBS8Kf4jXqip76PvhpffmS","3FHjdf91a4d5FoEZxVTcjEijr6U8L1Pmiv7nrC9Jx4Sn","","MEOWTEOR","2026-09-11T11:25:07.0000000+00:00","19.33139","12-24h","holders","EMBER","2114.361421076065","4210.294189000902","113","False","False","1789126294","42.10294189000902","78.85163695311532","55.2432291149754"
"5B3YbxhmFSMcjQRFf4nE4aDerGRsXbipWSdNb4yoezUg","4o4oCMgnWPTBwoM2u3MgoSqR2Yd6y7MWkdpFg4BPHFMY","","BERN","2026-09-10T00:06:07.0000000+00:00","54.64806","48h+","holders","MET","4298.900654095064","0","0","False","False","1788999123","0","26.951308023948002","21.561046378179"
"5Bn85f5i1FnB9ZihWFKr7zYP1TUTGRhfZNb8frtEaBg2","8duWD4UggG2afwThnLyimimAuzUWa8zPyi6ebMm8rR5A","","GPUCAT","2026-09-11T11:46:32.0000000+00:00","18.97444","12-24h","holders","EMBER","1688.1237716599992","235.93214989741003","5","False","False","1789127195","2.3593214989741003","3.8276412200791996","0"
"5bpUYY7rJhttVygEvbEkQ8R8K9eg6X2nvEVC2VBRqkkA","4YL4YKH2U1z5cRorLAFLt5mU5V28NoRBBNbkFD92F8BY","","CC","2026-09-10T10:57:02.0000000+00:00","43.79944","24-48h","holders","KOx","3950.0268910101995","12.608417693525334","3","False","False","1789148544","0.37825253080576","0.37825253080576","0.23010564591968"
"5bQcT2djnHhNMbTjvC9UmCkL1L6ovrxZyWXbEGXrTCxT","CY5hPCkwjNSAH4iyM5Mqnt8rfyvRmfAH1NUo7ovUWuLs","","COAL","2026-09-11T12:14:29.0000000+00:00","18.50861","12-24h","holders","EMBER","1873.0400044506403","77.6644775686","1","False","False","1789128969","1.5532895513720002","19.910720751472258","15.92857658628252"
"5cbyD2t1osey8gYFZbk2E92B7UrD4aFpo8F1kAghiWNA","DiCXgZdFqbxSPLV6Rk1kbpQ6UZFJ1NcUUd2JPsmJbFT3","","FIREFOX","2026-09-11T11:48:31.0000000+00:00","18.94139","12-24h","holders","EMBER","1705.0476024836298","658.4142628084088","22","False","False","1789127318","13.168285256168177","39.083265486399995","31.26661238912"
"5cCLH9FszYDjo2EK3LVyRG44DLMCV29eQQmSXV5CWceb","GFXhmut15sCJZmMgBuXpkMjC8uEsE7ZiWj4PhQRCf1n1","","LUMEN","2026-09-10T13:25:18.0000000+00:00","41.32833","24-48h","holders","MET","4318.6439353564565","0","0","False","False","1789046715","0","0","0"
"5Cgs4a363K9BpYgMpTEx5ueo3uPTeUqj59ahnkT75673","CE7WZxRhAVntU4szh9uKhPhoZKMHforf4wHDWQkaHz9V","","EMDOGE","2026-09-11T11:48:51.0000000+00:00","18.93583","12-24h","holders","EMBER","1827.0536068457718","229.11710288816303","7","False","False","1789140271","4.5823420577632605","8.341368174271059","0"
"5CLEWWDiyGHzKE6sLVaSyayMf1eL4yi61YUJVjDX9sMk","zvjspUnT1R5r4DLLEwJeG9FHhgQVyVETLMW4b3WuxfR","","BONFIRE","2026-09-11T11:20:01.0000000+00:00","19.41639","12-24h","holders","EMBER","2293.7946225289515","847.3357424538616","28","False","False","1789127488","16.94671484907723","46.773661813708856","37.08187389490126"
"5D1BM99525vT9bY3cVTs6EwZA6FSPdQbnSgzHnzhNhnd","4jSvUnGSJQY2N9akqC9FL2aJSZt2TftVK8PWSzQAShMn","","MEOW","2026-09-11T11:50:28.0000000+00:00","18.90889","12-24h","holders","JUP","4285.810263959057","410.95666403290176","2","False","False","1789127506","4.109566640329017","6.25835871936","0"
"5D1XRXcaDxLWMQhfmewGhajDMaxW4NidVa8w9ZS67fqm","JBru9WTDcxn8j4s6tN6U7W3mJqZKWV1epzQZamjXXmqz","","LEMBER","2026-09-11T11:22:09.0000000+00:00","19.38083","12-24h","keep","EMBER","2263.9049121248704","0","1","False","False","1789125723","0","0","0"
"5d361hNdyctrYFaq4GGtjG21EyoB3iPmWkYyrsEGb1SV","4wzTJWnMd2jPgccsUbCNv95AZrsiFnHwQt5PezRByseC","","MCCAT","2026-09-10T00:15:02.0000000+00:00","54.49944","48h+","keep","MCDx","3801.386251884546","0","0","False","False","1788999300","0","0","0"
"5d8xbBDaiEcaAG5YxTvLYnZM6VVmg9Z7wCkk2Lk6t3D5","H6aS9KLWtKstStRE82Fs31whVTTke2Tp1Z5EwShMKriA","","WHEEL","2026-09-11T12:21:07.0000000+00:00","18.39806","12-24h","holders","MET","3323.8644889307975","259.58883070779405","6","False","False","1789129495","5.191776614155881","10.019738137205","0"
"5dvXTZ5qwgafnHtwu3Ls3QrWx1U4LQsFeCuJgkk4QEC6","A8hL7AVYYdyKm9g7cM2Uv8YyN8h5RkaenthAqmVytoYQ","2y6PCqa4fEp3jLiFdan9jVMw7LSK8F3gwsTfy8p7traE","EMBER","2026-09-09T20:20:24.0000000+00:00","58.41","48h+","holders","MET","14832314.192387896","18824151.56","103909","True","False","1789195491","188241.51559999998","227211.33732096804","184739.55181545476"
"5EcwcJKshQFz5RBGnYN6WmvxQ7ZxLvD3SQjVTe9RAgX6","Ga2wBeYM7tPSMMm4JFujje9crJkaFGXmywUETdSLHMmB","","BALLOON","2026-09-11T11:52:59.0000000+00:00","18.86694","12-24h","holders","EMBER","1763.7091423701552","0","0","False","False","0","0","0","0"
"5epex1sNQYFgGyfii2qhDi1AwEyNzNJUeJoopt4eebMP","GHZWuneGnb1xWYNCpJG2Pm6MqNydKVGVVLE6wJWtKqzX","","DONOR","2026-09-11T16:15:32.0000000+00:00","14.49111","12-24h","burn","EMBER","2259.7143512815587","0","1","False","False","1789143331","0","0","0"
"5F2UvqBX1KTxN95jsFJkM6M36PAeoE1rLnY51wax9QX7","3SrGqFjjwMCvRZQbxxFJ5CkQSKEMogGKUtYUb4BBE9qD","","GTA","2026-09-12T03:36:49.0000000+00:00","3.13639","00-06h","holders","TTWO","4018.6636141647923","296.99717681442604","3","False","False","1789184329","5.939943536288521","5.939943536288521","0"
"5F2zRwstCjm3FkuEMvNXyq1vdeYANUDPJpDrJd6ef4CY","5p93FX7U4NsJ1kCjqwCe8xnD5Nt6qcWNTfLewjQheGva","","LIGHTER","2026-09-11T11:59:55.0000000+00:00","18.75139","12-24h","keep","EMBER","1704.4356238342452","0","0","False","False","0","0","0","0"
"5FexiwPc31SY5rrKhtDL9weNDoPceKsWdzYMmsUCYuDL","fmbxbvjuSZaEz2NKQLRys91o4eYCzJSTY6goLQvckin","","BRA","2026-09-10T00:27:17.0000000+00:00","54.29528","48h+","holders","ARB","3817.1814041918574","0","0","False","False","1789000094","0","7.171301457019999","0"
"5gqxbeWffmGapSypxvGpCoqCXcWqboob84MdQZg4pWsg","B8iXFbPxFhFe5GCA4U6pSmcMfPRUGsbMEcaP9Joc11Z7","","METB","2026-09-11T17:10:53.0000000+00:00","13.56861","12-24h","holders","MET","3295.9876481229358","0","1","False","False","1789146649","0","0","0"
"5GvAiQeTBwFTaiZqPTKrMfx1vhgEcLk2gM41MPZ5Mb4H","3c7iFW45YAYCvcoFY5TTMPkbqp1AQ63dshA1tFSVzNXf","","MEMBER","2026-09-11T11:36:57.0000000+00:00","19.13417","12-24h","holders","EMBER","2140.2861180888417","710.8947419763932","22","False","False","1789129683","14.217894839527865","57.87681326444973","46.214261475094155"
"5H6ehNp3ZWDLJA8wavsGNpXUMAcJJSXrd8uvNw2qCxbB","DGp2NnYqdsmLJs31z5vHFdPLkDa96sLGTFsH9UiPjQR4","","KIRK","2026-09-10T10:38:23.0000000+00:00","44.11028","24-48h","holders","JUP","0.8695796035009944","0.507607992","0","False","False","1789038641","0.00507607992","0.011165437046999998","0.008809467075"
"5haAsFLfASPyz6wUWEHj73qwUacBgdRMZ15f4jtNWbiV","6hy55zNpehmWU5wsGQxYwqctYbxzdqKUxWf5GY24F3kC","","PHOENIX","2026-09-11T12:20:11.0000000+00:00","18.41361","12-24h","holders","MET","3297.713795253882","0","0","False","False","0","0","0","0"
"5hdrRJySnc9Ui3kmWrHe5GhCuvEcrfYdRNtzswNpbbuP","6jBGK567SckdQ57LtGLSJgBKtinfAeBw55HYcPfrRvVw","","FINE","2026-09-11T11:00:39.0000000+00:00","19.73917","12-24h","holders","EMBER","4315.566729505867","264.2380007163389","8","False","False","1789126356","5.2847600143267774","7.31462653765212","0"
"5HLx3oaeuHW7a9jZq3bBkpmttrjQBbwmiArFisCx1BVm","FMiwMDspwvyR5dLsXJho65LBtvifdfhD2ZozyUWgSYuT","","MOCKJUP","2026-09-10T08:01:53.0000000+00:00","46.71861","24-48h","holders","JUP","4263.377791261773","0","0","False","False","1789061012","0","88.98296858053618","95.88652915906141"
"5HnwS76DJtFGLgdjhCy44g2dmULqZXzdePEPoz6vAqKR","3VJYoci5vJ4VHW8f1FHXau3hNvNeE3qUdwpksc17amFR","","MEMBER","2026-09-11T12:26:13.0000000+00:00","18.31306","12-24h","holders","EMBER","1856.189370870587","266.6529506926696","9","False","False","1789129577","5.333059013853393","8.11733519498895","0"
"5hQ1HADq3h3uWLs6Wd5tcw7tYmvXVejFUKb8KbAuefje","6XrC9X2KFMrKCv1ne44JTQLMxHrE8X7VNst8NM1W19gX","","LAFLAME","2026-09-12T04:09:34.0000000+00:00","2.59056","00-06h","holders","EMBER","4807.787717376498","243.0777453238619","5","False","False","1789187974","4.861554906477238","4.861554906477238","1.2484069907676998"
"5jBbV9qiiiQwYu9kYwNXxamLgSEK6X1Jxh7MAUwFTA2y","84WUDswi7uz96nUhJ46s1eGW6PgHhEe5wGY8EfikBqtr","","FLAMES","2026-09-12T06:21:38.0000000+00:00","0.38944","00-06h","keep","MET","4080.538161647141","258.89530092782996","4","False","False","1789194219","5.1779060185566","5.1779060185566","3.31004657362005"
"5JjvPJcXXmrinenNEwtpr8nU5kQpTPqnYJMgxkAQf9ni","G4HChp3gQkSq6kdCHC4bXweNF8GKp2TXN3bbnSCn8qiw","","REMEMBER","2026-09-11T11:36:04.0000000+00:00","19.14889","12-24h","holders","EMBER","3180.439664102044","19290.30810401827","719","False","False","1789195481","385.8061620803654","547.5540067566186","435.31353474625564"
"5JzNhib3ECxkNqn7J45AfaXutoZ2zinHfpxFQKA1rcFo","75nzpQZRN93kWRnQM22EgEw2smVDcZ9ngfVFp6icnenZ","","PWNP","2026-09-11T19:00:31.0000000+00:00","11.74139","06-12h","holders","MET","3320.8922999028923","1828.3289636178774","30","False","False","1789156797","54.849868908536315","54.849868908536315","43.246998758335"
"5kHYzrn1NyTawTipNeHqFwQKPkABdZpYPCbhhpuYr8rD","Eu6KBuzAZimAprJjfo43FFAbSE2HapvHqjwXDgpiRWn1","","WWCOIN","2026-09-11T12:11:34.0000000+00:00","18.55722","12-24h","holders","EMBER","1676.2149173628459","0","1","False","False","1789128688","0","0","0"
"5L3Vc7xAWVoV8XBjFdgo95iNF5eYN9BXS9SNBFCQqSXm","999orFQkryAqD4hhUxBHPLaMDQnT95RpFiBDwdsmoDKe","","GEMBER","2026-09-11T13:52:58.0000000+00:00","16.86722","12-24h","keep","EMBER","2111.699694504419","150.27159703662883","3","False","False","1789134897","3.005431940732577","4.81113607911235","3.8598143843323998"
"5LEsucj8R59xaW6TvvutvinD7PFg2Lo9KZnpUDAJ75oe","6V1uaCXGhSWavRm7iMwKsdK3tyyQBkr7hyg9Ug3UgEzF","","PEPEX","2026-09-12T05:25:26.0000000+00:00","1.32611","00-06h","keep","MET","4087.4969145027885","281.149749577718","7","False","False","1789193906","5.622994991554361","5.622994991554361","3.4222586732640004"
"5LjRDd48UtjiHLudntraHDJ4S3BfbLLCu1LQQ4NrrCer","FzB6nKoFpsXyGB4aXs3Tj1EXSefvK5oc52xHoBvsurtz","","WEN","2026-09-10T07:22:53.0000000+00:00","47.36861","24-48h","dip","JUP","7276.48296787783","23202.701683389532","288","False","False","1789192509","696.0810505016859","696.0810505016859","1163.2508324121623"
"5m3jsyfUUe8jiC8EFeJdGWa3op62MabxyRGrw7jwguPQ","2SFPjodk7zKFEwefVKgbYoxiYGpHAfLE6pbCoKcrk8VB","","BURN","2026-09-11T11:47:46.0000000+00:00","18.95389","12-24h","holders","EMBER","1748.420630105577","25899.26323269383","955","False","False","1789177873","776.9778969808149","1137.5607162621848","901.4932437402039"
"5mEEigvqHeHJyBLbdHaCvJRzhdL7nbuQEi6eUvKL1Pfj","AMYbR36iwu2SrcvYmJSAyQsFUArtojkS8zDVKXoghP98","","SPARK","2026-09-11T12:31:03.0000000+00:00","18.2325","12-24h","holders","MET","3305.594895322136","0","1","False","False","1789129855","0","0","0"
"5N6NbHpQQDiAGzppZcuBxZULZipUH6RE3AmaNCtbNjiy","5sLotPhap4TaJrFYFY5PKiEJGtbjzsa3DfN46vgTFgLT","","SPEEDRUN","2026-09-11T17:24:22.0000000+00:00","13.34389","12-24h","holders","SPCXx","4000.427092673654","0","1","False","False","1789147459","0","0","0"
"5NBABZ8nT92rsKsDQriSZwYfXNXxwkEBTRvAFTgTxxrn","X21upfYzL9VRSXtHgpQErZ1Kt1zb3WsY5o42nYUeyVc","","METTY","2026-09-10T00:28:17.0000000+00:00","54.27861","48h+","burn","MET","4386.993838375289","0","0","False","False","1789000753","0","29.358126814200002","23.4809140902"
"5ne5dYz9CnpeaVsE4Abbq5jnjB9mW93V2yAFzX2HWgK9","2Fw5vg1qvp6Vy65J47jvLWbJvD3x2kHAb3DtpvDQh5s3","","DASHER","2026-09-11T13:10:59.0000000+00:00","17.56694","12-24h","holders","DASHon","4000.000196789665","0","1","False","False","1789132254","0","0","0"
"5oqZUC7oDN6ebA5zFQ8XBECv5ZqpTfTB2QwLUNmfGaBb","8ktmHKcn1AYRoYAY1KNWnK6XQt9TkFB7GdfjkpuVW2sX","","MEAT","2026-09-11T11:37:32.0000000+00:00","19.12444","12-24h","holders","MET","3440.816773987512","241.51546818733598","4","False","False","1789131921","4.83030936374672","9.814242303939999","0"
"5owgNsfdwQhsQRyJ4STKBQeaXwA5RvNJE757vrGrTwxm","BCYrgmt6BMotLugiqooFDiY1CBT3vNvffjEwbLGDGDZy","ECk25LvqvWM3i2EZBPRX8fTvo3596njtPQ66y1FMLGE7","UNIPCS","2026-09-11T12:26:14.0000000+00:00","18.31278","12-24h","keep","EMBER","1023.7872059206946","39569.857170991294","181","True","False","1789180931","395.6985717099129","396.76794337931295","320.68494136363967"
"5pkJWiHis1hKzYhQGkHT5U5q9gy5FVgbnecoNyr6GXwp","6buBD1pA4tHqzobVBcn8WUB9SVscn2LFuVsY6KtCmtEH","","FLOOD","2026-09-12T02:48:41.0000000+00:00","3.93861","00-06h","holders","HOOD","3994.9761940340622","0","1","False","False","1789181319","0","0","0"
"5pmfmTWznj8LH76hp1S1xpdpf2K4dCGHo2eJYdMAo63Y","615yWbfrcGSo86yAZGb2rdeEBhLvN3Jk9vzzdh8PAd1i","","BGATES","2026-09-11T13:00:56.0000000+00:00","17.73444","12-24h","holders","MSFTx","3978.9212806564474","0","1","False","False","1789131653","0","0","0"
"5pRrMPZzzRVV5JzZanxMEG7QzFs4yFpRc18WdxrqVKqX","8dujie4RA43xT7DYjq45MmW6PeW6rpW6uN1J8gPNTs11","","METTY","2026-09-10T00:35:58.0000000+00:00","54.15056","48h+","burn","MET","4361.694964251474","2.6227519511439996","0","False","False","1789037423","0.05245503902287999","3.7703941575999997","2.982789306882"
"5pVGSRFt18HGSLZaJJ9d2wn2meeD9Wg2rQ3foCjXSGwX","2ZYXyXNaWebzi26zNXytM9qCPhbXuB9WuC1XToNgKqP6","","STOP","2026-09-10T10:20:31.0000000+00:00","44.40806","24-48h","keep","NVDAx","3924.5734774584203","7.662589185600002","0","False","False","1789082932","0.22987767556800004","3.788878693403773","3.027465076939464"
"5Pvrv4vdoRNuaVhMVmaFh1pyerRBNgiN2rUuhBuDMzkT","EwZ4oQtjFUyCeq2CGwfyK1UdkBSLZQVnMJyiXc83yVv3","","CATLADY","2026-09-10T05:18:19.0000000+00:00","49.44472","48h+","keep","MET","4337.400781407155","0","0","False","False","1789017497","0","0","0"
"5PZvKn1ck1THTGCmX1zKpVAJpGkGTf4AzU5Sr92UpaCE","DhteiqRMjjDbKtRw3ukDfUvehGmnCLFBjUuXbjQBbYAZ","","NCAT","2026-09-12T04:27:41.0000000+00:00","2.28861","00-06h","keep","NVDAx","3999.952009239077","300.864646361593","3","False","False","1789187386","6.01729292723186","6.01729292723186","7.778664259652641"
"5Q4T72wyTSjQK1nMjCfxALU5A8ATiwj7bCDwtiCWkgKu","22S4nxpTtia87Ht8jzfDfcgSjJK5Aw7eyBvxRQATZPx8","","JUPNET","2026-09-12T01:05:39.0000000+00:00","5.65583","00-06h","keep","JUP","3986.9277798682306","349.1193445444","5","False","False","1789176184","6.982386890888001","6.982386890888001","6.886387718978"
"5QbAgx1D2tGcmXCrwvQPefne7uGqZvFqqYf7Ji2wMRvT","HCtg9WTEsNeRKsXiUCidF4qQcmfb3EVPjJptfVgtAibi","","FUCKPUMP","2026-09-11T11:58:26.0000000+00:00","18.77611","12-24h","holders","MET","3275.13994191582","0","0","False","False","0","0","0","0"
"5QBk6fzBt5iXaE6GaQtJtbMin1FXhvZMHdfb7NNVz1hV","9Z27xnEvnkejxdcz47aknJ9m9ebACEcGDDCKmGpDaeMG","","EMBERCAT","2026-09-09T23:13:54.0000000+00:00","55.51833","48h+","lotto","ZEC","3641.9199694065906","0","0","False","False","0","0","52.2277027148478","33.90939117543146"
"5qgo7zbQRbDZVkUs4f2vN3N9qVTwoTsSeSZRGo6yHFK2","B68eoZxnrKkDRRKQiYkfdsrnvD1ukc5UHPUwzc64kA7C","","MOONVB","2026-09-11T12:24:23.0000000+00:00","18.34361","12-24h","keep","EMBER","1752.3642230410087","40.34267950440999","2","False","False","1789129632","0.8068535900881999","1.2683303170559999","1.0146642536447998"
"5qrUsqmMP6feNriRnmUafjUe1xG26ZVmQ8HbB38yEuYT","22bneL1N4oaPq4Me7hPNKXYvnueFUdQ6XQ5YqtnJpFZt","","AGI","2026-09-11T11:53:42.0000000+00:00","18.855","12-24h","holders","NVDAx","3985.0165685320135","0","0","False","False","0","0","0","0"
"5qX3VPHaqRcc37iY6MrodU7JxDd2fVCpUqr9EbELtsEC","8NSj3FqT4eBrnU5M8GU2ku6ejkJPCdnFCeatsBXApt2j","","GPUCAT","2026-09-11T13:58:32.0000000+00:00","16.77444","12-24h","holders","NVDAx","3965.7634112860605","0","1","False","False","1789135110","0","0","0"
"5qYMLqsQtJSQna8h9SgTQoG5LgDGkstYt1mTFigU5PGs","FKRFCb756Bt6vRS897DZN4LbqiWTD4qkE2QUZGLQu2sc","","EMBER","2026-09-11T09:36:39.0000000+00:00","21.13917","12-24h","holders","EMBER","6308.650571973677","451.1654524106599","3","False","False","1789119522","9.023309048213198","9.023309048213198","11.647543187466242"
"5rpKhVo22fQKmHMXzjSobaknpQvTcLGV8sicrr2JSWqV","GAu8K9oZ271BjdqhqfrDHxCptWYgTcgjFwDuXJcF6EyE","","ZEC","2026-09-09T22:50:03.0000000+00:00","55.91583","48h+","holders","ZEC","3657.4941053127936","0","0","False","False","1789059881","0","13.920045299834522","10.530617443961159"
"5rTNMZ5Wnc4CddmHfPH6QQoMYbCpdtj7uS76Sp29cBZn","BeMfgWx7zDSc6QVEhx845j8ie8J5rgM7kZdyfNR8Jjiy","","MRP","2026-09-11T17:53:01.0000000+00:00","12.86639","12-24h","keep","NVDAx","3994.9412387362067","8.5179355779132","3","False","False","1789149586","0.255538067337396","0.255538067337396","0"
"5sLBNo7uSG1yXKtVTyincR7T24UdpNASgurrx2WFuSPm","8YjTMcgTcRjbs66QW8PaWs496jghbL31ZqX3KktYcLJ9","","4OFXEZVPJ8","2026-09-12T03:39:11.0000000+00:00","3.09694","00-06h","keep","MET","4039.253140304395","261.353804816538","5","False","False","1789185910","5.22707609633076","5.22707609633076","3.3044954253289998"
"5sMHs7CxPEEDqsk26cpqhJf45g4CPo8TgH2sbzhE9EH3","7w7skBTM5cVJUmjFYe4qj1HoftVVmYsZi4dsEs9cNZGX","","ARNDOLD","2026-09-12T06:32:32.0000000+00:00","0.20778","00-06h","keep","MET","4036.721867480187","258.73607769921455","4","False","False","1789194872","5.17472155398429","5.17472155398429","0"
"5szgJFkFgGHChWAceevdixnmScAqGJE2oicSktQ6PAki","B5YQYPoK9QjR84q5n3dUoU6B4nn7Sw8oxx3xjYCXqRBe","","MARSCOIN","2026-09-11T11:37:23.0000000+00:00","19.12694","12-24h","holders","EMBER","1959.5903726482616","324.55906444570655","7","False","False","1789126654","6.491181288914131","12.55226214650903","0"
"5T6LaSwXvECGQMAR69Y3h2HPypkT2Bq3MvtMwkk4L3oo","4YDiWhAtFp6L9DNNzquKigBNbnwr8xr1yzNdvX3jsL6p","","GIF","2026-09-12T01:26:14.0000000+00:00","5.31278","00-06h","holders","EMBER","4052.646775193919","243.0777453238619","5","False","False","1789178175","4.861554906477238","4.861554906477238","1.944832418372"
"5TJYFFqhzLnbpXWWQs8w1DY4GVUywDLK7UTSLAcSug64","2vPz5ddErEUAP3jGq12BcEkofqd1ADikJKCwrjWExFAw","","HELP","2026-09-12T05:10:27.0000000+00:00","1.57583","00-06h","keep","ZEC","235.52643393421084","17.706328675081995","3","False","False","1789189951","0.35412657350163984","4.8433102283604805","15.482255230643734"
"5Ucw96jpi3SicU897GEuWREGX6evDunTr7NNHXZgg85o","EPEbNiiqq5CUU1GjFinAz29k54Br9iaBoE9xddYHomKS","","METCYCLE","2026-09-11T12:25:27.0000000+00:00","18.32583","12-24h","keep","MET","3365.596773279936","1366.5055977711315","21","False","False","1789130680","27.330111955422627","31.404635594000002","25.123708367000003"
"5uhSfSYq2pvkVsxsTBH2847KjaT9QrKLtAC1gsgJDAoh","EhZmUyTSqXsQpALMe4RSnbTsGurXbSXQhEzGEWGFXv3r","","HEAVEN","2026-09-09T23:35:45.0000000+00:00","55.15417","48h+","burn","MSFTx","4049.38746104697","0","0","False","False","0","0","39.83296426648132","30.103982520017887"
"5UiUG16XXcxq5ukEwHHBa4ZjRgPNmmdHfyMgePoQuzvh","Eo7DnLpAA6wdMd89SN8aZhqjXZVSQm3hwYy1MtFEosRf","","MSTRBALL","2026-09-10T00:07:29.0000000+00:00","54.62528","48h+","lotto","MSTRx","4612.459555009714","0","0","False","False","1788999986","0","33.58873283160749","25.930893450019322"
"5uMCqVcekc4VRjbvyMq7JQf5R4W5tCyTEPNLrphFP9Fx","DQ1MYtboTt3yAHAfwVQon84XwtBM8Efrbpcge5j9imea","","CUCK","2026-09-11T13:57:28.0000000+00:00","16.79222","12-24h","holders","EMBER","2025.6715732870205","0.0038975","1","False","False","1789135062","7.795E-05","7.795E-05","0"
"5uoAcnREXaVUwG2V7PnoA6fKy4EdAar5mChr3Xh5wig","BkHatBxFjWeokYa6HtikjMuX2jM3ctJWejfDz2Le8sUW","9wD3YGTDMjQCE8QsKqaV8YvXd7CBr5ULWBwWqkbTqGtm","METBOI","2026-09-09T23:13:41.0000000+00:00","55.52194","48h+","holders","MET","32763.23798652536","316561.86","2264","True","False","1789195460","3165.6186","3165.6186","2425.623287011628"
"5uRSEXQzVpCnK2QhVYxe5gvpN6yk566P9R2ht4d9vHX8","72Grxk7QVkAh8xAVG5XsPf2KHDYu157vRyCE8gxVmFGi","","RICK","2026-09-09T23:15:27.0000000+00:00","55.4925","48h+","keep","MET","4480.268926600022","0","0","False","False","0","0","6.373952700189","5.085498023433"
"5uWkZeEcwX7BTPAePNjf4L4SGyoEm4JLNi5z7HXxqwj8","EbuQoQhxQcPcHWHZ2uUQ63jCQzjAUn4pLVjeM6fzgqjZ","","911","2026-09-11T13:18:09.0000000+00:00","17.4475","12-24h","keep","EMBER","2304.188885842255","0","1","False","False","1789132687","0","0","0"
"5V8BUxmajy7zUaffBeUUNesyAqmQGvUDD3HwKdBNhrFy","H6iR7QKcEXTnWaNrKiDuWajPELiPCPWQ6t7JSuFxL1Dr","","FINE","2026-09-11T10:54:33.0000000+00:00","19.84083","12-24h","holders","EMBER","4670.635484373363","12864.612305090299","309","False","False","1789180697","257.292246101806","336.6803050571675","308.47721412803355"
"5vbSaknRqW4kq6wyAwaQJYnevR7a5xfGXE299xibYZrv","6oU5fAS6vKMbuSwgH2v158uDxTXyAbfMMc31aFijc4YG","","UTCOV","2026-09-12T05:41:36.0000000+00:00","1.05667","00-06h","keep","EMBER","5003.275480714281","243.07774530794515","5","False","False","1789193498","4.8615549061589025","4.8615549061589025","10.356624321140316"
"5vHjFPr2ZQ6iYWr6MbScrKS6vkCN3vx3q4PeEzQA9xHX","6Xw7ymwnRvfxQkaf4sL2nCMYSPhNtcfBRqyQD49sf6DS","","METBOI","2026-09-09T23:20:12.0000000+00:00","55.41333","48h+","holders","MET","4503.661242055686","2.3395900923359996","0","False","False","1789084075","0.023395900923359997","99.72132297896998","79.77705558510999"
"5vna8nYbAsyJaCXUPbpgyuTBaA1DpEdxFM9pGsy5wi9C","DvgWzs7E7QbvrkwS82xr7RWBtGhx5h8nvPUV3scmFUma","","VERYLARGEM","2026-09-11T15:37:25.0000000+00:00","15.12639","12-24h","holders","EMBER","2055.995232748562","924.9053427261051","22","False","False","1789147021","18.498106854522103","29.30025163803902","21.04594808223396"
"5VQbyV4NVwrfJ29x5CyD1UaPSnaBoesu72NLx3jePric","53cJEN4Cc3AKqUK1eeYq13RUZn1iDY8wxT7drgig5odT","","FIREWOLF","2026-09-11T12:31:37.0000000+00:00","18.22306","12-24h","holders","EMBER","2087.1096216742358","632.3685661354655","21","False","False","1789149598","12.64737132270931","18.259453408463138","14.481099023343578"
"5VSjYcu2yXZUJJqSNPPyjRe9vnekdciknBTR54V8dMSv","DL1DNiPc9vpAREcVigqnuiKVPSvRJawFUsxU9vFPiVJB","","GAS","2026-09-09T23:20:59.0000000+00:00","55.40028","48h+","keep","MET","4482.024367992166","0","0","False","False","0","0","4.89294036","3.914352288"
"5vwXT21H8GcU1jU4ujTGfjhhFXqbMesYT7J87oMTk9Rz","FvaPFH1veiBKuA5keDSEKXAtzi7weNKPXtaWi2FbnrxS","","REBME","2026-09-11T09:40:10.0000000+00:00","21.08056","12-24h","holders","EMBER","6522.398739718877","272.00625683721455","7","False","False","1789122052","8.160187705116437","8.160187705116437","10.548402874689682"
"5vzTzVmnd2HyajuBqKSEzJHurGP1oHjWDQHNLErZLh5V","22cLW6xUp4LcdNua4aUVAfeFwh1EYR6UFcWZW3Gora1A","","911","2026-09-11T13:20:00.0000000+00:00","17.41667","12-24h","keep","MET","3503.673338766996","0","1","False","False","1789132794","0","0","0"
"5WtP7p2VRyKkWPs1ErPGWhKZFsGQ7zDTh494vLeiU3E7","4nw7nRaoz7iVVJHRyjbWpYbberyqQASKumHqCR57FEoo","","MES","2026-09-11T15:20:57.0000000+00:00","15.40083","12-24h","holders","FARTCOIN","3818.7514779124135","0","1","False","False","1789140056","0","0","0"
"5XaDYhbjqxd9j9EnGL9hiEgntKc5SuaM2v8swVuHC452","GXurPmvtz4FS8siBKePnxyFbVhG4MGsfiHGoTBULHm5h","","DIVCAT","2026-09-09T23:50:43.0000000+00:00","54.90472","48h+","holders","CRCLx","3943.1483285139884","3.9381514864743297","0","False","False","0","0.0787630297294866","122.17070244927187","97.7365612264764"
"5XKJ6vTJYMoWr1wdM8K2wnsrCZ2zPdDnSnFzWTdvymZa","HzRkawpJ5b5xjH9mqVPnQVDEgKx7sYhUAsAGWNV791UJ","","BRRR","2026-09-10T00:15:14.0000000+00:00","54.49611","48h+","keep","MET","4365.6472904858","0","0","False","False","1789095504","0","15.227921542597128","12.24174412604657"
"5yJbiokbgBiCLW43eEDHg4KVMfV4emBVcZsKHqPD8wz6","5j77wnbbF3n5nzYfffHqyZkxXX24KSD4AzoDjycNywV9","","GPUCAT","2026-09-11T13:55:01.0000000+00:00","16.83306","12-24h","holders","NVDAx","3976.682204615881","0","1","False","False","1789134900","0","0","0"
"5YKua9UW4gWURhC78qmfcav4JWyeJwHiPuTTjqree4vY","2hbcmVc1Aev1Q8N3dFEojN2tGiDfjd381rdfgKSFTmhZ","","JUGGERNAUT","2026-09-11T12:09:26.0000000+00:00","18.59278","12-24h","holders","HOODx","3970.945936764399","693.4489987509508","7","False","False","1789128577","13.868979975019014","13.868979975019014","7.9002009480033015"
"5YThvvJgiDKzz8oSPixcrZ8CkqPSdyP2q95nr11ywwVj","Ag8vQZrnrXsogb6JkPAGiQE8oManzqLN7y4QwzTMcNgN","","LAVA","2026-09-11T12:16:46.0000000+00:00","18.47056","12-24h","bounty","EMBER","1894.7783487354393","854.247975481394","33","False","False","1789135536","8.54247975481394","22.894995902928255","16.3329594116352"
"5z4aq36qYMC1KUjdNXE42Jt5ZakMv9pTnqPYTceRyVSC","2mQm7MW1s8qbk2iHEKT3oRwsFvFwGxQNmJFA4KtjuGX9","","METAMILL","2026-09-10T01:39:47.0000000+00:00","53.08694","48h+","lotto","METAx","3985.3934597583325","0","0","False","False","1789004461","0","11.6371729382","0"
"5zopbNYDWJyaDFaiuBu6VmzjsFye8utitv2SebAxR51u","BQoMoSzLxDXPToDY1ZAtSKu2nhceYvkcy2enLtNtduoA","","MEMBER","2026-09-11T13:33:44.0000000+00:00","17.18778","12-24h","holders","EMBER","2551.728777543116","116.05523138668153","5","False","False","1789144363","2.3211046277336305","3.1273627183760344","0"
"5ZvmAgNHYTF58zZMUSoj5kztcxJheXBSV2LjBoCCKMUS","Nf1RUKTbhKhZpYYPrL5PPGqWFqhJzuhvqASmxQR6ESn","","REM","2026-09-11T12:26:53.0000000+00:00","18.30194","12-24h","burn","EMBER","1881.9311927140848","0","1","False","False","1789129610","0","0","0"
"61Mpj1zVSFE8JkYFXQjPjMTDoi4sxL7tLiNAZ4P4WVp2","8JYVxkq89xfkFxngh5zycxmCRwN7S7q27z28x7KXtujv","","GAYCOIN","2026-09-12T00:46:07.0000000+00:00","5.98139","00-06h","holders","IBM","3996.1860309437857","2002.11029132","23","False","False","1789173980","20.0211029132","20.041083696824998","20.0836038039177"
"62ZLP7h3RTuzEuNQhe495fC241NScHEUFM7AEE3wq9tM","2RdpLDFMjdjyK1iCmS7FcJxq5aLDZmA7UJoh5ppvxDWx","","MOONV","2026-09-11T12:19:57.0000000+00:00","18.4175","12-24h","holders","EMBER","1851.1843230723364","0","0","False","False","0","0","0","0"
"63ASs1xGghSVQuQTvJyef9v2JZr4MZBiLYDirzL8g4sQ","GRZAWMgcZ3mnNftsoCRTezCbDV7USLeDCU4pP8B5xtaB","","GAY","2026-09-12T00:47:38.0000000+00:00","5.95611","00-06h","holders","MGM","3955.6278158918058","0","1","False","False","1789174056","0","0","0"
"64ezNskUHVcmQWA6JfTsaBwQEincsmmQRYtZv2HbdX2A","5g3YVKFpviRuYPzE6FTeGWwGo2myu6f3ZP4DKaRHEDT8","","REBME","2026-09-10T00:09:56.0000000+00:00","54.58444","48h+","holders","MET","4418.429295147199","6936.269985870166","86","False","False","1789160796","138.72539971740332","153.2864658431328","117.480950362179"
"64Rq35YRdqiWDp8mA2eooNwA1L3EBTgB2RpZHg3KnPx7","429pVw8oqDLjPK6bewy97C2Yo4JQQ5KNJrHPoEXdT1E7","","BLAZE","2026-09-11T11:55:01.0000000+00:00","18.83306","12-24h","keep","EMBER","1747.3183641115031","0","0","False","False","0","0","7.85255644932408","6.21898957170095"
"65B8bMdg1xAxg7MfNpySnVkWkcSUfX5SUHGivTFSCF9L","9kf1sRQHhgYfpLLtUr43GSvSfhDSuR1MWmbik8RbCkMB","","APR","2026-09-10T00:20:54.0000000+00:00","54.40167","48h+","keep","MET","4342.470592304839","0","0","False","False","1788999652","0","0","0"
"65hhkNNCmq1ei2kqvUMv5FGz88GZVDFEdtVgz8gdaRqC","BW2gtW5QRC2d6M4h9nanW6ndPdweAveptkLgQW7cRj5D","","SOB","2026-09-11T14:42:47.0000000+00:00","16.03694","12-24h","holders","AAPLx","3985.9910064615538","0","1","False","False","1789137766","0","0","0"
"65iPd9vut9qxnsDFZz2Pn73spuSUqkN5xsajNNzG9NT6","EVsWQfhaawzEbCERFRcptgJJino8Px2BRBpEX24ZKN63","","REMEMBER","2026-09-11T16:41:35.0000000+00:00","14.05694","12-24h","keep","AAPLx","3987.161470537056","0","1","False","False","1789144893","0","0","0"
"65Sr1sqW9s9SwguTpWLCz2wsZhRufd9WwUscmgmbKqHt","71Lss56nWGiHqQmpfAGkDLof15Lw8wcMxtZUDrF4TkM5","","FIRESTICK","2026-09-11T11:59:10.0000000+00:00","18.76389","12-24h","keep","EMBER","1656.8122183843004","0","0","False","False","0","0","0","0"
"65ssH4CWjjyeFLgCB8aTER3uZy9s2b1fUeL2kVXp25YX","GJUn3CnAFg8exgXARzHwgMMRExGSTxqpvwR1C9Bagqnu","","CHILLEMBER","2026-09-10T09:56:12.0000000+00:00","44.81333","24-48h","burn","SPYx","4008.309091014528","0","0","False","False","1789034170","0","0","0"
"66ckJLp9yFhbmvGbP2dCYLnvJth4HEyYmrBbwhGcSp4g","3Nfig16tQGaP9nyyy57ht6eUbyJKVXtDiomePr5ELJ4y","","EMBER2","2026-09-11T15:27:37.0000000+00:00","15.28972","12-24h","holders","EMBER","2042.9510775874005","0","1","False","False","1789140452","0","0","0"
"66qPmqNScdmGNeKt7dT3fhmGfBqkt3GCNxcqaL1NAMsG","3yrSdK6SB8YbWdz7UqLA4NapNmmrkY58g5wZwHQV8ZM2","","CC","2026-09-11T12:18:16.0000000+00:00","18.44556","12-24h","keep","EMBER","1865.6651393290153","299.89825848463755","15","False","False","1789129942","8.996947754539125","333.9222619729735","267.13780956636333"
"67SP4Tcj62WDbUQtMNXX5F4BhVmr7CfL1yeRyVUfnZVk","5bS643WzJbiJPQ3buRC1pjuNQTKqGSctdzLNvgwXPGuz","","METRAT","2026-09-11T15:49:52.0000000+00:00","14.91889","12-24h","holders","EMBER","1948.3116665432053","11.107271557870002","3","False","False","1789153314","0.22214543115740001","0.30175712684063993","0.14519928176674468"
"67XF65FF8WStzsLKGPjHxNfnzAy79QceJs5BqQZ5YBSg","AqeiyuGgcrXu8rDLuEKsPfcgYGcuKeo1nMNF3QFHZCJs","","CO","2026-09-09T23:44:06.0000000+00:00","55.015","48h+","holders","MET","4530.144992733348","0","0","False","False","0","0","53.89023706797","41.176856370342"
"68KtwZV2xCQsjvPAupghsjNVxFURhjzLBv8githCtH6z","4QJGKHfXxa1iKrKHwpn3ffb7vJDWXTRTn1fuHT49HKjh","","SARGE","2026-09-11T13:45:36.0000000+00:00","16.99","12-24h","keep","PLTRx","4006.475587438037","0","1","False","False","1789134335","0","0","0"
"69KopAUMNtYTwZVUjbdiYeARPHVf2kZtUp79h9i6qdyp","AEirKjwbmtnRmgfFwcqMx3cmcWFRoCQPTd3zkoP8zMUz","","JEW","2026-09-11T10:21:01.0000000+00:00","20.39972","12-24h","holders","GPRO","3818.1289095598095","133.51127627791803","3","False","False","1789158916","2.6702255255583607","2.6702255255583607","0"
"69wuoWjYuqqsqWTiG6SVaHp4Z98EBGtjxuwG1AYoZvTK","3uJxF5YYeW7u1z1Es3Zkq2UKT796WLRzBHyR1zHDUgKs","","REMEMBER","2026-09-11T13:12:24.0000000+00:00","17.54333","12-24h","burn","EMBER","2526.6828031417167","327.05758890590505","138","False","False","1789180799","3.2705758890590504","313.1875876514226","0"
"6aQM8uoMPpB4M1AjJRS4drRazDFArk5mwWqkrq1rTxfE","3zfKVzzj3qrvwFKc99wrR15e6Gu6fL68DbSkbN6TgojS","","GPUCAT","2026-09-11T11:53:02.0000000+00:00","18.86611","12-24h","holders","NVDAx","3985.1886268446337","3574.7660166669743","39","False","False","1789127645","35.747660166669746","57.79981391255079","46.25937400528864"
"6AxKUreFLeTuiRoz2aQZFN1fVoxEq8Bwh7mWBiexSEkA","7jjqUSTsYLoVKvBwqkkLFrg7cJdkNpVMXYWdXhn49nin","","NIKE","2026-09-10T00:26:34.0000000+00:00","54.30722","48h+","keep","NKE","3930.5079231359537","0","0","False","False","1788999992","0","0","0"
"6b4vwnWniZoXYdnWSBN5yNkzZMM5kvqzvify39zkpDcM","96tsGrWnQam9ejsNUAbPa6UKxyG5uAMe4cAezVSXvAMS","","CHARIZARD","2026-09-11T11:44:58.0000000+00:00","19.00056","12-24h","keep","METAx","3998.0857207808695","386.6787230273107","5","False","False","1789127099","3.866787230273107","3.866787230273107","2.48769351178"
"6Ba5ecTyvuA7JfQNAeS4Spxdv16Myh6hNXWrHiaMSxtE","Bhz1skS18wq2sNp4bATqLyTnXeaJ5ASu34FnCFEd7BcZ","","MONA","2026-09-12T00:00:35.0000000+00:00","6.74028","06-12h","keep","EMBER","5232.191961883955","802.7338313307355","7","False","False","1789173037","16.05467662661471","16.05467662661471","10.66393259799882"
"6Bg6n7PPW6rZqgjKH5qjtm5nvBsTxV5gQ3Y3ENBeJKFt","CsWhMteLmvViJbMhHVGumcDixWHNkMJ9MgqjLsphmVwe","","BENCHOW","2026-09-09T23:51:42.0000000+00:00","54.88833","48h+","holders","MET","4622.140729208787","140.85081270177403","1","False","False","1789122741","1.4085081270177402","53.036027271727","41.400318472821"
"6c5sLHdbCtW6QhyBgR8Dkrz1vgGUTx3gZhCyMxyFqU8q","Da8LMCRRU3qRY7skNwGSNUUhorMvvutFSqJNFtHM2Ejr","","EMBERPEPE","2026-09-11T13:13:04.0000000+00:00","17.53222","12-24h","holders","EMBER","2464.240054340197","39.403079807850006","8","False","False","1789148546","0.7880615961570001","1.11235334206707","0.8546406316364001"
"6Ck5WvPgcBUASGdEn8BdEbGWoVoPjpbRTkTqMtH6JE4B","BvFYUQCjEGiwZfeNLYM58CXuvuPkSkatS1uLFfWX41Zo","","PONSOL","2026-09-11T13:28:32.0000000+00:00","17.27444","12-24h","holders","PONS","4013.6339950174433","1142.1778902557203","13","False","False","1789133658","22.843557805114404","34.6859962507104","27.748796993170203"
"6CQap9L6M9saVwfFMGLQF1X8efridSgPBvpKyCgUkYhT","EgHPbgHPM21eQkzpy2ZkUUk4DquMr7R56yFwL6PYmvbi","","CRACK","2026-09-10T00:06:22.0000000+00:00","54.64389","48h+","burn","KOx","3983.8287683259987","0","0","False","False","1788998780","0","0","0"
"6CrHUHCSYc8Cpg64QgdAQEcQoYycCq8NhrYmpdKeMZHq","2BwmutTh46FGrqfm28w2BJHnMJBZTexRhN4MLoJ5yYqP","6ZvQiX7qb3vzKhH9LAcWsRqDiZANq7gXGhiuQNVYCmK8","MCAT","2026-09-11T11:57:40.0000000+00:00","18.78889","12-24h","holders","EMBER","3164.7351743554054","89457.94833168788","1297","True","False","1789191641","894.5794833168787","894.5794833168787","546.071120105062"
"6CRPK9K2sKthLjkUvFJaimCnko89yP7YG6hfvGxATCRy","J4zixGYXpCeokJf4FxfdBN8odKje4hBcjaoFKJcHd3Ud","","HOTPOCKET","2026-09-11T14:32:41.0000000+00:00","16.20528","12-24h","holders","EMBER","2464.2713008611026","268.7893479185222","9","False","False","1789140200","5.375786958370444","9.329236907166003","4.2836495751460895"
"6Da3Z85JusbXpd16BdryEAj7WfFrnu4YFB4diNhazbCH","7dFLX1Uc1sqTuW8GvfTJjiU9ugADZkxEDaGFgzaaqqwi","","GPUCAT","2026-09-09T23:39:09.0000000+00:00","55.0975","48h+","holders","NVDAx","3921.5601025805413","0","0","False","False","0","0","2.0993201598009597","0.3938275959534374"
"6dAaFYgiWaZBBGn1qoND5SjRbtvZvQiky4ouT2WvWQE6","B4NcprfbThL9MwcNy8YNYCEwSg1WocEt218Pojrpomg","","FLYGUY","2026-09-11T04:02:33.0000000+00:00","26.7075","24-48h","holders","MSTRx","4081.2671918490696","0","0","False","False","1789099351","0","0","0"
"6DMzuvHJGkZZsQNYAbZWmvxm54Syyxn6WMgeAduhVqo5","GVQK12kJBH1hKkriSgkd5MZvV3Ss62BVmbhKXC8V3W84","","VOLCANO","2026-09-11T12:13:00.0000000+00:00","18.53333","12-24h","keep","EMBER","1758.6919496074042","0","1","False","False","1789128774","0","0","0"
"6DXqAhEuJXwBVYY8v6F6B42sGLqCLhXfUVVQKGfS44p7","4i7mttuMfTEWSZxjyiupZhuKPawk886cU6TQiig7rsgQ","","LPARMY","2026-09-09T23:30:47.0000000+00:00","55.23694","48h+","keep","MET","4535.080170310712","0","0","False","False","0","0","12.982273919999999","10.385819136"
"6e4Z8P8eM1CunH2BVfJpdzs6RuJB7Z27ZcgmZiK2D6cL","A95EzGZUhKGG8zjs8yXn9o4Fsd5oXrTmYN2CFdqK7HaT","","METRAT","2026-09-11T15:55:15.0000000+00:00","14.82917","12-24h","holders","EMBER","2010.3159624586126","10.058960421630001","2","False","False","1789153339","0.20117920843260004","0.27327713619312","0.1314952958797764"
"6e6GfqXVexxCm7AzyKTXTHgkDit63RK3aRPQgeh35RWu","98CKhwPh4GnNKTa7FjgTQjPFyANfvv7BnB9N814bdjeW","","EDOG","2026-09-11T10:50:43.0000000+00:00","19.90472","12-24h","holders","EMBER","4785.042572393665","33.99858404122","16","False","False","1789129980","0.3399858404122","0.3399858404122","0.23727974257056"
"6E7dg6gNYuPd9eZ9urm2rSH3oUXPra8pjA2Yi3jUw75q","7NtnCTz18LcLFDRyfgaaNmL8nscRixEKueXhHqyUknrX","","GPUCAT","2026-09-09T22:50:50.0000000+00:00","55.90278","48h+","holders","NVDAx","4104.255788707785","139.8884410220132","3","False","False","1789134322","2.797768820440264","105.88020738791357","79.15697793395843"
"6er8jJTPCX3xRpL3oMxE4CtMSZABstKsKtDzcQSLjLbR","4bJiZ6et7m8Zj1cyWPJbwfT5wwaD7mGKdF37SgRXNNyi","","EMBERHOUSE","2026-09-11T12:42:10.0000000+00:00","18.04722","12-24h","holders","EMBER","2234.765658438804","21112.598085568203","697","False","False","1789195430","211.12598085568203","337.1595802580832","243.36214880006582"
"6evvQifLN1qRf9tCYDVr31ZbHR9jqEtXbJaNxSHCdFoU","Cv2acvktYqvhR5PNhbZPoWhHhNZ1mTC2yQSAebT5j6ZV","","MCRODUCK","2026-09-11T14:01:13.0000000+00:00","16.72972","12-24h","bounty","NVDAx","3957.1975272590194","0","1","False","False","1789135270","0","0","0"
"6FAYUiTofKDkKoFcMULZMtidbbPFiV2QW89bqC9rwDaB","HYuNn2WdXjq3tT6qMQqxYkXyeNurrUrBBDvXdHbMa6Wu","","EM","2026-09-11T11:57:38.0000000+00:00","18.78944","12-24h","holders","MET","3258.028163795115","0","0","False","False","0","0","0","0"
"6fcfpAdxwA2yJp5ZDDBKpSCQ88q4Tz7q1vQo2maBHqx6","Dgnggqc1fsLeffjFwZoNysbadaBqQeKpVuwc15YmRunm","2K2X7oCbmkfCyS28VQnX7bqnnNGmtUbLCtanRUysNvNf","ARMY","2026-09-09T23:38:59.0000000+00:00","55.10028","48h+","holders","MET","4431.685302320114","7467.67","115","True","False","1789186154","74.6767","456.7732377136438","400.5180046725847"
"6fECDA2DD7YFPJjM1cD77CDb2ykZgpXDXpfbNKv5dmT","3NCp98L3kgmRXycX9kYXakW3pdPd3FXLSZyZXHAzksUE","","METCAT","2026-09-11T11:43:38.0000000+00:00","19.02278","12-24h","keep","EMBER","1570.2047339752771","801.4940509528079","52","False","False","1789127106","16.02988101905616","42.25719716431878","33.80575771751628"
"6fseaFnBcDcbRvRGD8wsce2sT69az8TXZdweouecCCUW","CJCQE5Wj6WwmNyYRceSrvGFwC1G29L1wFtdtXNJng6xT","","DANBO","2026-09-10T01:45:27.0000000+00:00","52.9925","48h+","holders","AMZNx","4058.4288295613264","0","0","False","False","1789004725","0","0","0"
"6FVpAsgjAZPfcrbRpyYRQ9orf2uKk3j7pSuWjDvNLFgY","2WbWMHQCvgmgA1DPntcLwYPENYNcG1APhDACnRjXSQS9","","BLAZY","2026-09-11T12:37:45.0000000+00:00","18.12083","12-24h","keep","EMBER","2228.944930445027","0","1","False","False","1789130258","0","0","0"
"6gBCyEYhQ1JVQwQS7fCMa61j9X54CTpw3SeJtvLxZsqZ","H1ZMD3HRJ7YFvDxV1VrpeA5rBPv88Tzy7ANcAabKrQQJ","","EMBERBALL","2026-09-11T19:32:22.0000000+00:00","11.21056","06-12h","lotto","EMBER","2481.92719431595","392.31425725886567","8","False","False","1789156943","11.76942771776597","15.414874554357699","11.713466054687"
"6gDiJe2PbPmwbbE1dLKm51jC8Uf3C9oTqQCh3SdS38XT","8WAGeBtjdgeR2wMy4LWLCGcwidGJV2ZUn8PFKTjH116g","","WHEEL","2026-09-11T12:23:45.0000000+00:00","18.35417","12-24h","holders","MET","3311.990294818843","0","1","False","False","1789129420","0","0","0"
"6gDqoRmbaBJ9VgBstktQJdQbivERrN6gSb51eATPdC4z","7H33ayfwXchWfLzzmZAYT7SQX5LeDFF1b6C5d1BxuDti","","ORA","2026-09-09T23:37:05.0000000+00:00","55.13194","48h+","holders","MET","4492.061437649286","0","0","False","False","0","0","41.473637585919","33.178909945796995"
"6Gh5hia5S5h8CduTnNRoxaW2zJQUE9Wgtyz29otofdym","AHjQjnVYAw4evRWPTDshmU4ZLkw2C3kK7X8GhVkJkS2x","","SUNTZU","2026-09-11T13:27:49.0000000+00:00","17.28639","12-24h","holders","EMBER","2627.5188396046765","0","1","False","False","1789133264","0","0","0"
"6gxnDHRLvCixiUxnDzpdb1Fed6AkMP1a2Bot7PDTcwYf","FrCtesAvpX9nvxK97zaJ5t7HZEXqnriSQeH5nZ4Nbq2J","","HYDRO","2026-09-11T07:48:55.0000000+00:00","22.93472","12-24h","keep","EMBER","8466.399971488947","78.74955511631","15","False","False","1789177332","1.5749911023262","2.3211728302966903","1.77468269656056"
"6hc5AeUenvrJGgiZbBStJBQ2w156DFbrAU7xWjMahbof","E5obPqJzJQ6gAqQGpKQbp1tnBsxYq7rw6hvRkc8WT8S9","","ETH","2026-09-11T13:59:48.0000000+00:00","16.75333","12-24h","holders","HOODx","3944.489505737983","0","1","False","False","1789135187","0","0","0"
"6hSQWim5u78o7F4yg899CREFjLr2tSUBKcavtZZ12FDB","2MqAzUgBj2nz9gEws7sYWZnvvWb6gsS3Y9sXYrhf6NhJ","","TCAT","2026-09-11T12:00:02.0000000+00:00","18.74944","12-24h","holders","NVDAx","3987.518078760874","0","0","False","False","0","0","0","0"
"6hyJSC7gWFQiu4rXiwh8wxiJH9HSMrE9x7usvQcHfSuS","HFhd3rNWd3ePyog8bNGmektPTH5QKJ9Z8VVQFCsNRHNM","","REM","2026-09-11T12:24:51.0000000+00:00","18.33583","12-24h","holders","EMBER","1818.1783491673684","170.96071022198552","5","False","False","1789129494","3.4192142044397102","5.264474894210879","0"
"6HzqmJg92ohs5uUch1jSAKQgZg1hsAgNDFZzJSwyuRGj","FWUXkexpJTHfTNFBpoNfd2vrwxKQLXichdY7Uxex1Y5y","","FLAME","2026-09-10T07:20:58.0000000+00:00","47.40056","24-48h","holders","MET","4304.61926813223","0","0","False","False","1789025697","0","29.532722614342866","23.532950828751808"
"6isEDaevp3VPgsdHyQf9NRwzkzTniXQTwMVvbVXhK7QP","Cjqn4PdKbFPjwF4M6dLUwntjRmUvk6RVzafsfwZxHii7","","UPUSD","2026-09-11T12:21:52.0000000+00:00","18.38556","12-24h","holders","CRCLx","4014.95988258874","171.61292851554833","6","False","False","1789132090","3.432258570310967","197.85220235381385","156.87409824944746"
"6iv6GrbuNNqxomuv11w1T3uogdtSUHY7dXUN6gWhSZSW","7wwDKDrzBMnUCQak29oYqp8Js75uFTGz7MSrQymu254Q","","EMH","2026-09-11T17:08:37.0000000+00:00","13.60639","12-24h","holders","EMBER","2353.6257674872386","0","1","False","False","1789146515","0","0","0"
"6jEoUDooPwT4zU1S2PjzCUPQtezL1R2jZs8mgmuDsrVP","Hgu6VzfDedoGcmvJFdDpT3jhUfes6JRRrUT1NpAMaTcH","","FIRE","2026-09-11T11:40:17.0000000+00:00","19.07861","12-24h","holders","EMBER","1716.0117679759703","5347.950230715317","167","False","False","1789136641","106.95900461430634","293.1938076341478","232.47179305624968"
"6jLzBst3JVGxqf7iFLc1gMhsxcGactafkKUuu2vFTwth","Ef27MDCD4JieiwD5YfX2o7iNTfurwdNTHigbo2VX1g1t","","CATHOOD","2026-09-11T15:50:55.0000000+00:00","14.90139","12-24h","keep","NVDAx","3985.4967272896715","0","1","False","False","1789141849","0","0","0"
"6jYmfiUFGHon39EZApTrvoKjQQcuB2taP9TZifSf3vZS","6Ln4Pgf9Jwx9c8JS7dpeJSXMi9xDpZYHzN8pCzVS8hPC","","CATDET","2026-09-11T07:24:30.0000000+00:00","23.34167","12-24h","holders","JUP","4183.051990254831","0","1","False","False","1789111468","0","0","0"
"6kgcvHVpTdhUHRBaLXbxZAxbZ9dcEou1oSEuF84XsRVN","8KkfUEZSET2TQzZBVvyqJ4bqLpYg6t96i684iQyh5dZq","","BURNTHOUSE","2026-09-11T11:35:22.0000000+00:00","19.16056","12-24h","keep","EMBER","2310.8519586612147","334.3170241057103","7","False","False","1789126749","6.686340482114206","87.35929748568986","69.8874379672644"
"6kz5BwDFcp6ryockPobXb2qGZZrSf1updCxsiLJvYeM9","FotiVq5Gpo74FGc7B8pg1PxSTSXoZwzKvcSRskMvGcvM","","GIGA","2026-09-11T17:48:53.0000000+00:00","12.93528","12-24h","holders","EMBER","2236.931067485608","5.11319086392","5","False","False","1789150734","0.10226381727839999","0.10226381727839999","0"
"6Mk8bXpHMaQSMWLwWWB1MiAfUQMruy7Rtnv9acUexADv","3dQeVAp5QGWHGvi7ZSxCmev4JqvUGYCi6DaTMwrdLexG","","CURVE","2026-09-11T09:29:33.0000000+00:00","21.2575","12-24h","holders","EMBER","6241.629526726543","0","1","False","False","1789118970","0","0","0"
"6MzjqVckqU6HbZcWUGvkrNktRHSbWwefRGob8dgwkcNw","9scmFF6KtPQbTu9WG37nxphQwnFXB4RGH3SckrtG2K1B","","METEOR","2026-09-11T12:16:25.0000000+00:00","18.47639","12-24h","holders","SPCXx","4014.6825937717254","0","1","False","False","1789128979","0","0","0"
"6nJ814Aj2VsH4ytdjFEfTcATmchKETYUK5S8WLieJqn7","6sjuezFGZMhG6EsKxXKgb7U2UcMrdBdXzbjkERzpSBCR","","EMBERCAT","2026-09-11T12:57:52.0000000+00:00","17.78556","12-24h","holders","EMBER","2127.861218474887","350.5753356539949","15","False","False","1789136345","10.517260069619846","14.333450545223842","11.257759242241566"
"6NYHxLL5a5V8WdznWqvRaJTCspHmMzKN77rdvrwobYiM","4Y7e86hFcrg3XEwjX78G85Hfd3gwEGuLTfAq4LvZdtYd","","ALICE","2026-09-11T20:08:40.0000000+00:00","10.60556","06-12h","keep","EMBER","2667.323333332407","0","1","False","False","1789157320","0","0","0"
"6oGPR5caqKj4gFXU873disCFTqgwu4mmq7Tuwf91wBPE","tiBJwbuxTcDykRCkkTgKt33zA8R6VuGAMxhkPPTaeje","","EDOG","2026-09-11T11:53:56.0000000+00:00","18.85111","12-24h","holders","EMBER","1801.2051753000126","403.0194520956975","15","False","False","1789130182","4.030194520956974","7.418390558449149","0"
"6oo5LEbLcQLTfZxPcVVYc7sngQjiCLWYpNZuwHY8Qhqd","2VWj2ioMA2XE3nsNfPZ1P61dHeLz3sinYrQYoktythGC","","CHARMANDER","2026-09-11T10:13:00.0000000+00:00","20.53333","12-24h","holders","EMBER","6017.76292717155","6297.34076481474","68","False","False","1789150306","188.9202229444422","188.9202229444422","107.65237612021451"
"6otr2ptVaC12RSnctGupWrVFX6FV5H4g7yvk2K6VvrnM","J2tqN6msf2hx5mzdBLBG7fkxPVjLpjoi6Afa9zzAwMCz","","WADE","2026-09-11T12:08:57.0000000+00:00","18.60083","12-24h","keep","EMBER","1657.3917535935668","0","1","False","False","1789128532","0","0","0"
"6PAWcuCF6jwHfshxYUWhCXYxTuTCMN43gM4P6ikpYUHi","2io8wLirKeRdZXCsxvdPbPyPaQ3wN9f8m7THcGaQMRuF","","DIVCAT","2026-09-12T04:22:26.0000000+00:00","2.37611","00-06h","burn","EMBER","5792.3604714801495","792.8958376819054","13","False","False","1789187186","7.928958376819054","7.928958376819054","0"
"6pFrCGDKWAKGGRccJAooMdnRce8iZNeMnmD6m7JGGU4k","GFgKSrFPoBZF9D8ZZzXJsnjcZb6WNjYmd6cP7mWfmuNX","","PELON","2026-09-11T20:49:48.0000000+00:00","9.92","06-12h","holders","SPCXx","3980.3321640026697","298.6546205227137","3","False","False","1789161066","5.9730924104542735","5.9730924104542735","0"
"6Q5s7sjikJN2X1rZZLfW9p3XMWzdbbjhDtxCZz3vzssi","9ajBpUxZCon2u6jwqoqouYUVfBqSjniRFEF2KdsySVNd","","DUOCAT","2026-09-11T16:18:57.0000000+00:00","14.43417","12-24h","holders","AAPLx","3981.855885449133","0","1","False","False","1789143536","0","0","0"
"6qFS19RNfQArrRYSuLx56uTVYsFefi8hyGJAxWAC2QyW","Cz79u66LMWXd9dGoLPVBccHedNXwy26mPSaeqbBFgpB6","","GAS","2026-09-09T23:17:59.0000000+00:00","55.45028","48h+","keep","MET","4522.5721022518055","0","0","False","False","0","0","25.606197739584","20.484958068729"
"6RacVzkEFJtPKFHKnz8gyk99pigk6JD5UsoWa96XDnFf","GVJCVcocf9qYK9JrdM3LtkVqco4diHX5mhAh2WC1JepP","","EMBERHEARD","2026-09-11T11:43:07.0000000+00:00","19.03139","12-24h","holders","EMBER","1480.1867500651467","78.0991052544","5","False","False","1789126999","1.561982105088","119.5944449945148","95.67555597531961"
"6rD9iWe1tCAtMDPgkzNp3PSkzqiThD7GvCwb3kYV7fy7","8ict83SwBhbNZAbWjXb2vC5ujPer4Q4jY8WthT3JeH9k","","CHIWIG","2026-09-10T00:41:39.0000000+00:00","54.05583","48h+","holders","MET","4344.567391049636","0","0","False","False","1789001111","0","8.6734306976","6.976219234869001"
"6rWNqGDEWLmMNBrkNnZqviQXKBkhXnG1UJwA4y8gukQB","8nQSR6Bq3fCRTWNfXHFB89Uj5Y6Hre7qrbwwPX4J9bXN","","BANJO","2026-09-11T18:50:33.0000000+00:00","11.9075","06-12h","holders","EMBER","2254.7253266570274","8.02306152654","6","False","False","1789154433","0.0802306152654","0.0802306152654","0"
"6rwWPWbGqbNLzfPxiV6bqV6tYqr4bbpzLmYnaB93XQ2B","96Kusmg1gvC75GLxx8BWSwCJwWwSRNEdaVbh1AXuqgYR","","EMBY","2026-09-10T22:03:28.0000000+00:00","32.69222","24-48h","keep","MET","4151.9303479921355","0","0","False","False","1789085694","0","43.03883009875499","34.426715215297"
"6si6KbDP7VDX9uWtzvhEdnWgKZrT3cHSq4dYbkWXMiRG","7eZZrPbCZxzZDd6Fj1RuEuPRFVa3hZfb91inoDtSN8wh","","CALCIFER","2026-09-11T13:46:56.0000000+00:00","16.96778","12-24h","holders","EMBER","3775.3110688080633","4421.752723018688","118","False","False","1789181492","88.43505446037376","129.37762621003154","151.56338498771385"
"6tDbPNLo11XuvRuBocJ8U4LjaDNLJEQsD5bnQEgiJLh5","7eEnexf2pHmqmkQiLcqWHdwsSUnrJbapLnqkrMUrVbas","","NAKHLA","2026-09-11T10:07:32.0000000+00:00","20.62444","12-24h","holders","MET","4478.376181428491","6296.077929877535","170","False","False","1789194059","125.9215585975507","125.9215585975507","93.15306334725601"
"6Te5REUEMqZvkZEDvp13jn4d9v4HfV454jgi6ERmcUPP","353ZAJ8hB4paZ9GbfWBRXFvz5fBZWwTZTHDsSvnU7TLf","","KINGDOM","2026-09-11T11:31:00.0000000+00:00","19.23333","12-24h","keep","EMBER","2292.1829146527452","0","0","False","False","0","0","0","0"
"6tgfDoWonn3Fs6C6usauVmHmSRQWVUF2CW4SvuRg3Hfs","Rig7qujhoLjnwTFpiLdjKeKSi8onHvCphLitW4s4cYe","","FIREJAK","2026-09-11T13:30:52.0000000+00:00","17.23556","12-24h","holders","EMBER","2610.140527727983","549.8981938706535","11","False","False","1789135491","5.498981938706534","13.599511863543693","10.731323974808571"
"6TnSJNXu9DRR6onYfBkxTvRSGrsni8AP8tuaftVHxMKq","BJbksnaJZp49jskNc8uMfxRD4JPKn5SrwmAupF161kis","","EMOBER","2026-09-11T12:19:33.0000000+00:00","18.42417","12-24h","keep","MET","3297.713795253882","0","0","False","False","0","0","0","0"
"6TrHHVVTmkwZxvZvBzmd8jCcAXoJmNFGEFRLrEEj2yRS","EaB7wWANpUNzZQTaYNuwgzDfba2eb6DQUDmGBtdvM5bx","","METHEORA","2026-09-11T12:05:35.0000000+00:00","18.65694","12-24h","holders","MET","3235.5855677798863","0","1","False","False","1789128324","0","0","0"
"6uKEnMWJEUCsp2fs8yqojCokmJ7B9j2GMxttz5JkfQwS","HBvvGwh6yfAJXNSzM1CMpswmfEzSbnbnyMkwXN2wNRMf","","MURPHY","2026-09-10T08:04:21.0000000+00:00","46.6775","24-48h","burn","MET","4325.0629224471495","0.206535762288","0","False","False","1789036878","0.00206535762288","0.299455618","0.234861342177"
"6upiQVKCyib1gz2pw5ZYPq1QPzV4pMX43e4eZc6wc4bc","9mUnXYEHmnSTy72nz5EPMEhy6nWfsKSQm7SLEsJKgXir","","TESLACAT","2026-09-09T23:42:43.0000000+00:00","55.03806","48h+","keep","TSLAx","3979.5040814151075","0","0","False","False","0","0","6.96603262405358","5.57282317814684"
"6Uz5Cv4VS6AcxczQfxuiQjkdvDkYN3VWTx5riuXNvdvU","DckvmTUvaXWSdB3DZYE7Q9wBegS1cvZi9Y3L4nomrUhi","","GATOEMBER","2026-09-10T00:38:26.0000000+00:00","54.10944","48h+","holders","MET","4342.470592304839","0","0","False","False","1789000704","0","0","0"
"6XCAjoLk5ULMXHJCMnFxgWkRo2Hwx9kuFx4VFkqc6G3f","BA1pXcRJ7na9v1S7yYSiqaogQciFkBqPhjxAyR5YZY1z","","MEMBER","2026-09-11T11:54:35.0000000+00:00","18.84028","12-24h","holders","EMBER","1744.2742223170787","0","0","False","False","0","0","0","0"
"6xcxGHxHcRBBTdoqxa684ostyZxDyQzUWxcoVoEdARDt","LmXxue9Trc1wXXp8EiNnNxULNpBEuz1jGSYfiZiQqhK","","SHIP","2026-09-09T23:55:59.0000000+00:00","54.81694","48h+","keep","MET","4334.103597019615","0","0","False","False","0","0","32.239791387804","25.791832987305"
"6XJPPrs4gTZ6DoF9FpDyQDNGKjoczHCwXChraFMy52a7","8kUSAh2QVSa1n6cUoaCQ6tKtSGbKuaU2RD862cmGirE6","","EMB","2026-09-11T17:45:12.0000000+00:00","12.99667","12-24h","keep","MET","3460.192497089725","406.21103429589203","7","False","False","1789149642","8.124220685917841","8.124220685917841","6.141510777486"
"6xTm76V5xdeCniPYb8FJ1FNP77A7JgZARLHkXP7Kz5ZV","37HCg73NbZwKjv2Lz86TJRAadfkmELG5Vh483f2ErqUS","","BABYFLAME","2026-09-11T15:21:06.0000000+00:00","15.39833","12-24h","holders","EMBER","1945.4815864304933","97.33507987795333","2","False","False","1789140725","1.9467015975590667","3.04967628261859","0"
"6Y5io4DSC5zqLzzuyVvZwPhxpv4PZg71EFU7RFVWVLvU","EhViZsD7CnptypU4QMQCex3LbrEDwxDV2F4BrE1MaPJR","","CHIPCAT","2026-09-11T16:02:25.0000000+00:00","14.70972","12-24h","holders","MU","3974.912509447333","0","1","False","False","1789142542","0","0","0"
"6yG97XaeNWi7MT1yEwoki75VFruaCauNV99q9tA1cmQw","Bub5aCC5rAxd4aeEroGncwwgUYURg1FGEtbFkHqouhXV","","AGI","2026-09-11T11:44:28.0000000+00:00","19.00889","12-24h","keep","NVDAx","3984.3005612221777","1325.0198806618682","4","False","False","1789127384","26.500397613237364","38.80476639088752","31.043812672618373"
"6yzjnD7Vss35vF3TR2Nphqwj8vXf7zGxyq9NENp5WtQs","FwFWCDQrmcfm8DWzzsW1Uu2pUccR5iLYAV2tBFsALGNo","","CASHTUK","2026-09-12T02:53:02.0000000+00:00","3.86611","00-06h","keep","MET","4006.1610785543976","3695.9913340174435","47","False","False","1789182667","36.95991334017443","36.95991334017443","260.034568883836"
"6YzoRDc8J7ki9b31M9PH9bHHSTyrrGnELuvuEWxsVGPw","Fc59iUjVzViUJWV6n6zess41FcW9AxGE3Uup7vrLZ48U","","SMARTPIG","2026-09-11T11:59:10.0000000+00:00","18.76389","12-24h","keep","MU","3945.9469751495026","0","0","False","False","0","0","0","0"
"6z2GMUdczLBfFpDTDaLFPtBkE13djopee1mAUtrBPic5","4AwD7VUHyUKQDNUrvBurirA63sb2hDrtVcokCouVkSQc","","REBME","2026-09-11T19:43:45.0000000+00:00","11.02083","06-12h","keep","MET","3338.15060996153","663.2193886303736","11","False","False","1789157625","13.264387772607472","13.264387772607472","10.190406302195"
"6Z5fKEKSKrXFw9nckczPWzXacALK1xUMc5yhtDwD9kRK","GiTEfPEShXsE5sergiQMVHe7y3G7Y4xSyGpcaQH5afMP","","METCAT","2026-09-11T09:59:24.0000000+00:00","20.76","12-24h","holders","EMBER","6273.216670681376","15.129315484409998","3","False","False","1789135781","0.45387946453229994","0.622008372","0.4690593955199999"
"6zA5u5iARepCL8wVhy7EpaaD6XiJw3ysXbaCaC96jB2a","7uWfXsgt8JbF4wk3eWR8J3nHu3WJmemQAnG9i5esUDgQ","","CUCUMBER","2026-09-11T15:39:34.0000000+00:00","15.09056","12-24h","holders","EMBER","1996.5503898462123","4804.354487197162","96","False","False","1789141941","96.08708974394322","151.12489461570402","120.80242114851305"
"6znv1FAdXsxEu7Bh3J5xRmdhhHSQWo7TnQzdRdXcTcWn","CEea5pUCBzVrV4PzfNjcwG2gSxEXqG6gWZeKDCRtDz4Q","","RIM","2026-09-11T16:55:09.0000000+00:00","13.83083","12-24h","holders","EMBER","2444.39786843166","25.41685692256","6","False","False","1789147510","0.5083371384512","0.60768892689308","0.47118737813463"
"711xs1oGWz5XWupjsVNiGWkxA8Tdt8mrE8BTQ2qpUhhQ","63HHUMgbz5gCZRhc5YKteoDGPoLP97UiYdPTCAydcrPh","","SOJU","2026-09-11T13:12:02.0000000+00:00","17.54944","12-24h","holders","MET","3477.7727727728393","0","1","False","False","1789132318","0","0","0"
"71uJJx7aVCksRy4zA3Bu1FEKH5tQ3AmcW7ERzwVcuw25","3REdHn58W4iG5pxawthm4YJnKzq9WwQNmADqXH2Hkaha","","COAL","2026-09-11T11:35:30.0000000+00:00","19.15833","12-24h","keep","MET","3482.367229168254","19118.039505974502","397","False","False","1789177123","382.36079011949005","382.36079011949005","282.1319889812107"
"733e5QrxxMcUKv2xR4puD2mmdy3BvteYsLCoUHKpBo6","EdSAY4bgamXcWmSdhBYtLTqE6ey9XpcwutjgVvAseb5v","","9E","2026-09-11T09:02:36.0000000+00:00","21.70667","12-24h","holders","EMBER","7280.2794165531395","74.77952144088","5","False","False","1789148914","1.4955904288176","2.33829359930271","0"
"74UA6mGCTUqZgsT52MWnrZhj3dxQLBP37Vi8t3Bhquve","3YaGEB2vbiGgJ9EyPmpNqJ1NRKChYJ3JK9nwC22tHRcd","","BITCAT","2026-09-12T00:50:06.0000000+00:00","5.915","00-06h","holders","CRCLon","4000.0001280346983","0","1","False","False","1789174203","0","0","0"
"74w3m5ZrBrvVm3ofwaoN5wZpBNB5Ut5Eq31iyyqB3D3","DtaEzz877KSvE8isBKPp34nzQSHwwccmkcGDUyQGYSfx","","MACROHARD","2026-09-10T01:03:26.0000000+00:00","53.69278","48h+","holders","MSFTx","4000.147897671142","0","0","False","False","1789002204","0","0","0"
"7797JaXVP9oUqzNnHP2juWDBGRQG3XgqGvXPcfZVaxQ3","5z4qgH4e9WMT8wsMViR7QwFpeDhjeKiExJiXEhzsoyhF","","3286","2026-09-11T12:03:03.0000000+00:00","18.69917","12-24h","holders","MET","3238.9706734099273","0","0","False","False","0","0","0","0"
"77CwpjAzTP7hRYdsSWE7qxJkmN4UttgQDr6XJdoE6cC9","6j2aEGhtS8Xtza3X3W53bHrZTyLrbj5rFcyL1E9GxeZE","","BINCAT","2026-09-10T00:43:24.0000000+00:00","54.02667","48h+","keep","MET","4348.767069494287","0","0","False","False","1789001002","0","0","0"
"78fD35XLJXZxExTSy944Bz2PGk9dTgr4yhx46JrB4Ye5","9GwuSrdg4Xb53orJHsZAQwbAXNyZ2idkfm7kZ7YqcsJj","","HOLDCAT","2026-09-11T10:34:55.0000000+00:00","20.16806","12-24h","keep","NVDAx","3979.197051048113","0","1","False","False","1789122893","0","0","0"
"796oAzSYbdPpBzJ7i8xz3PhvWu2dQhtM1aoUsTo7Buo5","AVqChZR7pLx1YAcvdNLmJrM7oNAjNowu7HKkVjpNBgMh","","KILNLET","2026-09-11T11:54:59.0000000+00:00","18.83361","12-24h","holders","MET","3234.934657391371","0","0","False","False","0","0","0","0"
"79DV9zAfhDkzLxU1Jy3bxhmdR46bXdyQqEPjqPLr62fe","UdsBJL2HebSFdEsrM9VGfK1agphSRNdzkkAo2UVRFeT","","OXYGEN","2026-09-11T11:54:57.0000000+00:00","18.83417","12-24h","holders","EMBER","1781.3570735126052","289.2791141129701","11","False","False","1789134041","2.8927911411297007","6.59640074572648","0"
"7ARubAN2a5U2cjPpzutvf5mhkQxNUMFBGwiFBaowARSq","G2sHM829T4PwbquTfSohG7TGc5KQ5nsqDJCtTjGCBg1j","","EMBERDOG","2026-09-11T07:15:05.0000000+00:00","23.49861","12-24h","keep","EMBER","9688.694074344785","45.391954268069995","7","False","False","1789149221","0.9078390853613999","1.2247099229641198","1.54236545767482"
"7ArW7EVe2YPThxUKmeyzVxdYAR4iAcGEPRmaqgHus7VR","4uXb4tb2YQuZgJiF8B1fTMCTxUNt5i1g5ymnDEZVEnGc","","REBME","2026-09-11T08:27:57.0000000+00:00","22.28417","12-24h","holders","EMBER","7538.442654334588","73.11498554388999","5","False","False","1789148977","1.4622997108777998","2.25311119043205","0"
"7BcxUmJFGg28bPmmFGhZXuUgyiuiTTXAy9SjkEroTQ8j","4CZ7aSqxp8ipZkp15wKCGh1REaHfHWMULLfzkoRTxNom","","CASINO","2026-09-11T11:56:53.0000000+00:00","18.80194","12-24h","lotto","MET","3247.5154214693507","2609.946354485075","61","False","False","1789127874","78.29839063455225","128.1172146914609","243.85712565525122"
"7BtYBLKxuBN5Rue6Lc5WxxRTQAu79JXDv7FPN7yvWVma","BSHdyhiqhb4jVHQYSChEn2n6rkfL7emH9BFJC9qmvXgc","","EMCAT","2026-09-11T11:21:47.0000000+00:00","19.38694","12-24h","holders","EMBER","2263.904908959871","0","1","False","False","1789125705","0","0","0"
"7CMaQPPHb3iNKSza7bUyXXS2A5fsmn6UUk3KoQg8nVs9","3HmX4WGY2bjm61NWCCsaBw1yWpf7BJKrmfn995XrYSQp","","ALL","2026-09-12T02:03:01.0000000+00:00","4.69972","00-06h","keep","EMBER","3907.5602719073445","1038.6815026786858","6","False","False","1789180382","20.773630053573715","21.06770000332122","34.55992986847788"
"7CqXuRanuTnDB1wyYWTm1QEwxSM5APAH6XZHafhnu4eE","Gq2ceiyr47iG3GgHXmQTgX1cDDqe1a8Qiph5aJettm8y","","AI","2026-09-11T14:04:08.0000000+00:00","16.68111","12-24h","holders","NVDAx","3952.7173387835915","666.1605861985095","4","False","False","1789135988","13.32321172397019","13.386384784057459","10.70910694535204"
"7CumHzhRuuF6EvhWFvDsPPhVq4cv8EAjQJ7QZS72q2Z6","7afXFVwqeMQgsmgsYUPYu3dFdn2DagQvbrB4HsKzwTPq","","CHEETOZARD","2026-09-11T11:28:06.0000000+00:00","19.28167","12-24h","holders","EMBER","2198.901056643876","3009.1883360809065","92","False","False","1789127538","60.183766721618134","77.75508734113836","62.20406983662674"
"7D76dXYvgGdPAas3Ct2z9RXPFwUngELLpXVqTFPwvtwR","8MY4uJ2PRw8aeivyvt5Wf9fVU28Tgb1E1k8Kw5kkFZcQ","","METEORAY","2026-09-10T23:59:14.0000000+00:00","30.76278","24-48h","holders","RAY","4469.336672558163","0","0","False","False","1789084779","0","3.121112626495","0"
"7dBSjKQqXsnHh63Bv6GrQpNWBz4Q93EVavTm8dzkiq3o","BPGTvdTCiZfh9mwyQXmtoguZUKfYLvCYuhAvxcikB6we","","FRIES","2026-09-11T11:52:51.0000000+00:00","18.86917","12-24h","keep","MCDx","3989.2533233591957","0","0","False","False","0","0","0","0"
"7DD4BYF9WXDE4qPuW3vyLtd3LusD48qN2TpoU9r9n4CA","5H45hTePYSQtbSzkPmMVf4C7nr2DMeGePUwfGZCBVqZr","","CHARIZARD","2026-09-11T15:48:29.0000000+00:00","14.94194","12-24h","keep","MET","3370.138163334079","33.790897331616996","4","False","False","1789142160","1.01372691994851","1.01372691994851","0"
"7dF5ESd6n4H5UcyV3EAQHSELNaZ1dct3ARdUqKH3TASA","5BaWwStZZc8Wr2ovNsWLtEArQzSqyT6MMiRnEf3Qc6Ph","","LIQUITITTY","2026-09-10T00:02:45.0000000+00:00","54.70417","48h+","holders","MET","4272.364231060565","0","0","False","False","0","0","46.727359559034","37.381887524289"
"7drwLZ715wWikcaGrGzBJXqXufYNhnJ9qTdBv8QBm4ap","8asnvY3zWLGxiGytgFLpoLHctVxAyrrWb3hY4FGvW4cC","","MF","2026-09-11T10:43:17.0000000+00:00","20.02861","12-24h","keep","MET","3533.5003541399756","0","1","False","False","1789123394","0","0","0"
"7efLeaiAapKitL5M7DnUotAYtKTBfTdK7e63SycKaECg","6i91HtYFSuDReuP8WvHLbfE45hGbHfTUC8W8Psaw44mx","H7roJVLnuDczswKsiHoUFVMMXDqHgHuX3wpzPm8SdXxv","FIRE","2026-09-11T11:46:29.0000000+00:00","18.97528","12-24h","holders","EMBER","3297.1227932596576","306167.89","4123","True","False","1789193339","3061.6789","3061.6789","1521.8578026504456"
"7EixxefjW1TjvgD7rDgT6SncQ42x2ncNs3x9L3H67etf","Bd2LNMDuyN4UVhjy8fB6znewXSo43F8XXcXspUhSAgvx","","ROSE","2026-09-11T12:19:27.0000000+00:00","18.42583","12-24h","holders","EMBER","1842.509641745107","99.40011603698072","7","False","False","1789131733","0.9940011603698072","1.4936837823458902","0.8829174683627099"
"7EjG3GJZKqyosWVtPgebLPZ4Sz5eJ9MfVCJDg2MgYq7H","9oHkcG9Jo8jC2i21SYMV8RZofns5wWyX3LhwRJ2PriFD","","EMBI","2026-09-10T00:25:08.0000000+00:00","54.33111","48h+","keep","MET","4336.19230501041","0","0","False","False","1789000186","0","0.0032455684799999997","0.0025964547839999997"
"7ELXK28DA335Cjz6WtLMcTdsTvtZqiQh1v4w68Dy1SxG","GhJgb4f1Ai55SmBWKbgg4rAfG7CNxw4TpquW76xbDR35","","SPYCAT","2026-09-09T23:54:38.0000000+00:00","54.83944","48h+","holders","SPYx","4015.433040570793","16.128153592539","0","False","False","0","0.16128153592539","0.16128153592539","0"
"7eniaJuouusJfXZR4hjFXWB64kFzcqdST2kLBUBbV1aL","HwWkPfVi6v9J2LB4WN8UCCrMycscLBJQVJTMyTHQwEAg","","LATTO","2026-09-11T13:20:41.0000000+00:00","17.40528","12-24h","lotto","EMBER","2339.6778988680944","256.36291045770827","7","False","False","1789160928","7.690887313731247","9.986655710982618","0"
"7EnJheU5s29QcQymP4GURaiUzrNBYa3XrUq2tfmeddxF","CABjzigGeVCwCs8WqGLxenLYYYfACWw21JMGMPUNzoKT","","MOCKMET","2026-09-10T03:03:57.0000000+00:00","51.68417","48h+","holders","JUP","4223.132102695554","0","0","False","False","1789009435","0","0","0"
"7FbQsDNCVqjL66VcrxSDjREUqvm7cG3pVvRwJorCXza8","HtiTDKLwh1moP4nKnKVbmGF8rFSaJyMnn7GWPZyNU1CF","","PONSOL","2026-09-11T19:51:30.0000000+00:00","10.89167","06-12h","keep","NVDAx","4018.7677034581234","11809.333682411387","124","False","False","1789162458","236.18667364822772","236.18667364822772","188.2685380528135"
"7fmrKkXtVX3WZLpVGBn1UzAseLxJYVG9cs6qyfN3J6un","J5w2xFv6PY5dYsFpZ6y7Em2hEK8RD4VursjDQt4YRePo","","CATIE","2026-09-11T11:46:18.0000000+00:00","18.97833","12-24h","holders","MET","3307.2307915491883","143.728463089694","5","False","False","1789131184","2.87456926179388","37.01237199233425","28.883917626342946"
"7G4821bgW8q4qag3DdTWgFpfvc3KTVSAue48DjDYfmdX","824hN49iX7Mm3gdBQS3GYR6gXAxx6mF7xxy2d2hJipDD","","SENDTEMBER","2026-09-10T07:44:23.0000000+00:00","47.01028","24-48h","holders","MET","4350.563595789214","4379.059378861974","65","False","False","1789136627","87.58118757723949","125.4009013206232","101.11218804209601"
"7Go5wbnCw4HHR9J96Zj4VKFvtLKZsmQXkmpQwKDLEpnt","GVmLyX5htNmkq38hfzpnn5wByV9Shk9ifNasnepneyFV","","TIGHTS","2026-09-11T12:07:05.0000000+00:00","18.63194","12-24h","holders","EMBER","1757.8152418587954","156.4099681089544","5","False","False","1789164100","3.1281993621790876","3.876199681184514","0"
"7gY4K12SDiZimiqBA8TXg393cMm3XRe3hH1Y8nDZxgbG","6q8BPpbzvczRTPHNJkHYWBkkgRZRYiFJXh9ebyB8rQ6Z","","MCAT","2026-09-12T04:42:14.0000000+00:00","2.04611","00-06h","keep","EMBER","4879.896370350851","243.07774530794515","5","False","False","1789189934","4.8615549061589025","4.8615549061589025","5.02746824099826"
"7h73rHqB7egcWmYqL2SV8HzC4xHM7EbDTpSuwfzPBqaB","D17553VdPBSAA1f1XPHmLs1FJw1rvKJ41doyxNWXBEgp","","SUPERLOTTO","2026-09-10T00:02:27.0000000+00:00","54.70917","48h+","lotto","MET","4277.403435482583","6.552182471061333","0","False","False","1789085329","0.19656547413184","161.795351374098","129.44792089721113"
"7HAESpGQefZ4yoWRtB5fZZ6pHpb1hYvJ33G7E8JX8e6C","GuBe3JBzYDKsb3w6UcXyc2q4p1SnZNiPAYEkTz5HMxw2","","AMBER","2026-09-11T18:07:26.0000000+00:00","12.62611","12-24h","keep","MET","3434.1409956785005","407.564668531902","8","False","False","1789150720","8.15129337063804","8.15129337063804","6.197237330466"
"7hC3Sj9NBS7bLQfwJtUp1QNGytY5bDJ6NP5jcGwPEXnW","HdWQyKG9MdJ8RmFtCgCpP1ZqvuXYRqya4CkEk8Z7Ktrk","","BUTTHOLE","2026-09-12T00:44:56.0000000+00:00","6.00111","06-12h","holders","WEN","3983.8657546608147","0","1","False","False","1789173895","0","0","0"
"7HP3cWDVvQgEkq9EHmLUoGH1WH6AqjxeZiAQn3haHSJ1","5QR8Q9mrhgdG9x1isSkzTKduo2zk5vFzDYuU9gPLFdvu","","CHONKY","2026-09-09T23:17:36.0000000+00:00","55.45667","48h+","holders","MET","4616.427292017117","904.2597100564797","9","False","False","1789160171","9.042597100564796","18.561692626551","7.884890201958"
"7iHrBXJPCoSPRjc24zz4af54fseP9THgp7FKujqwSpSv","5U5RdAugjgYTujtMu5k8yW6YGJqZqgvtpDAWBpS8BiQK","CXkP4MFsvZL3kKKgz2A7APxZQgkbQhEJKwQoWrggub4N","SOLCOIN","2026-09-11T11:29:21.0000000+00:00","19.26083","12-24h","holders","EMBER","2379.6984733164795","105018.11","1939","True","False","1789193628","1050.1811","1207.7879138403262","960.9143361380816"
"7iNvLui8khZU427yNvq23dHMDwGbMYs1A6prkJLLYmfZ","9d9oUUWBT1de56B23tYcENXosEKAG49LHnjnK6UCGqv5","","METLADEN","2026-09-10T00:08:11.0000000+00:00","54.61361","48h+","keep","MET","4294.796691737985","0","0","False","False","1788998940","0","29.06259048","23.250072384"
"7iTMwGXGZSsgo5vVUV5AUeqg2TWxeBrfWNCFCao3oLyF","3y51an9vioa7Q2tC6X5yQfHGUtcDWSVjxyTKYY5c1gFk","","TUKKOBIRD","2026-09-12T03:44:34.0000000+00:00","3.00722","00-06h","keep","MET","4061.986782022746","261.353804816538","5","False","False","1789185910","5.22707609633076","5.22707609633076","3.3057276916619998"
"7KDABKVgnbgvS8dHEG28cuNE6WeZMLKRrdxdkojWNLA4","95F2Squ7LYCLgT6Sh97Q44RFL7vPBKDp3cQExMaJNdsa","","BALL","2026-09-10T00:07:39.0000000+00:00","54.6225","48h+","lotto","MET","4278.458901802835","0","0","False","False","1788999057","0","45.139664954769","36.111731840877"
"7kGeZ37EaA5c6yCUbiFfujGcwMvc3gFxiZpiV9mEwMwZ","HuwvYKaaqhncLjSZ3ioUwL23m4AjRa3cTSrz9Tk2nLyB","","GPUCAT","2026-09-11T11:43:12.0000000+00:00","19.03","12-24h","holders","NVDAx","3985.0253750500437","430.1764960948698","2","False","False","1789127128","8.603529921897396","13.168777224310272","10.53912815557875"
"7KM7oyStz8DGEPeF5XFrXdvJ2783rCufreNSHm3t3Jqf","AiqizDYEjS6ZGc3dokDEopfQKFpmAXBY5rKZaauJpa8S","","EMBER","2026-09-11T09:37:30.0000000+00:00","21.125","12-24h","holders","EMBER","6308.650550705008","550.040849806447","21","False","False","1789160631","16.50122549419341","23.14689619388762","17.65411309109132"
"7KUUtBFCyfKVKeodNwnXYxd1YhBLzN5rZ2N4ykDSiQL6","9x2gBcuTf1McNbCkR71SHNHfoWPzKpW8ZRJ1oFYeCm7V","","CLAUDE","2026-09-12T04:31:22.0000000+00:00","2.22722","00-06h","keep","EMBER","5122.507379616937","243.07774530794512","5","False","False","1789189283","4.8615549061589025","4.8615549061589025","2.51762465179"
"7L4DWW378BFXbQpAgvesGwNAQrCP9uLmXD3vDYUgJvzt","H9ERAKBZ8CFg83Te1ZAChoS5yVmdtDgZPBcR6k4e3JMk","","EMBERCAT","2026-09-11T11:58:31.0000000+00:00","18.77472","12-24h","holders","EMBER","1696.5318976213996","4.3451395675","1","False","False","1789128153","0.130354187025","0.130354187025","0"
"7LUDBZmDC4neSxVhFBxAx8Sini8mcH1d2BJNcsNJUK8j","6cFe4vuXWyVQTE3xFkMf5rx6GRh4Wz8G8bUWcgR996Md","","HERPES","2026-09-10T00:51:27.0000000+00:00","53.8925","48h+","holders","JUP","4240.034786943904","0","0","False","False","1789001485","0","0","0"
"7LWS19j9F4op3CdWEVw5qsV1d3mtSqSNTZVvfTZQ5tYa","4e764ijp1DsCjQ7G4QAyGZKEM81h6rzBtQoqwkd95xTk","","FIREBOY","2026-09-11T11:54:38.0000000+00:00","18.83944","12-24h","keep","EMBER","1747.3183613386793","0","0","False","False","0","0","0","0"
"7m8hWpUp1zQhGJq1U5mYBivdq9vPnXNojpeuWuht67Ac","PFCAkmYsGJCbJHMnaQ4Q1UbGJV5EEiyCjPggTe7VbXs","","CHARIZARD","2026-09-11T11:51:40.0000000+00:00","18.88889","12-24h","keep","EMBER","1831.3328824182588","0","1","False","False","1789127493","0","0","0"
"7mmgXGAfWM5y7eFC5LioPRLnk2upJ7vtx6nJvwAiwGz2","7HW159GMQ3Qt7uoLg8uMJgYopW73gKLGKh26syNuYn7w","","FLAME","2026-09-10T00:26:45.0000000+00:00","54.30417","48h+","holders","ZEC","3651.306505907453","0","0","False","False","1789000528","0","4.1471379096000005","0.3769680071013037"
"7mNnmMKPiC4ZrrRQreU2qrCiJjBhA3c6VuMhrYnKG78c","917VagwsXFKFnCwqpsW13MBZChL1PWMVLQ7MtA57K54Z","9RQ6tyHpuEgcXfxeUvC156K9JbsCxqfZATibRMpURgCz","CHARMANDER","2026-09-11T08:07:10.0000000+00:00","22.63056","12-24h","holders","EMBER","20020.565485373514","295624.69","2828","True","False","1789194613","2956.2469","2956.2469","2075.9411212876703"
"7MNQmq8S6jV5BposNh5zS4mHNcMFfKMV6ZRsZXPBcD65","8GxSQ3LzZpTsqf7meyVmNT2aWoTB2TfeDFUC3yyRs1DV","","CHILLEMBER","2026-09-10T09:48:40.0000000+00:00","44.93889","24-48h","burn","SPYx","4008.15409134051","0","0","False","False","1789033718","0","0","0"
"7mQyG8H7Yd37Ajj3RjfGVts3t8KV1kWJUJvdHtYA4AcG","CihbVSabYoDBhPoPiDFJ5seyKtKfQfNbdzdzgcybDANr","","EMPEPE","2026-09-10T07:49:06.0000000+00:00","46.93167","24-48h","keep","SPYx","4029.112237563291","3.6385890244560004","0","False","False","1789027323","0.10915767073368","0.10915767073368","0"
"7NFQz1FbBq4Jzvzj6udMbEVESyN3Ts3z3n83u6Cib6tn","2Y3y7GkgEVeUqHV5Lj4gnLwywuLy6yBeL9JTvSdQ5vRH","","911","2026-09-11T12:49:09.0000000+00:00","17.93083","12-24h","keep","EMBER","2079.814068614101","3.05626358441","3","False","False","1789155448","0.0611252716882","0.0611252716882","0"
"7ompNE97naadf5SB34n2bCCb1t45u7oAgbrhEJ9Axaq4","ZpKduoegxXTD2dBCmdVbdywD4mPHrqz9h9LbD6BugYo","","EXTINGUISH","2026-09-11T11:56:15.0000000+00:00","18.8125","12-24h","holders","EMBER","1696.8840964132569","411.3526757595553","12","False","False","1789131940","8.227053515191106","14.91794428110084","11.542998622854311"
"7on11TqLzumQfxWMjC6cvK6c913F9YfEAYVEVdwvVuLF","8Q2QdQtkJK5sX3jwaUfUFMUjNmrzKSW8oqeEk9yXVa6p","","MCD","2026-09-12T04:54:14.0000000+00:00","1.84611","00-06h","keep","MCDon","4000.0002641267965","0","1","False","False","1789188851","0","0","0"
"7P2YB5M4AYzmMXgURQC4pdG7wNMAphHXNnvra2kFAVJt","H3D3eP5f9goGxmHYAekQLzkmmbQhYunKKH1csbbTaY92","","HYDROGEN","2026-09-11T12:16:33.0000000+00:00","18.47417","12-24h","burn","MET","3466.453525877384","10718.42917543042","232","False","False","1789159415","107.18429175430418","140.4354188184307","107.188988409826"
"7paoKN1ZNoZu3C8XmgJUzb7SF3gS7is2mibdb4TWP5Lb","7iVC6XNeHbUcjQusr9Am2eQcqpcfzWQdzPBJK5MTZ5yi","","CTEMB3","2026-09-11T11:59:58.0000000+00:00","18.75056","12-24h","holders","EMBER","1702.0993793231212","0.06187982799999999","0","False","False","0","0.0012375965599999998","0.0012375965599999998","0"
"7psq3gKBjzNtWsDjETbeDF6hPkbU8ukVdKPgDrz7xoec","99bPyt2YnXN5XWJ7KgajvZtV6B5og8mCX7Yk6bkRB8eJ","","EMB","2026-09-11T13:06:53.0000000+00:00","17.63528","12-24h","keep","EMBER","2119.3901830423606","0","1","False","False","1789132011","0","0","0"
"7PzkA1HvTCzUJk7iaKpHZW2p8RWWieYfp2PeL6X2xULN","EXWWN4vex4Knh1yXNXAZcX5pyi2g23jVZmwnJDccLKpr","","EMBOAR","2026-09-11T16:50:45.0000000+00:00","13.90417","12-24h","holders","EMBER","2404.4380601170924","376.2587593586235","6","False","False","1789148416","7.5251751871724695","12.353560389332397","10.529325296359499"
"7QFvHYLzYK5eUNWt54ATWNngA7xbZNFp1ydBLMtWnf2","BSg69F6dPgsqHyWhidX3TAfSHrbaEwKrgbDTFZo5dYoS","","RASSING","2026-09-11T15:24:33.0000000+00:00","15.34083","12-24h","holders","EMBER","1989.3105188560437","0","1","False","False","1789140272","0","0","0"
"7QgCGMnnv7itjGa7WAjdUGBurk8zSx8Gc4GjUnU3oDUA","EtSHafjxMknG5bmPTDi9o1UyTz97SD9s3caKY5aDPbNZ","","LOTTO","2026-09-10T04:16:01.0000000+00:00","50.48306","48h+","lotto","NVDAx","3926.328995046748","3.134010679986667","0","False","False","1789085275","0.09402032039960001","10.886744856","0"
"7qRrTCE1oLvSkCpUG7ZrGXPKk9fD1NawkY9qmHKh5kN4","BDhrhSAJjoruGMhVoCoqpkrvB8PXtKq9Mw7ARdL6oE3C","","293131","2026-09-11T12:35:53.0000000+00:00","18.15194","12-24h","holders","MET","3262.981635420251","2555.4006855786074","46","False","False","1789156781","25.554006855786074","73.782503408614","59.025732117023004"
"7r7G2pjG8MxDatGPse6xRks5frXuUhF2r6p31MXtyr1D","ACmaNQDnrWhDVH9fyFfa5Twp74AKjhr3QeN6jJw4jzsR","","METHEORA","2026-09-11T12:08:14.0000000+00:00","18.61278","12-24h","holders","MET","3305.7026707757","347.28399582497605","4","False","False","1789128596","3.4728399582497604","3.4728399582497604","0"
"7RDVw4GL14ALUWf35D8wn2GHcPv6PifVtDNZRwbLPgDV","AVvFeq9HbAf2Q5vaDv1WFsP32o3DnZ6mU6Fur7VJHKFL","","ZUKO","2026-09-11T18:03:05.0000000+00:00","12.69861","12-24h","keep","EMBER","2273.480497506655","5.1131927814900004","5","False","False","1789151587","0.1022638556298","0.1022638556298","0"
"7ry9CaBfGoJzAWDiMUHFbeWxcsAxy1HSP95unYrJ31Zf","2Max42su4mr5EoCuE7X51TZUbVwyxdd4Z8begSVrZ3rg","","CASINO","2026-09-11T11:54:33.0000000+00:00","18.84083","12-24h","lotto","MET","3234.9346002779744","0","0","False","False","0","0","0","0"
"7sc3QRpK6cuz1YTM3zfDRjyStt681M4gzTJQEyKc8JYn","2ybuLrhiwrf6KLs8kRU6cn1C8jDYeqVeyj8Ciar54RJ4","","MEATBALLS","2026-09-09T23:38:23.0000000+00:00","55.11028","48h+","holders","MET","4471.967724032815","0","0","False","False","0","0","17.902469064249","1.3689426740219999"
"7sJzVEmkuSwgvDCxbmeCcjQ99CDDSjeq34BstCj8hiAd","21qrKsC3gxZ3SeKLQ9koAXGndDp9qXKbmVFjqBCcWkH8","2FDwWfwFG5fi3tx9Xv63rrnhnQ1bLJmbkm6XgwZxkrfk","BALL","2026-09-10T00:05:07.0000000+00:00","54.66472","48h+","lotto","MET","15018.099210407654","46517.8","729","True","False","1789193782","465.178","2334.215081947729","9384.352955178918"
"7SKSCc9x1euvVkDnJ5CNotBFNQVRaEXu3eGqci5hDP2w","5W6WjpBqriLhTwwYixPKJmgjRVo9VPakjToD7pjRgfpX","","CASHTUKTUK","2026-09-12T03:06:49.0000000+00:00","3.63639","00-06h","keep","MET","4001.3667131992875","1625.6199162508026","17","False","False","1789184209","32.51239832501605","32.51239832501605","283.57881454436796"
"7SPyCGTKMR53k1SdhUzgqBQqtg2WT2i7Pw9uCiKHK2Cg","8R1Aw4TLy7hYRhsLuYKtrAfqeEeB61qVekhRYHEd3YwW","","PHOEBE","2026-09-11T11:24:34.0000000+00:00","19.34056","12-24h","keep","EMBER","2166.2443476059384","344.2783757815187","11","False","False","1789125886","6.885567515630375","10.120560012297299","8.0964479866746"
"7SuAUQdnXuJ1pX22yyb4C9qSVQFVj9BRK6z8T8MZHgrS","BqFBiu5vd343VEsdvG5xxji6SzBjMpVhF6N5Z3XkjNNa","","HELLMO","2026-09-11T11:17:56.0000000+00:00","19.45111","12-24h","holders","EMBER","2807.926396020023","30455.135229909898","1027","False","False","1789189711","304.551352299099","512.579616770587","398.59203880557396"
"7T92JSKFbNGuER97VxTktrVRrkJGRo8b8feHFCcXN4p4","GKGzHXYSBRYyZS64L72V8H4XGy1f5DaNuvVFV7GYnpXa","","PEPEX","2026-09-12T05:28:26.0000000+00:00","1.27611","00-06h","keep","EMBER","5416.667862695039","243.0777453238619","5","False","False","1789192707","4.861554906477238","4.861554906477238","1.1822823332685002"
"7TrgPvBhuxi1zbYwYda3GFpKhBUGU76qcvQqPu6im6fn","BGAvKUHi5dnXhr661pHoEwvw3QPpNmQSwuGjHQsYgqB2","","PIKAFIRE","2026-09-11T11:52:43.0000000+00:00","18.87139","12-24h","keep","EMBER","1763.7091423701552","0","0","False","False","0","0","0","0"
"7u1v4FtKzP2sw9kVcKkYTJ5tR45qHUQjqCi7kiHErcts","4BWFUPdHaBRTtxiJURbBNgMUiJ19ewXn1TLmmXD245JP","","EMBERHEARD","2026-09-11T11:44:47.0000000+00:00","19.00361","12-24h","holders","EMBER","1985.1153761073697","12153.559844817619","374","False","False","1789189754","243.07119689635238","540.1104316085826","422.318240017765"
"7U5qe3381A6DJbif9DPcYnJFF179QjJMHmy7cBaHqAo5","FVTQjnhTfQYyhUqS2YJRhfWpgk7fZSQBjNutRPBRNixY","","FIRE","2026-09-11T12:43:30.0000000+00:00","18.025","12-24h","holders","EMBER","2270.815234263332","2468.6028375131177","63","False","False","1789138833","49.37205675026236","70.51359751398773","55.959448083367"
"7uGVxHeczNqKgyEFoFCyCAnmFTwyxw6VADWWPTBM1Gm","4MZUcEj4UdK3GkjjZH7z6udT2KsDJCAZEiY4Nb4iF4ZU","","EYLD","2026-09-11T12:54:36.0000000+00:00","17.84","12-24h","holders","EMBER","2022.3471766230696","0","1","False","False","1789131275","0","0","0"
"7UoBnVsGQmQ3HyKY4uDYryLaHf4G4QmXxg3xbb4fyr8k","F4j8uDu5KKe6mUZJUgFkYqtv5HoGEdhBPgPBznuFgohn","","REMEMBER","2026-09-11T12:03:08.0000000+00:00","18.69778","12-24h","holders","EMBER","1829.3613641988934","2166.268480945866","71","False","False","1789130385","43.32536961891732","72.2110693582017","56.0114149374117"
"7vco4hwm5zCQN8RQDG3X5vPVnT6dAEtdGdbhQpn2RJgv","xMmKtCVSfxw5iWKwh65MuWPGfJNrCJiagSSBWFsNNZE","","GOUR","2026-09-09T23:42:33.0000000+00:00","55.04083","48h+","holders","MET","4393.358918235968","0","0","False","False","0","0","45.718277895906","36.574622234766"
"7vjeAhSdWnh3Hzi69B5nT86yjD6wZitHuJDdrU1H7ukm","43kNbD44rizVuQgEBcy1iaPEY3djcPBBckPEJkpFEvm1","","FROGE","2026-09-12T00:46:33.0000000+00:00","5.97417","00-06h","holders","WMTx","4015.962880782822","0","1","False","False","1789173992","0","0","0"
"7VpcWPZCQmoXbDy8z3ryf5su6vMNz7vh5bxK8Age9wJk","BxdKd5GcmPqbLAJkbB6wMXKyMXHJCQc1yuB5H1vQJ3Vw","","MYASS","2026-09-11T18:01:14.0000000+00:00","12.72944","12-24h","holders","EMBER","2259.829728178029","5.1131927814900004","5","False","False","1789151476","0.1022638556298","0.1022638556298","0"
"7W75F6gRAUYAH7BXbD1nAPVkCvjGhz4oSx9KyHs4EDFn","3Au9XBd6cUMqf2FWqJqtw5eZmKg33zVjqx83hmeviCLC","CMjf1eaP56eocQcGW8rEKfacYwKkoA2HEcXb4Kas3zib","FINE","2026-09-11T16:34:57.0000000+00:00","14.1675","12-24h","holders","GOOGLx","2813.751264023135","119221.07889885604","712","True","False","1789193215","1192.2107889885604","1192.2107889885604","445.5038000068781"
"7woMdaFrUaWg9fAVKCikuARNWYPfT3AmMVbB8pLhxSvc","5Tde4rJuJBQHYX5psKp8wCeJsaxNBRkc2nRdqf7n8guG","","KRYNITE","2026-09-12T01:43:01.0000000+00:00","5.03306","00-06h","holders","NVDAx","4005.4047450672024","1364.933776309404","11","False","False","1789177517","27.29867552618808","27.29867552618808","305.6084194691179"
"7wsioLbZNZdSLuNcBvFk8o3nJf5BkPoNK21vFQ593fMB","BWLzRNJBPCEw8S86tVpMxJz8JQYviqjPtTsEZkaEnKhR","","LUMEN","2026-09-11T12:53:04.0000000+00:00","17.86556","12-24h","burn","EMBER","2129.481717286809","0","1","False","False","1789131183","0","0","0"
"7X58bMvUt4DVTMH9pxmKWHHA32aTmQ4J29YjQ15DiUvR","4czWs7NYzKPr8AnxSsopvaBcyBC4vLUkmRdshZMvZMhj","","FIRESTICK","2026-09-11T11:50:02.0000000+00:00","18.91611","12-24h","keep","AMZNx","4062.36245984594","389.7516333014692","5","False","False","1789127430","7.7950326660293845","7.7950326660293845","4.96129073575968"
"7xcS1NxV1RC9iKLTGmafUfY9fmkqo1MotdEt68e8XDgM","TTzV4bZqiBhnN9xN7sjsj7TAoDtubZrFuA3aqX8DiFk","","GOBLIN","2026-09-12T00:50:58.0000000+00:00","5.90056","00-06h","holders","DELL","3997.6850320244594","298.779166315422","3","False","False","1789176184","2.9877916631542196","2.9877916631542196","0"
"7XmaUUj2PQw2sQvPKkomKUQXFNtqzMo2DURHhrk7rnN2","DdetkWKRyY1jTTyWdT2HCEhXQyF8y2c5PJz9sh8s7pdF","GNCR91v4bo6DG9ALVDUzNv5wMkawDMLPTA3JfFE95FA6","GPUCAT","2026-09-09T22:34:22.0000000+00:00","56.17722","48h+","holders","NVDAx","105141.86726299011","215394.95532904848","4129","True","False","1789195455","2153.949553290485","3530.0081878202354","2736.87201399173"
"7y9sYZaPoc6DPfhNfXXN94uYiTv3nJN7VDETar5sHFnS","XyxVzWRdrB4KXa98q227DTGXia8smYYFSJmQuACy4jc","","RAYDIOM","2026-09-10T00:16:21.0000000+00:00","54.4775","48h+","holders","MET","4365.647340240197","0","0","False","False","1788999975","0","0.321322958649","0.2544274044"
"7YDXeT9MC7zkTFELwahxi3kFSmhFmfdsQuzeAxB8QgHJ","5nv9W8omQkZF7FSi6H9vBvbttaVFfE2sYdgebLqL6bd7","","CHARIZARGO","2026-09-12T04:02:59.0000000+00:00","2.70028","00-06h","keep","RAY","3985.5173827398526","0","1","False","False","1789185778","0","0","0"
"7yG3ja7UhcQy7Z7PfEA2hVMk8YrU1xHDfz78X26Czbje","ANvEKsKJx2Pi8KjZbhFy7mrPGnNUxPjeR2WP2TNrCxfX","","NYANCHAR","2026-09-11T12:50:41.0000000+00:00","17.90528","12-24h","holders","EMBER","2183.617921513587","1035.9875342430303","60","False","False","1789188191","20.719750684860603","31.643922618347336","25.206834957362368"
"7ygh92kqZtRms8uJLVG2AgJ5RY1mY9CL5dyTyLJxt5hW","8NHLLEbyRSqckjY6pWj4mCuVg3eoiDsRNDwTRzv6xxLG","","NOV","2026-09-11T12:57:22.0000000+00:00","17.79389","12-24h","keep","EMBER","2023.718929182921","0","1","False","False","1789131436","0","0","0"
"7yQ9gbzAX259Unip4UoQWQ3DkaSc66yiRSJN5kLLS9co","BrANSbWDQTK9k13ZAJjDBMWSNGVTjVQQCFGQzVzTJGhW","","EMBERMAN","2026-09-11T12:21:50.0000000+00:00","18.38611","12-24h","holders","MET","3338.420331707099","7.206568959999999","0","False","False","0","0.1441313792","0.1441313792","0"
"7yR8c8yqKTTdJxhg2Jvca2XSMfXtmHUREkNSyrv71JUy","ByuvBcRNDhobkUtbdAQb2D2TgusZNGMDd1idWhtcPkzE","","ROCK","2026-09-09T22:43:58.0000000+00:00","56.01722","48h+","keep","MET","4632.8477952684325","0","0","False","False","0","0","77.49458284444799","61.995666029682"
"7ywicykbCkGQv6vLrqeSqjd4z4F8UzG6irnCpv9AWjnr","44iJqYCSeHMfV8fDhASVzGioc5X8c7yzW5GnkgJjK616","","MCAT","2026-09-11T13:16:54.0000000+00:00","17.46833","12-24h","dip","MET","3535.7704137923565","0","1","False","False","1789132610","0","0","0"
"7Z8xsnTaRVSk3ZRnEe1YoxQSR6Fqucinsc4iGW9f45r3","FwwVf1NdC1KLsEQ5JhKWNVLp2KGzq5ibSNUkQayaNSVb","","SSCOUT","2026-09-09T23:14:24.0000000+00:00","55.51","48h+","holders","MSTRx","3926.112639994681","0","0","False","False","0","0","10.322545562758801","4.190423235524224"
"7ZBRkXnPYB17oitNeBQ89m5YDW6wBpQqC2HEbTTz4K12","CDK7rZhzYed1YG933Np8iRoQatL2PrU9BinmgQSAwG7R","","METH","2026-09-11T12:48:53.0000000+00:00","17.93528","12-24h","keep","MET","3307.690737434013","0","1","False","False","1789130929","0","0","0"
"7zSyyGYaH4dBtzWQBjEsS9JxnboJy3CY2gtrYUdc2fJ7","2oEFMtDq5jJzRTEowqZfG5P58V7xBXZwKQB7PX7tSqJh","","FROST","2026-09-11T12:28:11.0000000+00:00","18.28028","12-24h","holders","EMBER","1860.2892159314022","23.800425763419998","2","False","False","1789130214","0.23800425763419997","0.36827019546905","0.27903502893265997"
"7zUEXK5aT7PAjEuP4ngsBuN3xGJqBdN3cBc4mo2bSnPt","6CUty7R25XQ4Tyu6hvsFzAJAcaCTGFqhUWxMaiR9ZrF2","","COAL","2026-09-11T11:23:13.0000000+00:00","19.36306","12-24h","keep","MET","3247.8419946840027","461.31231445528596","5","False","False","1789125855","9.226246289105719","9.226246289105719","7.363452616212"
"7zy95zVy5f9hmkeRGUGyzK9ZTgqw1KCqmw3djoKsjPkr","75L7FM7GvmSDgvhAo7FwR1nHcf9hJWLqci3vUxX8Pook","","CHARIZARD","2026-09-11T18:53:10.0000000+00:00","11.86389","06-12h","holders","EMBER","2354.3092528296265","0","1","False","False","1789152787","0","0","0"
"81JWAn6L9oxRgajhyGxaZxHNMsg7XTcZRBKVEK2gXQif","F52R2pj4dphCghFUYJ1y2jPkXrhKn7UwcG5oNQtiWW7c","","AID","2026-09-11T15:04:07.0000000+00:00","15.68139","12-24h","keep","EMBER","2112.9076210334447","0","1","False","False","1789139045","0","0","0"
"81MDjy7VAyzAf2y2AoDVtbQAtjWcFa4G57ny281NUTNU","8ZtVpWb4uQz3ft6VPX3vAD4wnAeaMftEWwDcPbbftGGf","","PENIS","2026-09-10T07:13:27.0000000+00:00","47.52583","24-48h","keep","PLTRx","4109.0728413176475","0","0","False","False","1789025768","0","1.3602656018708141","1.0771461398777398"
"81ZXndRZ7gV39U2kAMhXWBNgXR1tYvLuuTUBVth4FYYo","FVNxBBiMKgMqHEK1JRqsq8dTCwZ7yEfaYJnqaX8AznYF","","MEMBER","2026-09-11T12:34:03.0000000+00:00","18.1825","12-24h","holders","EMBER","2146.9645167054246","48.413809584410004","2","False","False","1789130948","1.4524142875323","2.1833809497599996","0"
"82cHn3MF9ge3jDcFeVh7F8E6TTK8N9uYYAQfh2UToEsv","85Z7GomMV827CfhU9iDkvaCC3kYqc3nisP5pCk6aCShL","","JE","2026-09-12T01:43:28.0000000+00:00","5.02556","00-06h","holders","LLY","2314.1502441800994","267.51869844157443","5","False","False","1789177527","5.350373968831488","7.490938428574999","0"
"82hE8Q4q4t8ZVoWWwvxYf4RZhpM852F9K7cjbBqvsdQ2","HAuCRrg96HHuCyQ6d1iZxQWZrPwK9zM2kAY9Eq4tFnTu","","GPUCAT","2026-09-11T11:53:25.0000000+00:00","18.85972","12-24h","holders","EMBER","1763.7091423701552","0","0","False","False","0","0","0","0"
"82jSsVcebzJ8cdY8aUTXVEgGP5qgUQSuNfKgggHun4fo","9tEVXXzGMKXJ6QzQ6UitMLQtPyTmjTzSmMsfFi34ddf2","","FVM","2026-09-11T14:09:43.0000000+00:00","16.58806","12-24h","keep","EMBER","2111.0994520148306","0","1","False","False","1789135778","0","0","0"
"83jvmwyv4ZqHTpsYmrJpmP6Y3kUur3woFYLaEqhEZA3V","FQKLgrmSSGJvkGdSVY7bSx5gdVYpW48aaYF7nSRbcZ7s","","FUCKPUMP","2026-09-11T11:51:50.0000000+00:00","18.88611","12-24h","holders","MET","3209.019231503376","167.03457211490004","5","False","False","1789127515","5.011037163447001","145.45886465779202","116.367091615026"
"83LzJNgASvxLQaAyVg9YVGoAWKiHot7oj5UKjKtLFBZd","FPZHSNGNpm4YnXQ9DE9xc6RZBABL2r3Wsb7cUMgfBPrG","Bq7tCUtoJdVprQgZeKuU66KaYoUaetu2SYeTcCTyCwh","LIT","2026-09-11T13:31:50.0000000+00:00","17.21944","12-24h","holders","EMBER","108494.04492339889","268454.32","3699","True","False","1789195481","2684.5432","5875.931405299005","4660.90108517526"
"83oCr769FM9wVAKUFfnvu62fFuVN6wqQpFDhLsnWbepH","BDm8ucyuYSCe8meiUu1qqMYKK9uNZCzHrYm6Ef2wFjWH","","WOOD","2026-09-11T12:07:59.0000000+00:00","18.61694","12-24h","holders","EMBER","1743.7988856282607","917.4816564139165","38","False","False","1789129084","18.34963312827833","48.66509188308416","38.93207349994015"
"83YusTnR3ZMk9GBxk32dvBqzooyMLs2qM8kAk9U4JCFm","5sm4LHx4d4tsxkh8rWjRk5kuUv8H4kWxDA3J6t6ETScs","","MER","2026-09-11T11:39:44.0000000+00:00","19.08778","12-24h","holders","MET","3413.680639374127","1581.8632359013084","20","False","False","1789127565","15.818632359013083","41.792688034358","33.47789698225"
"86b4BWCXDav1oq7eZcxwCBFX6zJxDb7hseF37jPcep7V","NMj2JaH27tWACuF4y1sANLY4YSWAfL11Er2BREN7xbK","","AGENT","2026-09-11T23:29:03.0000000+00:00","7.26583","06-12h","holders","MET","3749.9626741818943","588.43926802054","5","False","False","1789171151","11.7687853604108","12.48499272048","8.2591347127436"
"86MbbigaqusTSkDQoDrRVoYnUspkwm15YqVQiyDmuR1G","CozF4RLvJRs2jQzHaH9NeKcQjoPonYVi6wMubBwZmHHk","","CHILLEMBER","2026-09-10T09:50:10.0000000+00:00","44.91389","24-48h","burn","SPYx","4008.185399061833","0","0","False","False","1789033808","0","0","0"
"87JW1e846biZ1p8GERvUyaasXL1tyns5et7dxkVmRPKH","3Jbho3NKhwAy2Xi2mfkvwHb6KcPCW1WcnD4s6G4P4Sxc","","AKA","2026-09-09T23:56:07.0000000+00:00","54.81472","48h+","keep","NVDAx","3923.8390621451063","0","0","False","False","0","0","14.141985004919071","11.313586227860672"
"88exTwGu41AreK6CCuDMdqYyH9oMHAfJdhoxjNanBRZe","CG8vUNqxXCz5eRE6wBtPJGbh9He6NkozF4DQqvg81gJ3","","EMRAM","2026-09-11T23:14:17.0000000+00:00","7.51194","06-12h","keep","MU","3998.8994064086387","0","1","False","False","1789168455","0","0","0"
"88yws24im3Ku7pYo6SfAUsnRWA75GduEJKDZhiFkMCgU","CAJYHbQqsGSGyvbMncP36Cjp5BfYB4J3E6rWTigRV9VP","","CHAD","2026-09-12T04:44:02.0000000+00:00","2.01611","00-06h","holders","MAx","4359.1852898441775","397.53958585434617","95","False","False","1789194780","11.926187575630385","11.926187575630385","10.259128230748107"
"8aFBGhb5NuDUfV8bBbBc2D9gVGovc4J9WAFTkEFTKqcu","5cN3VX1gdpZyd8hLbmSHkvM2kx9RE9U6ECKXHtVCmYPo","","MEMBER","2026-09-11T12:24:35.0000000+00:00","18.34028","12-24h","holders","EMBER","1773.5191422504038","16.077103329589992","1","False","False","1789129488","0.32154206659179985","75.11506130075735","60.09204901634183"
"8AH7xVTmTuot1n4B3HArRosmQoFyww8wZTEin8zrFZVj","Hp6fjgLivjHrdd7vrirEXMQAT2djbVXhUy1NB2NJevb7","","WAVES","2026-09-12T06:36:11.0000000+00:00","0.14694","00-06h","keep","RAY","4005.3360213859746","298.083270799629","3","False","False","1789195094","5.96166541599258","5.96166541599258","0"
"8AhxGuJaMHpLkDaRUQLmGT4bZYbKaXWthhYWiX83bdCV","HPpmQXJXE5EHxFGsrNUnnsuS5VcDQjN3B8e6oiREZBLY","","BULLSHIT","2026-09-11T12:44:34.0000000+00:00","18.00722","12-24h","holders","QQQx","4007.0912135451695","3.9265040456271","2","False","False","1789157368","0.078530080912542","0.078530080912542","0"
"8ajV9g2HQXngVc1h12CyUvWnAzbuH5ifKVNUpYVmkAwC","3Zn8VWbVvLsn16zRG6BreLPjZYhzb4pdR27ZnVdDFCL1","","PLOOP","2026-09-11T15:44:24.0000000+00:00","15.01","12-24h","keep","EMBER","1977.5198693064578","27.874276133000002","3","False","False","1789142318","0.27874276133000003","0.40495762695888","0.30092328339502"
"8AXYbQi7qeiHtxD2JdTz9ZDQBBywGYJoT5CMRt4T2MnZ","4cs4y5Uon6PkHPtSEsAdzzkdm9TwTssY7A4tcX94taJS","","COIN","2026-09-11T14:22:49.0000000+00:00","16.36972","12-24h","holders","COINx","3867.389326403914","32.936142628325946","4","False","False","1789148975","0.9880842788497783","0.9880842788497783","0"
"8badxf1pXs9XNFyNnxHF82wLXBUzFEffhNqqrvUBJ1Eb","BJDHhHqkrHhZ6Q8roDnFFrJAcvCS6yCvDBuyhmdCGWvZ","7DUkohRtjfjcvq5waM1Wb1sRP61ae3TPsymEJRZd4h6Q","MEOW","2026-09-10T05:56:44.0000000+00:00","48.80444","48h+","holders","JUP","27703.653993336124","377044.18","3683","True","False","1789195460","3770.4418","3770.4418","1142.7457038912814"
"8bGVZ1vo6SpqPB9maiCvPwaESbC8poie3RkvHDZurWEN","Dhct9mxhH22EbiY7GzYKYDMAeLuw5Vcd2MPHcPoTcKUX","","EMBERFROG","2026-09-11T11:10:24.0000000+00:00","19.57667","12-24h","keep","EMBER","3193.865144706866","0","1","False","False","1789125021","0","0","0"
"8biYqyL2fRxPuLtWSeMeiKvBZVUD21EYh6dkoTZJvsdD","EhLCiCqmzM7bRQALa1TRbdw2GkxHhtJWufcRyRTjqE8S","","GOAT","2026-09-11T11:31:55.0000000+00:00","19.21806","12-24h","holders","EMBER","2270.2046331674255","11.370208662730002","5","False","False","1789178488","0.11370208662730001","0.11370208662730001","0"
"8BPbNGDwqmtPUwAZR2epQ8DFspUJcxVbQ3GdjoGPhFQp","DbTwpmrMdYK921oU8rQF6APnyPNCDMttnLXA7bwRVPq4","","STRATA","2026-09-11T11:35:53.0000000+00:00","19.15194","12-24h","keep","SPYx","4011.6875940360333","0","1","False","False","1789126550","0","0","0"
"8BZpMWpCphvhhQG6LgQwT9nT9dqXqwSHBGP5uEd5gBGG","9C7pLhEU3VxFUNPQeCqJRMzTsZJLVv7JKk8G65WgpHeZ","","CHARIZARD","2026-09-11T11:42:15.0000000+00:00","19.04583","12-24h","keep","MET","3362.2837652692274","0","1","False","False","1789126933","0","0","0"
"8CdVAa5Av9XiHv1iZ3SDAVSGEnEmB4vgMZuLgtYf3hi9","71vHbJfmgSAomincLVHRt6sEXDpSPvXywakcU3uX2324","","ZBATON","2026-09-10T01:12:25.0000000+00:00","53.54306","48h+","holders","ZEC","3640.826896020739","0","0","False","False","1789003178","0","1.6694513004000002","0.15237165730431151"
"8CECyxU5dTBwvzYXDcvzkgQ3qV8nsxXDrST396isn4Tu","5skvo9cxBtVkmR1385uqYGho6Q94L5Ghf9V9viRTRiVj","xZJTKthDmRx2H7fHp5FTeuv9V8vVrpYZkToa5sCmAXV","LP","2026-09-10T00:00:33.0000000+00:00","54.74083","48h+","holders","MET","15905.888899321091","411159.39","4227","True","False","1789194931","4111.5939","4111.5939","3171.1491242613884"
"8CjCWnqwgocZcRKmqnDJBuxLAuLiR1Ff8H7H8hrBJURV","AjT3Gtr4SkkP3XShrtYgmgn793YyV9RjHZXBP9sMagFi","4vqnkEU9bRSekQRd7shyZD3sf3DHQjaX2mBYTRNnZwNU","SPIRIT","2026-09-11T11:54:20.0000000+00:00","18.84444","12-24h","holders","EMBER","1327.8209667152373","35919.51453160136","485","True","False","1789194908","359.1951453160136","471.36039142395083","384.09188166590627"
"8cLnFksPtttwN5vXmd48PmTUVVEp1umFjPefoCzPDVnC","BWkeeMDYpAk5aaJPFC1wASHDYHtMFkHZTooZGRYe9LCa","","REMEMBER","2026-09-11T13:14:41.0000000+00:00","17.50528","12-24h","holders","EMBER","2542.4591015458577","241.68134824630624","3","False","False","1789132537","4.8336269649261245","9.273370788600001","0"
"8CSvprTBsfKS2F5MFE7yUjD6t87NsRPaZZc8dWE2TZJ5","2MT1q7pXqdf5YHcpUMVcPbcUPHFgcQRBBFsYbSPAKk5A","","EMBERCIA","2026-09-11T13:57:31.0000000+00:00","16.79139","12-24h","holders","EMBER","2079.030542670162","130.23019616860512","2","False","False","1789136870","2.6046039233721023","5.1602642552930496","0"
"8DcADMS4FhFbwXYyE6orgs8T788uYFLBxUiYLQkAMqQD","B8MqZnBRxW5a99WThT2jiSQLwmDpw7rXSZoveSUTe5HN","","TORCH","2026-09-11T12:34:24.0000000+00:00","18.17667","12-24h","holders","EMBER","2243.8661991042795","251.95212527768126","5","False","False","1789154591","7.558563758330437","12.637794413872578","7.2576806102097295"
"8deaQYWzPAmpJZFBt7HpwNiL5Ur7jDdfUndXXuCZGER","BXH2qMTK7iHVyvuhUBbYrxa6C4UYgpezGoShBXeX7MNQ","","MEGA","2026-09-09T23:33:10.0000000+00:00","55.19722","48h+","lotto","ZEC","3646.8499459108693","0","0","False","False","0","0","3.71360910402675","0.19046327571710514"
"8Di46dFTRiyPYBKUqSQ7sMEDSjVBUorv3iYKS6MdWtLS","5YL1LV5SXdeEtuK54p6bbZKyTuoxyn1mhJR8LXRDBUCU","","PAYCAT","2026-09-11T13:23:40.0000000+00:00","17.35556","12-24h","keep","EMBER","2345.6914315061226","0.058340882409999996","1","False","False","1789133027","0.0017502264722999998","0.0017502264722999998","0"
"8dQ8ajzXtbVgbR7rjB4xnQrfbEARy9sB4Za3raN7hJ7b","3xPkHAMVc52DhsGEro5CEFnWFckUE7oyeFUYRfmCEnC7","","EMBER","2026-09-11T11:16:02.0000000+00:00","19.48278","12-24h","holders","EMBER","1929.0667158809074","525.817832126307","14","False","False","1789126774","5.25817832126307","6.965184656633504","0"
"8dSCb5GgyfKAiQ1aVnAYdd6Vgu2uBGfeR5tTFqHsboqG","CorskPC3tYCXe7zJpQ1yhWd9AUq2FwehTeydCP9wTyUe","","CATON","2026-09-09T23:54:34.0000000+00:00","54.84056","48h+","keep","MET","4338.3010689738885","101.5973471191","0","False","False","0","2.031946942382","60.530662732077","48.41762909423901"
"8DZm7XJjg4pESnqEp1145sxpFfEEaoVJvW8hsnSdpgP2","3WcuWCqMWiS9iKQJdJYeC5M83VuE1QhHX1fZTUCwqpVX","","CURVE","2026-09-11T09:34:55.0000000+00:00","21.16806","12-24h","holders","EMBER","6538.67421600832","0","1","False","False","1789119293","0","0","0"
"8eB2mK9bPXaoipeM6DyHx3Y8Bue2dveXzDKTe5ZvAYnR","5jkMnxvgQghC6uNdWD8SEDYxNSvxLJQiFkV8RifRefo6","","ESP","2026-09-11T11:59:30.0000000+00:00","18.75833","12-24h","holders","EMBER","1702.0956371221757","15.06955260692","6","False","False","1789129038","0.4520865782076","1.1634631654710241","0.49604571213325005"
"8EDn23FJY9YNxTgtgGpVnptSk5BkBk87kcSDhvYKJccD","4grH44QfPz4TMc2HW98afHh9s4xczpWCnxJag4ZXDEu6","","FIREBOY","2026-09-11T11:37:41.0000000+00:00","19.12194","12-24h","keep","EMBER","1960.5801081902412","1423.333943555995","49","False","False","1789128773","28.466678871119896","119.83110545954905","90.22143716622635"
"8Ex2C3tXcf1B8vW8aeoHTaHoSH25wbKdgCBuWaLCn2x6","CJhc7ekgZL2sXKLZ1qLxuFkuq53vvydbf6eRVrBSNqAS","","WHDR","2026-09-11T19:18:47.0000000+00:00","11.43694","06-12h","keep","EMBER","2525.960444501166","0","1","False","False","1789154326","0","0","0"
"8F5jUn1MP4X3PbvqnQWYfKmAHRt5ADmAT4oGbfJR7SfZ","7VwZvt8cV3hcZdCK5dwzxHpxPqRUfttHG8u9zaoihGNp","","MEO","2026-09-11T12:21:35.0000000+00:00","18.39028","12-24h","keep","EMBER","1826.183968045819","0","0","False","False","0","0","0","0"
"8f7S5mjvvUAeq8n3bYCFc4UhjgbtHQ8Uu5kQkRPMXJ9Y","7Jx9pyRhVFMCe5cXc4nbbPq9ZAZeabJ2ZWDL5awbHrvT","","METHANE","2026-09-09T23:48:23.0000000+00:00","54.94361","48h+","holders","MET","7315.781064186667","28475.39838276214","374","False","False","1789190345","569.5079676552429","1128.882371090647","901.9006295497982"
"8fZLzfPMMzDG7J8MuLEDeHK6cuhdrPhxwnAXcC8YQEEs","3u5ydMCtvjqmsdteqF1bXAxkKcjr9yBqnqYksAiGEbwA","","DANK","2026-09-11T09:32:07.0000000+00:00","21.21472","12-24h","burn","EMBER","6835.37344909421","10.767928642510002","3","False","False","1789139112","0.32303785927530004","0.54634468583043","0"
"8G1R75NNHjvWuWbm8a17we4b1zuZVimcU8Y4vFAiRFeR","FHSxqfZaqwdrHLX76LWuPRKkV8QUgU6CNXCrbBXtMP8W","","DIP","2026-09-10T06:31:37.0000000+00:00","48.22306","48h+","dip","BRK.Bx","9501.589362667342","24207.23300972857","338","False","False","1789194732","242.07233009728571","269.273034046727","35.16879718775091"
"8gjhLXK9MWCbAZ3FRuKXhwhcYvqEGKPVFdgW6VNKh66a","THNV6zjujP5ZLx5s6qn9ufNTEyvxyuSHUhnroFvF1Q2","","LIYU","2026-09-09T23:41:28.0000000+00:00","55.05889","48h+","holders","MET","4417.083487083132","0","0","False","False","0","0","23.273362001505","22.128055075602003"
"8gNLFaS5fn2zTuyd6GneLt26PrQ8ZXKKeZ3RMj7Nj9D1","5aHV9T6n1sPuC66D7V76S9mdj6r1sLoRrgkoDVWzCfWe","","CHAR","2026-09-12T05:26:51.0000000+00:00","1.3025","00-06h","keep","ZEC","236.29988627239206","16.98280000115635","3","False","False","1789190930","0.339656000023127","4.63602762806656","14.816258894467325"
"8HAAfXxG78dabvTjo8tTvbvqqn1UY7rz2qdz4ub6gdJL","5SUDnVeH6gma8uMKqQ3BipszY3dn3rk9L5oPtSpUW1c3","","MANLET","2026-09-12T00:45:46.0000000+00:00","5.98722","00-06h","holders","DNUT","4000.9631361731103","0","1","False","False","1789173943","0","0","0"
"8HKpQnJdgee8pXi1ECvaujMyLycUbqmFtMrMyTH3DBLg","EC9WjyDZR9DnP1DDEeHQRUtxXCJaJ8LE14W1Hp1RhqY5","","EGG","2026-09-09T23:12:28.0000000+00:00","55.54222","48h+","keep","MET","4542.915546403361","0","0","False","False","0","0","32.568852076761","26.052104720346"
"8hKvP1XRUJoXd2SY6qMir8PQpJjPTK1fqxWhqdWkTHCD","FXE4UjgmFWAKSUdyDdTcPCo8XNZYYmXN18MiTjgsjDNC","","CURVE","2026-09-11T12:32:22.0000000+00:00","18.21056","12-24h","holders","EMBER","3275.5293030945636","10232.338792457113","259","False","False","1789177061","102.32338792457112","205.3145387950128","157.22770248465434"
"8HP8ZxQednrTMz1UiT5gMarUGhSz1BaCVQf6xCv7xypE","2u7Foj7VRqQCuzezm2w5U1DvpNMuY3SiuiafQzVxj37n","","BABYEMBER","2026-09-11T08:46:39.0000000+00:00","21.9725","12-24h","holders","EMBER","8611.151757031037","39605.87203299944","627","False","False","1789180775","396.0587203299944","396.0587203299944","374.8239471120522"
"8HSJdZ5RSucjArWe6NCKxwch8G86NeU5gfgt9eArCJvu","ED29kYUMvLrnKHcvgziRqEYfowkAbUvg9qbEzoQQvUPD","","EMCAT","2026-09-11T11:31:31.0000000+00:00","19.22472","12-24h","holders","EMBER","2340.2234588576916","171.1309588219974","3","False","False","1789126301","5.133928764659922","6.331961424185099","1.01078632786185"
"8iJ1prjFxNve5xu6G2BxwhKVGPWTXYdoUqgQ1Zaa3Vjy","Fpc8kj4jVfURGBSa1twTiLBqn8HU8SGTnykoe1vPtr6e","","EMBERINU","2026-09-11T14:58:33.0000000+00:00","15.77417","12-24h","keep","EMBER","2185.4708151484906","5.669683646559999","3","False","False","1789175817","0.11339367293119999","0.11339367293119999","0"
"8iUUwXtdfgPK5KCFqtJ7Tpq34FqRVsMZpiZNw1xJY38C","4jMGjmTBjxsyHgsKq6v9BFp9AkemmzGXdAAMUYEUe1rK","","VERITY","2026-09-11T13:05:08.0000000+00:00","17.66444","12-24h","holders","MSFTx","4064.881395764806","49.584504800000005","1","False","False","1789131957","0.991690096","0.991690096","0"
"8iVUvq96w8RbhhEdx3ZBv1R8f41uWER5vpEkbjhRgFws","BZgiRB9YJtfoSq4hdhX4XxTGv3g4W2z78Ge6gMZNF33E","","EMBERDOG","2026-09-11T11:19:04.0000000+00:00","19.43222","12-24h","holders","MET","3309.3069554360954","230.123301053618","1","False","False","1789125588","4.6024660210723605","19.529975596212","15.62398042146"
"8iYPW781jBDu8zkC6PFY8WpvtbHxSVMgBX8aPnNmRY3z","7Dd8Ue9zGMgvpMXBfHYpoi5UswjapTHJqpFRJkbf4Rtw","EiZvARbXzfx9XbMTJygS8LU8rBjwhV2Bw9ZG82cXcEku","EMBERCAT","2026-09-09T23:45:34.0000000+00:00","54.99056","48h+","holders","MET","401701.3465373562","4531281.76","30085","True","False","1789195479","45312.8176","45312.8176","17242.17264927624"
"8JFHpUYrmrWsAnroH7jUBhvu5ifvHVRqfMnAUehXWuzR","9BzrvtBiaASNSuguCun9W6maPiyB4yd1ijzHYN3PWsz3","","KIRKVERSE","2026-09-10T04:02:00.0000000+00:00","50.71667","48h+","holders","MET","4452.0530248621335","0","0","False","False","1789012918","0","0","0"
"8JQXg7t2CQS7QyjqS27dE2HcRyRpn8tVZyxEC7htbXNQ","FeQH52NSHJ8JdNA8ioDTdkegZr8HeNEY7uVqW1d2DapQ","H6FsywZ5ZBDqFzVyAWqsWc6yGK5Gpf7jHnJUcu2Zga1f","REBME","2026-09-11T09:42:10.0000000+00:00","21.04722","12-24h","holders","EMBER","42804.81761554239","1638069.22","12700","True","False","1789195429","16380.6922","16380.6922","6246.361620385491"
"8jVuFqyuvuA66RpMroEp8qZgiM8zwV7fU85QtgbRvyyG","22JCZjZ98pR7dNrXzyDqLWJhhvfrbe8Hc1AWJXLAv9zg","","TUK","2026-09-12T01:04:26.0000000+00:00","5.67611","00-06h","holders","MET","3883.397363400533","1957.8179967670446","26","False","False","1789176866","58.73453990301133","58.73453990301133","39.16031871831223"
"8jwnTkpfAMVRoGz5xT2M6rZT7bERigSZji8b34ra5Giu","B71LtCJ58Cje3KmCzsQ3EMzDwM55nmNcq5M9PThF9PG9","","FIREJAK","2026-09-11T13:08:44.0000000+00:00","17.60444","12-24h","holders","EMBER","2083.3779021798036","545.084560652569","22","False","False","1789135353","5.45084560652569","10.05808511744664","0"
"8KDWhfdSDLT1Qk2MWBYJjiCvHjnMWC1ZLPtaTYby69zm","GRghUCKbGRYW7Sic9iz8Se5KQmXSV6wcMXqTexYTG999","","MEATYAURA","2026-09-11T11:36:22.0000000+00:00","19.14389","12-24h","keep","MET","3440.816729858244","411.51885318439","11","False","False","1789126604","8.2303770636878","8.2303770636878","5.982953875215999"
"8kJkaLumcrPsR2DtEZnU5vELSsgV34vYGw5AWGD93L5s","J5rUfE35dnL3P7R91NtjTeUZowrBxBphk3fVBaMCKTmE","","SUN","2026-09-11T11:23:29.0000000+00:00","19.35861","12-24h","holders","EMBER","2650.0065739313245","5721.234105380246","188","False","False","1789166058","114.42468210760491","248.21644210871813","225.90776157647053"
"8KmPBVvGnBM5PnXVAZvBpgJB22Crwk3rHQd4u9B5ijMh","EqBRfSbREmRz1vSB3PwcRX4hzA1rckwMpVKb3PdkgjUx","","EMBY","2026-09-10T23:55:23.0000000+00:00","30.82694","24-48h","keep","EMBER","17938.760307750028","4049.271043006986","64","False","False","1789192206","80.98542086013973","280.977688644461","227.88069554926193"
"8KnPQSqZ2sJWcFyZTPDd2tVkTvrZ9pWgvj7rz7nMrqb7","872akwtxjDXeQzrtpFUjctEiDsXxSUFyx2X4V7m9ptFT","","FML","2026-09-11T11:32:30.0000000+00:00","19.20833","12-24h","holders","MCDx","3996.8579182804433","179.6501709151382","3","False","False","1789159534","3.5930034183027644","3.5930034183027644","0"
"8L65zsMmoHDpDavBQyUnTykfGqJA1wDuRKkDGFvUBtsd","5sLy9Zf42bhUFR8bbZi3t8Z3xFx55taARPNwZjap8b3k","","WAGMI","2026-09-11T09:43:42.0000000+00:00","21.02167","12-24h","holders","EMBER","5611.26022268583","13.416160551059999","2","False","False","1789120143","0.40248481653179996","0.83833430665461","0"
"8M4Zy44Yoo7RYwBcTfrQ68rLLemvvggLu7j34ybyVe8y","4zBPNJeXr6QQZsi6Bs83R7Wm6h2pWgdRQwoCzU8ijLyu","","REBME","2026-09-10T00:18:02.0000000+00:00","54.44944","48h+","keep","MET","4378.393705652903","0","0","False","False","1788999506","0","2.354615674488","1.883692498611"
"8McuUtjdWGXgBFBr362VVfhod5gk9TRk7YPhtCqNFjaw","9u8vXk7JSZtnV2m7xAmJha3CpoPHe2zQYH3N3ZE13Dey","","CRATER","2026-09-09T23:52:34.0000000+00:00","54.87389","48h+","holders","MET","4363.530099887418","0","0","False","False","0","0","31.237997910965998","24.990398246814"
"8mhGVYpR9q3bULzyMCGnkoJ3mULUcR4kb7u4Z7K7hj89","35vtVyiEZkyctqCAH4sVy69VJv5Wpjas5PpH62dZepBv","","SUNFIRE","2026-09-11T13:09:10.0000000+00:00","17.59722","12-24h","holders","EMBER","2083.377899110075","356.72296782081577","9","False","False","1789132179","7.134459356416316","9.93079460058","0"
"8MJVHPPXF76oV8HZqQuo9gh5GoL9kQqvAKGBkghm9iip","9fKYwdV7Up4TBR9X1Dg5RQNeUfDFAMBt92u7dYpSLeQ1","","ember","2026-09-11T13:11:21.0000000+00:00","17.56083","12-24h","keep","MCDx","3969.083016652739","0.020767328969649997","2","False","False","1789132266","0.0006230198690894998","0.0006230198690894998","0"
"8mUYoMPsHVSAEsrTjKJBvAShcGkQ95atZRWAZemgCATe","2uQ3qDg7ki4A438HAuEiPVFrEeHZLdmfxfu8yoUvZH3i","","ORBIT","2026-09-10T00:15:21.0000000+00:00","54.49417","48h+","keep","SPYx","4011.225027337226","0","0","False","False","1788999318","0","0","0"
"8mYWrbRa2pXMWyMjDAZ1Ln6QR9mWHP1iexGHGSuxvKWF","AQRubhnSnLKwWY87zqBCkpZ3SBcUjY7UPCGiXz4HusP8","","BURN","2026-09-12T01:07:06.0000000+00:00","5.63167","00-06h","keep","EMBER","4397.915319132386","243.07774530794515","5","False","False","1789177027","4.8615549061589025","4.8615549061589025","4.51415507076206"
"8MyYSVtRhvrY7ReWxxQXeZ9Ehm3tvfkxZHF48iSRR2ZS","7b6GUPTAjU3ica17nftBbg15XCUxJ8uu6HkS9cVAxLhP","","EMBI","2026-09-10T00:14:04.0000000+00:00","54.51556","48h+","keep","MET","4365.647340240195","0","0","False","False","1788999242","0","0","0"
"8N6fiAttAfbbpFDkQ9jJiMu2RhKPmsVYgiwJRjnEVmC9","C5NZ7RgQcNJCcMpJsfYDR1bgEBAvgmzDD5EaeX17nyzN","","BAGCHECK","2026-09-11T23:44:24.0000000+00:00","7.01","06-12h","holders","HOODx","3992.7297422967786","492.39179275044563","5","False","False","1789180155","9.847835855008913","9.847835855008913","4.72271067813774"
"8nAcoW1KP5yZGBrt5c2J7f6jDGaDn8gAWpkC9qf6mdtt","HbeMKL7tUGcsTN1qDPrHBBKXFMaU1rcd65TDzWKB6hNx","","URANUS","2026-09-09T22:59:53.0000000+00:00","55.75194","48h+","holders","SPCXx","4095.025259252825","275.34477643817723","2","False","False","1789186340","2.7534477643817725","2.7534477643817725","0"
"8neC8d8an9ABtPFjDQVWZr58pqjKamtgiTtjUw9FFUrr","9HQYi7MMnjWVQ1a4uemwZ2FgCbFuWadfnJj1LtzecvoH","","EMBER","2026-09-11T09:31:21.0000000+00:00","21.2275","12-24h","holders","EMBER","7732.070433552821","1961.5852498241738","13","False","False","1789187774","39.23170499648347","39.23170499648347","20.414298449489728"
"8NxvCUkurRGqqxLzABdzKkrhF3kFnE7gMFhixQqzgsRi","5F24ixsgibJGAZXJxnkpFzrynwTPoudEb79Yq7q1kyXw","","FIREBOY","2026-09-11T11:45:33.0000000+00:00","18.99083","12-24h","keep","EMBER","1671.368550386447","1053.766363305745","55","False","False","1789140564","21.075327266114897","46.6315002842872","37.159076222043396"
"8o4UJuXPvuQeorjx7u5S6z9x5UmwXHNTPHdLJHjfgAkw","ANPo6ed6VuUz5grVGWwaQWycGJ9FwG4AG7gbAxyzhQk6","","CD","2026-09-11T18:06:06.0000000+00:00","12.64833","12-24h","keep","NVDAx","3997.403528396036","0","1","False","False","1789149963","0","0","0"
"8oJata1oK7UboAZ3pM1Q4DKBXQwz5pBRoEib5YaiTiEz","FMDUqvEanTW44QDsjWcauE9bDBRwZVPWiYKhjiriTUoy","","HOPE","2026-09-10T01:59:26.0000000+00:00","52.75944","48h+","keep","MET","4492.061437649258","0","0","False","False","1789035791","0","1.60652526078","1.2967170962130001"
"8PLeELLfBXGrziPbQ5SYFgTHWdfQoTxWBcvfsaCiuhq8","8qZSQyAaxMsTJwxckLN2vBvmuHTfHEMdr5ZJMTJTrWat","","AICAT","2026-09-12T06:00:29.0000000+00:00","0.74194","00-06h","keep","EMBER","4685.599366153955","243.0777453238619","5","False","False","1789194628","4.861554906477238","4.861554906477238","7.920907537393759"
"8qN3NnDcR6NAHr5xmsCz95y4Ju1oRqzWcHj39e49fJF3","AYLhpUxatUVTRdehTWqkNfNJprcQaMFAWNHccTiwx9LE","","REDCHIP","2026-09-10T00:03:45.0000000+00:00","54.6875","48h+","keep","MET","4276.425413764923","0","0","False","False","0","0","28.682653456148998","22.946122641981"
"8RpRbn3GYWuVRstWJT2ueRBcVpMhivo3zQvdDo4xwZT1","6VZYshW3RW7PAB6CBNo1Se3hEFUUCEuiYaN6Js5hkVdM","","AMBER","2026-09-11T16:41:05.0000000+00:00","14.06528","12-24h","keep","EMBER","2373.8006989272685","301.36737427845566","13","False","False","1789146140","3.0136737427845564","3.94576764994715","3.1174879457966895"
"8rVnQ1j18dgnjG4a2QJx6GuD6mvmroQ48C3uty2xVoB1","CndFKP9wLdjSb5NjbsEBCaEEZCdPiEbu9KfEqBJQTFen","","METCAT","2026-09-11T10:00:36.0000000+00:00","20.74","12-24h","holders","EMBER","6010.903743292549","15.129315484409998","3","False","False","1789135697","0.45387946453229994","0.622008372","0.4690593955199999"
"8S3cqLXMvbohU8u1h1AvFpbmffrVgpCyNR4WjbwywKym","5FxymfP8L8RmS1r2b55b1Kd9fHXGMhkS7SKioSDC5ZxK","","3AM","2026-09-10T03:50:18.0000000+00:00","50.91167","48h+","bounty","ZEC","3622.3412536384726","0","0","False","False","1789012216","0","0","0"
"8SDN3gMrpZJVdz4uQs7q2XgsL1RhcszPdaTbFxdiuVQt","DFdLpAUeaDyn4c1jMUgYkZzA2c865eZkPghjEEoTceJB","","FLAMY","2026-09-10T13:39:03.0000000+00:00","41.09917","24-48h","keep","MET","4250.910422028617","155.937800641854","2","False","False","1789128610","4.67813401925562","4.67813401925562","3.530998810704"
"8skPCDzmBRZh29Fq3o4wSfoWob8EAUcutTyjVPQTcF8c","DXt9URXZcY8sDtYEAZTpUG9z5x2dwLnJJrkwEdRvKH7S","9BVk5Hv2GyKnLECUK5qJ9dxTd8cvRj3uKiQTRpJitw8S","METTY","2026-09-09T22:49:46.0000000+00:00","55.92056","48h+","holders","MET","5301.226688163454","85965.44","1241","True","False","1789195452","859.6544","1629.3289770414447","516.5935675900794"
"8sr7s5uppV9LBsRKfgmupnusz2uvjRUhziAqKeatnvt3","Dk5XRteu65GwmpXX115b5fRYADwz4FYutVYmii2Nk2th","","CUMET","2026-09-11T12:46:09.0000000+00:00","17.98083","12-24h","holders","MET","3269.7551719063404","25.171853709816006","3","False","False","1789130875","0.25171853709816006","7.840104615841093","0"
"8sRnYEZ62nS4VSkfgbUC2ncNoodB31cjvMFjh6j3P4ED","Au2gyuRdFcu2ids49ocXsrM4ZZdybSbYJfjokLszuCt5","","NIPS","2026-09-11T11:48:07.0000000+00:00","18.94806","12-24h","holders","CRCLx","4012.710287320502","0","1","False","False","1789127283","0","0","0"
"8TdDeC2kt3LrRErjJJRRhsWc5rQ34RUToFhc8eQSoMJB","G1JWXFWSwaEcsoNiygeKC4mNugwsWgKaBFiuhbFeiUK9","","SWOLON","2026-09-10T00:12:41.0000000+00:00","54.53861","48h+","holders","SPYx","4011.4863846759545","0","0","False","False","1788999158","0","0","0"
"8tfKN2rAnqte3vvKXtZLdfNdGAppgruBwRRxfKWTK8hR","CRpFmq2mBVpW1HE3TiURvQR5osiEuUhQA4XH1EejbENj","","EMBERBULL","2026-09-11T11:21:50.0000000+00:00","19.38611","12-24h","lotto","EMBER","2430.455304265878","1644.7356383521842","47","False","False","1789192040","49.34206915056552","66.46714234125001","693.2905238416554"
"8tHophh8ZNFVHBgJruDgTJ1UE1bA3fL7CqQKGZ6D9kVb","2vdQTVy7RChDAmBHZdmVFa4zHRQ418vmB2Ws3ZD1LXPg","","ABST","2026-09-12T04:37:04.0000000+00:00","2.13222","00-06h","keep","ZEC","234.05116618382917","16.98280000115635","3","False","False","1789187943","0.339656000023127","4.678503578264561","37.17540291187766"
"8THsPytKL9g1ZGdWP53meHwgSkHNX8XoHrV5fmSU3V4s","8SZ7QmfDDnRb8pN3nN938WhNJUfgh1KrM1dtGomS3Jve","","CHARIZARD","2026-09-11T15:29:22.0000000+00:00","15.26056","12-24h","keep","MET","3367.9964445888877","3.1321437739759994","1","False","False","1789140636","0.06264287547952","0.06264287547952","0"
"8tNeXPuMyGeUeCkWGqo2o98r339U6igXc3uv6LS9CfFv","Bv2MuErftkpgQoujspCdUZiVizBcW1UE6zBtrBVQoJAf","","BCLAT","2026-09-11T13:04:41.0000000+00:00","17.67194","12-24h","holders","EMBER","1994.6006077909387","0","1","False","False","1789131879","0","0","0"
"8U7kkQEiN5CqsqC1Ew14ggtVSNkAuHLSe5QSkvcmWeJa","2BTMhci4GPeqMFPqKCgV7qk4KhERys8u2aaFGZMGDWM7","","REM","2026-09-11T11:37:00.0000000+00:00","19.13333","12-24h","holders","EMBER","2096.3499220452986","0","1","False","False","1789126619","0","0","0"
"8UBYggDBgaKrvEqHYN3VhhacG9MSbzs3FrC4DzqEC4eD","Ao2FowQGBLaLB2UBzZ3ismr3wrpaR8fZ1vu126sw6juB","","ASTEROID","2026-09-11T12:09:23.0000000+00:00","18.59361","12-24h","holders","SPCXx","4016.839753337042","0","1","False","False","1789128558","0","0","0"
"8UmqJ4u5qxUSeeSjBSm3Wz34DFhgwNTdSAQi5eHqY1Ug","6GUqmiV9RLRaZZfFBf7L2uRxbLFzE5AJ15pnNTmdcyw1","","REBME","2026-09-11T00:02:03.0000000+00:00","30.71583","24-48h","holders","EMBER","17545.22623794205","0","0","False","False","1789084921","0","0","0"
"8uyY7PmPerR7Kdzf2brrL3YJsco3arM9ZtLC3RuWgfPw","7UQ6CZ7pu1DrrE6xrukpkvwG31UYwZbjX9dmPBpmGogU","9smcSjN5j5RHVd99V8D2PxjXP1Pz2PF3C8ExFHi6ohdg","EMP","2026-09-11T11:47:55.0000000+00:00","18.95139","12-24h","burn","MET","2706.9454080223613","108057.11790352075","1820","True","False","1789190667","1080.5711790352075","1080.5711790352075","570.5704436821875"
"8uZ1S4P2w1yD7RgJBTSkzFADskewBat6rbc1UJVdPcP5","6Bm8hJk7SszacETJAv2QzfQ72nnf4pBYpweM5uPfiyvL","","REM","2026-09-12T01:48:21.0000000+00:00","4.94417","00-06h","holders","EMBER","3789.3766390346123","243.0777453238619","5","False","False","1789179502","4.861554906477238","4.861554906477238","0"
"8V4bwNbENDgVqH26wQHkmL5T9YSYt6DZD8TXvtBMkRKZ","8GVCRqsFw162dEYnRkd2wv3Pgs9n2ZszN5joBqcpXwh6","","NEWTON","2026-09-09T23:41:59.0000000+00:00","55.05028","48h+","keep","MU","3813.227364770625","0","0","False","False","0","0","33.779362895135","27.023288340785"
"8wAEpkizaegDL2QmHvTCpdtYdvEy238JpuoxaNqqYwLb","HG6yH7eit5DDuWAru7TkcwBvjckQGvEs1sjJ9zVD5aX9","","EMBY","2026-09-11T09:40:10.0000000+00:00","21.08056","12-24h","holders","EMBER","6430.608546852587","3601.611159273397","34","False","False","1789130444","72.03222318546794","72.03222318546794","40.94494207280848"
"8WXiWXTMNPxmzpZdEmGBYNc3j7B5n3VEqgD6LjXAx2Xp","CY8UHkQZAbAz3FCYWU4pwpVd8wpo2Pc1FZaC2QHQMRgQ","J3ASmssarchzNYMN7S7Wrpbq9Ex4BGN7obuSN4PNHK9H","LOTTO","2026-09-11T13:04:31.0000000+00:00","17.67472","12-24h","burn","EMBER","4068.0859387379523","65296.80327088245","1203","True","False","1789193401","652.9680327088245","652.9680327088245","406.3239345344631"
"8xa7L8QZRkHsKPwcW6mXdEoXskjChPgjBzPU7Vnn5U3e","ENcDgj8sQJTew1xEZNjrZwRMP5dEAEQ2gC1p1MXTTVUt","","FNIGGABUTT","2026-09-10T00:34:07.0000000+00:00","54.18139","48h+","keep","ZEC","3657.3083691579805","0","0","False","False","1789000445","0","0","0"
"8Xj34G9QQjioKwynJbAYPx9zRXeRLGtQKicTrp5vVDht","9jcwCnRaVTT3RmsSEVawab1NUb1o8JBKVPaBHHggkJ4M","","EMBERGPU","2026-09-11T13:56:18.0000000+00:00","16.81167","12-24h","holders","NVDAx","3962.3751953942788","0","1","False","False","1789134977","0","0","0"
"8xLXLs8QpjBfYB3Y3D3LZWcQWbHSGqSbXGaKxCXQW2ws","HU6HZhdLxQoyP3oNTRQHHdyUpW7ZPzNgTqwvpbS3zDt4","B7Nkd6au2JcVM7NiytaBVEP2K1RWEEskHppNXThRP3cX","METH","2026-09-11T07:53:46.0000000+00:00","22.85389","12-24h","holders","MET","6012.7705858226955","118340.74355629225","845","True","False","1789188343","1183.4074355629225","1183.4074355629225","775.047638143928"
"8xwNicMi6bLESvendJ939kQ4wGszmn82FdqcwF4Jpahz","HZi7Zu9p8ZLKyxnUM8kFmUe7VDTGLxopq2dCUcWJLeB4","","WORLD","2026-09-11T14:14:52.0000000+00:00","16.50222","12-24h","holders","EMBER","2111.0994520148306","0","1","False","False","1789136086","0","0","0"
"8y3m3yXUfiu9EbrdM86WjtTz2Cqm15a2GuZfizeapsY3","9e31R9EyFpVaEb4hZ7mXm7DgehyHJEhwuMibDqSMQEWJ","","BBBRRR","2026-09-10T00:06:32.0000000+00:00","54.64111","48h+","keep","TSLAx","3970.1854140123596","0","0","False","False","1788998791","0","0","0"
"8yDeiMreXY6Dsm2gViTJEJR3hXMSGSwPfmPnwZDHhDd5","UFmdkrbjy7NpNxMJpz5M7uFcD1SkFqjsuE1TSeBVx5p","","CHURRO","2026-09-10T00:19:09.0000000+00:00","54.43083","48h+","holders","MET","4403.7656682499","0","0","False","False","1789001439","0","14.710369894211999","11.4123608547"
"8yLjqw5mdGn2dVLwyUcAtjkcPq3q7iMSB9uu1MwKgAc5","58DZiUUEu7RNZTZshpgrEn93DiYgR6LiWXyoDoBb53dh","","INSIDOOR","2026-09-12T00:48:56.0000000+00:00","5.93444","00-06h","holders","LMT","15.708058617012448","0","1","False","False","1789174134","0","0","0"
"8yxVgXhojiRcLSfffthwLbufPucQ9hVUsX7aHZSzpwhQ","FiApQY7PVs65ijAS4GGK4MfzyxWCpUYFWkx25cpXk5En","","MEMBER","2026-09-11T12:06:19.0000000+00:00","18.64472","12-24h","holders","MET","3235.5855677798863","0","1","False","False","1789128368","0","0","0"
"8ZantrAhQYHWCGh6aCKmPde6Aq1tkP5GPzJJSHMSn6LC","HH7ZBdLq32E9CmYMrgpUER4tpC7RDzQ9t7ih7iXTwBVu","","MOONCAT","2026-09-11T11:39:44.0000000+00:00","19.08778","12-24h","holders","EMBER","1720.016092850272","443.1476668667039","12","False","False","1789127045","4.431476668667039","23.943014399000912","19.199257313749065"
"8zWsPEp4yXR81kUJBko529bh3kbbNBsXzqWgdzymXba2","461KFz9DgUywjy6Fdk71uwvveozW55pHjzAYoDXA4wNS","","PEPMANDER","2026-09-12T04:58:00.0000000+00:00","1.78333","00-06h","holders","EMBER","4972.102838806391","243.07774530794512","5","False","False","1789190880","4.8615549061589025","4.8615549061589025","0"
"8zxuYKm7gyrq4yD5kxU3nuJ1BMcrZUhUaXpG8atTmJX","Gv83vn4tEbpo9CoFUrTj4E514gLuzcc2snXaLmNDcyjG","","ROGUE","2026-09-12T00:35:56.0000000+00:00","6.15111","06-12h","keep","EMBER","4287.706872934476","0","1","False","False","1789173354","0","0","0"
"91cb9Ga3YEEJLmtVVKzEsxxnk8roMMnJfpxjcYjjKprK","DP25g9P3P4iYJ9tN8D4e5N7Ls5CKamKJ1qsgSRnUrg9X","","COKE","2026-09-11T12:05:37.0000000+00:00","18.65639","12-24h","holders","MET","3225.145283983156","653.9707803637309","15","False","False","1789130972","6.539707803637309","6.539707803637309","5.152399179549115"
"929CqntbAjg1SBAWcaB9cbCyKq8Tz8LJ4pN56Cca7F51","CFqc6DKoQ1gWHNGVwMyMB53U7Z6RCZAyYGSoSiAEz3do","","JEWPITER","2026-09-09T23:47:43.0000000+00:00","54.95472","48h+","holders","JUP","4459.165196698382","962.0563511280895","11","False","False","1789152423","9.620563511280896","27.0458970460242","15.4369313600361"
"92J32Fa9UxeUiCivdp7wfvVtqGQazPaXXUXrxCnXfSMA","EYFaY7gEZfzJSyWVQedK1HbgjjgsgDt4PtMn6hBSmETH","","PP","2026-09-12T05:01:53.0000000+00:00","1.71861","00-06h","keep","EMBER","4954.459276776404","243.07774530794515","5","False","False","1789191114","4.8615549061589025","4.8615549061589025","11.956759673683708"
"92yKr43kaMHjjBpA3jX68LnWTyqcP1E4YEBKaGk1rkiJ","DyP3pXdZtP8QCeEwfMNHYNHjkEBNg4E1J8jRtopQVHoZ","","SEPTEMBER","2026-09-10T05:00:24.0000000+00:00","49.74333","48h+","lotto","MET","4346.666215879148","0","0","False","False","1789016423","0","0","0"
"932Tn3zJEaSWrXVyo2aNYhkednwXB4m5YhwqXeNMzKWt","CJFW5MAcwwDfH6K2PWr5cfcpTZpQFzzLjSB9FxfveymL","","METBOI","2026-09-09T23:20:46.0000000+00:00","55.40389","48h+","holders","MET","4482.024367992252","0","0","False","False","0","0","59.955639988628995","47.964176613709995"
"93yLPvbA8cTo4rgw83gXZSNG7vZjvq6FghQzi3GUt9eH","FiVQCYGhibFgas5E8vNevLy26t2Ndm23QDSbhUJFZc5E","","MET","2026-09-11T10:55:36.0000000+00:00","19.82333","12-24h","keep","MET","3500.501317361852","0","1","False","False","1789124135","0","0","0"
"93yS93q2VhopUvtFbHcht49M97vXMC9KAneaJy1DXQ6e","DQ1WkKe2epMi6G5Z7MQyYxS984DktSRiwJxgUgiXoceW","","FIGHTER","2026-09-11T15:53:11.0000000+00:00","14.86361","12-24h","holders","EMBER","2066.656759613667","101.28630350914607","5","False","False","1789142015","2.0257260701829214","2.877908881722","0"
"93ZzzPVa8S3LBCCjGTW4GNYdZoLtQFDh98bmjYbpQjeu","Bb8rxMQpdgE2bzEpWRQCLpgBYyUsJU944qK4pGKmLgrP","","BURN","2026-09-11T14:33:16.0000000+00:00","16.19556","12-24h","keep","EMBER","2445.2898389370325","118.87595612799444","6","False","False","1789137202","2.377519122559889","3.7574353183128","3.0063132275001596"
"94kSE4g5yHTpRu7ukRLF3bMxA4m9p4WN19jv54Q2Ztvi","56XpwPHjZDSQqJxXP6eSKYebNYtGqz928cNERsh8XYtZ","","CANVA","2026-09-12T05:47:00.0000000+00:00","0.96667","00-06h","keep","MET","4069.0093016390983","311.946594011584","5","False","False","1789193820","6.23893188023168","6.23893188023168","3.9286877583783997"
"95xbwvPdzKFrHPQSxaWg4KTyL9WMRp2PAWUYhdXiWSrS","CyD93xq8Q1sGV5DXg4rdWkEbi6hR6XDtZtDqvoRuE3fK","","LUCIA","2026-09-11T12:28:11.0000000+00:00","18.28028","12-24h","holders","TTWO","4522.053521621355","774.453051266884","10","False","False","1789138615","23.233591538006518","23.233591538006518","12.327184758712981"
"95YgDxWU7oDzBKp8nvKVvF7CxAnw4A6t2R4m9p4cUDAP","9JjCrUFAgdmZog6A4NuTGJqbDcbGYPmJyjU8jhVW6oC5","","EMPEPE","2026-09-11T11:58:04.0000000+00:00","18.78222","12-24h","holders","EMBER","1831.2192771389177","9052.121824192605","342","False","False","1789194519","181.0424364838521","408.04486123127293","316.4604086149392"
"97T5UNodbmtTDKoBsRjXAyvT7N3k9arqqx3BuqB9EYSt","7TNb5aLBEy8XfHBpbMUFv32ZRN3bMsLBcXCvpcbyt9RC","","EMBDOG","2026-09-11T12:30:59.0000000+00:00","18.23361","12-24h","holders","EMBER","2018.3973569495788","1.02928980842","2","False","False","1789130214","0.0205857961684","0.0205857961684","0"
"98tP9Ksb5DXGfdiwRafb9BjDTN7PwyS1SMkzsrdS2zNc","HA6u7qoWvDGpV8EqunNzrKkdDBe23YNioVqmJRgCtkZ5","","CPU","2026-09-11T01:12:09.0000000+00:00","29.5475","24-48h","holders","NVDAx","4176.578209100717","954.3481655099885","11","False","False","1789125595","19.086963310199767","19.086963310199767","12.4328603351032"
"98uvJNxPZHy4DmYFvzziGPL471hoxo7eMEjqz71db6pn","GDYkdpoYtnRE4iKeZXgCpS7JjBcrLthBXsPzWZLNqWta","","ALAR","2026-09-11T14:36:14.0000000+00:00","16.14611","12-24h","holders","EMBER","2432.2569622087626","0","1","False","False","1789137372","0","0","0"
"99HKmLwAbJLDQj79tAam2B936Pr1KAPetUxvuTHEK87k","F9PZ9XAf9euWDc3dMXH2cu3ncAoVt7Q45TpyULTUM2iz","","PIECAT","2026-09-11T19:44:19.0000000+00:00","11.01139","06-12h","holders","JUP","4063.5172724675795","1400.4554160861298","14","False","False","1789155981","14.004554160861298","14.004554160861298","0"
"9AfivwyLhfqUUfC3SNRzs4aTeWp1dYTA3toeS8H2tyPR","7zkouPD5zkcn9TQDPtzt1S6akWJbiry8G3eRB6tRCqEm","","EMBER","2026-09-11T12:46:21.0000000+00:00","17.9775","12-24h","holders","EMBER","2254.6329773740763","24160.09188457514","707","False","False","1789171931","483.20183769150276","713.4954680722385","571.0860736157513"
"9BdPWbR9BSvBwQLFoAdFCC5BswtXr3m4ZJgAJ5D4hgs3","XpVYMouzrBiKhm9gYzmgiQTDoUSsuhw4jXxa723vhH3","","P4096","2026-09-11T23:40:57.0000000+00:00","7.0675","06-12h","holders","HOODx","3992.6898443118484","1496.517031552238","28","False","False","1789170605","29.93034063104476","29.93034063104476","20.616121808655002"
"9bgbbc8kV6TBd6fL4cCxyNqcTLi3osydHS6enVWPiLhw","2y6B2YkujP8nT1LjVpXCu4kDcHS7T2t5eLcnVAyZ5Ufg","","BUCK","2026-09-11T12:09:21.0000000+00:00","18.59417","12-24h","holders","GMEx","4262.9500281365235","411.9490906674495","11","False","False","1789163055","12.358472720023485","12.358472720023485","0"
"9Bhtb2f8Xj2QPdYZkVBU8MKYwbx5Bwt62RLwfHPgFmux","DEyt6QBsekH429vJmQaj9ok3ivJMxNuXNyNDYhxtCpGx","","LAPTRUMP","2026-09-10T17:00:26.0000000+00:00","37.74278","24-48h","holders","TRUMP","4058.7997964572314","14947.548269024308","212","False","False","1789178128","448.42644807072924","448.42644807072924","359.84918243079284"
"9bmaTJXTQwDtiB8ynAiFcVAo1zN4W81R5U9VNjw5CCn4","LMJmHFEKcVUuk2ZtGA8q9vyXJSPKHjbhKvJ24cEMsLC","","SEPTEMBER","2026-09-10T04:52:24.0000000+00:00","49.87667","48h+","lotto","MET","4359.301873014219","0","0","False","False","1789015942","0","0","0"
"9bMD7CpixNFSKjWktUhCEgS9dzPZwnzGSZgcxvAtyrmY","36YwoeMzW4ksQGDuFpzfMb12qfMz61266U64fsBB5SJx","","EUROMILLI","2026-09-09T23:17:32.0000000+00:00","55.45778","48h+","lotto","JUP","4218.2967649576285","0","0","False","False","0","0","13.8129978072825","0"
"9Bn3VgsNSgCjpAJjRXirXvJxyXZgbSUHwY5k1FNrFYdr","9EWUy2avh7CkA5bKZg7R3rTo6dA7er6rQUZb51KYMjNT","","LAFLAME","2026-09-12T04:04:10.0000000+00:00","2.68056","00-06h","keep","EMBER","4855.497577147802","243.0777453238619","5","False","False","1789185970","4.861554906477238","4.861554906477238","2.56598130629043"
"9C8B8SDYxT2Rn2g3h6YUGSWbbbgBfL5m3XFp4pWUC6Aj","3vzaLtfDfyNVR1jjk8j58ifgPye5TeNxbyJQLdZoZGuh","","EMBERINU","2026-09-11T12:56:49.0000000+00:00","17.80306","12-24h","keep","EMBER","1996.5685008851124","0","1","False","False","1789131403","0","0","0"
"9CEraszQGyRtoxviziMpzXMJXoe2WGrS8jUisrNyccEs","HXQ5BsoXE6JtMW62SK6sMESpSzZgfyCf8Y5McK5sqob2","","SIRIUS","2026-09-10T01:15:39.0000000+00:00","53.48917","48h+","keep","MET","4408.426782944599","0","0","False","False","1789002937","0","0","0"
"9Cf9Rh2d8fznXrEUDQ63MkdkKsZmwUJUAsFq8P5Eqoau","CKiUKWdtjmQtd8kr7F4Y8QzfwXzNtwZj4WoEWCHysySD","","CENA","2026-09-10T03:19:16.0000000+00:00","51.42889","48h+","holders","ZEC","3719.027782338768","1.41206591375","0","False","False","1789081274","0.028241318275","8.325090350810026","0"
"9cFsF71ZXmfkMzVuKAFiyX6GomtwrDYdnvpeqRnNayUt","5TGTYtKu1pW7ZTZtUHUSMBKrTYWr8aggmCDXkgJvZXGr","","QUANDALE","2026-09-09T22:35:36.0000000+00:00","56.15667","48h+","holders","MET","4890.720131203845","6825.626379869196","88","False","False","1789144850","68.25626379869196","110.498500674375","87.688825126114"
"9D6gzGiM4HYx1bvCKYhU928nuzwfXGQYbLujZLZV3QaP","3F71y5qVqb3gXNL6EAJme1DgqKvqZipsFyvBPQXiuxe2","","DOUBLECAT","2026-09-09T23:23:06.0000000+00:00","55.365","48h+","holders","HOOD","3929.67289584796","0","0","False","False","0","0","94.043136507597","75.23448634397701"
"9DVA42Vse2A9v6cQuszDa1Yg9n8ihcmbaQinKMHMcm4j","6Y6Fb93k8zgjtd9kd1jVTAtxJm4PdikqLoN59L6vu6mF","","AIR","2026-09-11T11:16:31.0000000+00:00","19.47472","12-24h","holders","EMBER","2251.2688802770326","13548.855604403976","318","False","False","1789180896","135.48855604403974","238.69436344100458","185.99323486902142"
"9E54ikF4cwH3nx4riZnoxGLWiLe6NqQGyLhM7zyAKWUi","H4jxoWdrBDzFduYmW5fHLwrdu1Wb1EwRigQbdNauxx2w","","BIGBERT","2026-09-11T09:37:12.0000000+00:00","21.13","12-24h","holders","EMBER","6308.650556048251","515.3057056388863","13","False","False","1789121657","5.153057056388862","5.153057056388862","1.01386282675185"
"9E77jbfWq3myX2bCtUbKLf9nSB44kJDt3dDDAQsRYGSi","HtpFbNaqnm9of7AeTYwrRKjUUkqFR9kSbyKgvGYvWsWo","","MCAT","2026-09-10T19:29:46.0000000+00:00","35.25389","24-48h","holders","MET","4157.9610487763375","0","0","False","False","1789068933","0","27.916602679032","20.022164509353"
"9eAwtW2PAHTQbHgo4xuVAroH1u6c3tVxDRm5QRnP7a6W","6p8RwRkHfRmrRU8y1kPLYoKaJYg7pdxZjDsVbLkeLgxa","","BRO","2026-09-12T05:45:13.0000000+00:00","0.99639","00-06h","keep","ZEC","236.68110229302167","18.364958822377595","5","False","False","1789192036","0.36729917644755183","5.02567131101144","24.02277011103262"
"9ePtGxTD3Ji6zr77Ua7UiwqmgwjwUDF2k3f5zcYh1asN","C4NtdGzQik4nUjbjw3y2K3fQnC5hzedGD7bddR1Gjrp3","","DROPLET","2026-09-11T11:39:49.0000000+00:00","19.08639","12-24h","holders","EMBER","1751.8436760059478","10035.959896393926","279","False","False","1789179573","200.7191979278785","225.5659795329383","174.01182970106717"
"9G6E4Mj4NjQeaNFe6gQi8KszSVfeDySFvfMjX9geEDnY","FKF1rynEPJE3mPA5UaSCMjSDeZL7ZBZE7Dyr9PkRW2GF","","COPYCAT","2026-09-09T23:58:40.0000000+00:00","54.77222","48h+","keep","TSLAx","3973.8641257164622","0","0","False","False","0","0","2.31845565739865","1.8547645259189198"
"9GdGR6Qy3Bi1gg4ko7Btdti92Fbt5m6oS8tfrLMoRYy6","FtnCn3BrDsAMQnuYHELwMsa1keKkQn3do9m7E12hLkR3","","FOGE","2026-09-11T14:42:21.0000000+00:00","16.04417","12-24h","holders","EMBER","2343.9315580927287","6560.581523550187","200","False","False","1789141077","196.8174457065056","320.2596543014099","256.2354461545827"
"9GFcRuQvyRgpTBRMEYdtTqLhqtbXDwGfLeWgsPt1nfKX","CFVEtFpr1pmstcTKKgmTTDEusMxQwyh51fvUdMW37nRi","","ACE","2026-09-11T13:22:42.0000000+00:00","17.37167","12-24h","holders","EMBER","2343.535418895956","27.501871567000002","1","False","False","1789133020","0.27501871567","0.7665588149045112","0.476869693104104"
"9gHMbaYv5BeiUJY6zXF3L8sN8ZEThWtsCVuc6MsAAYx","BvrJQX9Qn55AHYTMjVG5NmrRhdgjeQUAjXmrYmo8A76y","","ROCKET","2026-09-11T11:34:12.0000000+00:00","19.18","12-24h","burn","PLTRx","3959.787694479937","285.1750726740273","6","False","False","1789126534","5.703501453480547","10.187711570446499","0"
"9gnGjYHsTAWrWncT51bTZpT1mY3obBt1ysWP1z1iPMA8","DjKDKr5LJDvdiDkwT5fGkgYf66s9vB3MKJouWbx1dexU","","XYZ","2026-09-09T23:47:52.0000000+00:00","54.95222","48h+","holders","JUP","4386.364522822479","0","0","False","False","1789060885","0","34.7044427324428","24.942103400081997"
"9h4uBXV89DUK4RcL3pkpKUjoA3q1RFe6W9qa9xPMVbU5","6bZKDv7F6rCKQsNo65dReZezfzerwGm691qjv5FinZJ8","","FIRE","2026-09-12T06:28:26.0000000+00:00","0.27611","00-06h","keep","ZEC","3997.376433981434","301.3644569923926","3","False","False","1789194630","6.027289139847852","6.027289139847852","1.9688714802603"
"9h5jZxjTAXLGFuSY1ssrjCa5ugjdPHb4WnyvYMaUR89b","HLML2LZsXSGgMqQGTcPVYj1qVCSLvAvh6izRLcHR7dkZ","","ORBI","2026-09-10T13:34:08.0000000+00:00","41.18111","24-48h","keep","SPHR","4070.8958720940204","0","0","False","False","1789047246","0","0","0"
"9Ha6kbhxCNHP4ChuFV2toDZJ9iZJUHiDZJkawbbgg41Y","CGMafDoGjumcUY99vNd8X6dvAqFjMHryqCzX4Szv5CzL","","AR","2026-09-10T01:30:05.0000000+00:00","53.24861","48h+","holders","BOT","76451243.69140764","0","0","False","True","1789003803","0","0","0"
"9HBUq4ydvs6qp1JwRGT7BZdGY7eQMoHKKTQz9w5SDKP","9fGsoYRpDyH8RJbSrPsRnmui4cGm36NSzs98eKjcaVFi","","FIRE","2026-09-11T12:02:09.0000000+00:00","18.71417","12-24h","holders","QQQx","5960.187499901941","46447.231696232295","590","False","False","1789181212","1393.4169508869688","1393.4169508869688","1025.0301699687213"
"9hNaCNSrCT9oNT2vjjjAtdVDQFQsaDkZQxechi4MJFaQ","9Ue3thchcyxCygPD1fQnJEioyw99B2ucuT3uLTTvUDgJ","","CURVE","2026-09-11T09:37:48.0000000+00:00","21.12","12-24h","holders","EMBER","6057.462307436649","0","1","False","False","1789119466","0","0","0"
"9HqdC3pLb482CjPVCuo88woQeL6pN61wBvyMaVmMa1mM","4wnArDrRZ4HBFEwd95NBU8hE3VZ8MUZ79TAXGPELsVLz","","1M","2026-09-11T11:56:54.0000000+00:00","18.80167","12-24h","keep","EMBER","1664.4595221917189","0","0","False","False","0","0","0","0"
"9HQFBMeEpsNE79x9SbU5UP2pJAwXxyxU5srUD2F7KRrh","2HCXHcHTbgNm9RTtYBKZE7mGoD1uFN66LUejvsXSKse6","","SOJU","2026-09-11T11:42:55.0000000+00:00","19.03472","12-24h","keep","MET","3349.024510815532","1024.5891597653415","13","False","False","1789126981","20.49178319530683","20.8161437666","16.653091883468"
"9i4TN8T4BjHsYJZ81raiDAUir1ZtETBmr55EvtG9145g","cB3Z7E5j3H7UvNbXngkjzCMbdUaSei6adqyeSqxUDvK","","EMBERHERD","2026-09-11T14:32:13.0000000+00:00","16.21306","12-24h","keep","DOGE","3906.480657589203","0","1","False","False","1789137132","0","0","0"
"9ikw4bSzb5iijBDzJiaeyNMnmRXpgL1FfcuirJUy2qaz","2HZTAC96V6T5KHxPnE7XuryNAVCSy87FVQDt3Q3HxUem","","ORDICATS","2026-09-12T06:14:53.0000000+00:00","0.50194","00-06h","keep","EMBER","4789.95191208161","0","1","False","False","1789193690","0","0","0"
"9jsuMNkKwZXZXTi9humrp1NeTTrdzBwZ9ZGXgbTunGA3","EmU7vwdRyhBr4mQydbkKXktSrWUUZXgk1j2tf1gPiHhS","","METH","2026-09-11T07:55:27.0000000+00:00","22.82583","12-24h","holders","MET","4235.009482151576","518.942725786162","7","False","False","1789121460","10.37885451572324","10.37885451572324","0"
"9JWYHVu5sx14rrk9vEQEqSaH657dYr6ZuVmi1ggg4WMb","4AXNWSmuhSc7oTA6pQBuz7zC4k1ccq8ddM6KYGLSpFq3","","FROST","2026-09-11T13:04:42.0000000+00:00","17.67167","12-24h","holders","EMBER","1987.08797681393","61.07002828935","8","False","False","1789148491","1.221400565787","1.7084135401180798","0"
"9K3HfAWTV4BZ8TVhGvu7ASrSTqu2hpWfokTwV3E7JWmv","Dg2zLaPxKLV7MXkNUFssBsE85eAVS5QkTqieePz9A9oF","","BANG","2026-09-12T02:49:18.0000000+00:00","3.92833","00-06h","keep","EMBER","3986.5983379664817","249.77319327765946","32","False","False","1789193536","4.995463865553189","4.995463865553189","6.0649255481418"
"9K5d1qgfUBfKZcoHL2wMdKTdMPkYYko3uZ79oYaWC8sw","GmFHfcnkb5xYMbXKBRKCMBgsjszXehSS9CTrjjvvkxgz","3XQ6vLmoZ5p8QGiGAiGYVnYDvLqbSLSSeHnfKKvAf37a","WET","2026-09-11T19:30:00.0000000+00:00","11.25","06-12h","holders","DRAM","3149.7687517969434","50915.24953117792","458","True","False","1789184293","509.1524953117792","509.1524953117792","235.786905445458"
"9KeyehHh3Fu8AuEFVebuhfXEzXMHGGDVMrotcwP93gf","6cy5AdqWGWU35AsVYGW3eLw4Tpt9s2Pa5EH15Aqhu7mF","","SAMSUNG","2026-09-12T03:02:29.0000000+00:00","3.70861","00-06h","keep","EMBER","4140.28320845181","243.07774530794515","5","False","False","1789183951","4.8615549061589025","4.8615549061589025","3.0071133133128"
"9KgnTy9KT9p4jiCM4evHyPh4GRvVfv7jkxKNbKbn2dzR","CPLWvr7Yi2ZcPcYpW848Ea9UtCT92CxZotgS3Teo7VdM","","FIRE","2026-09-11T11:54:50.0000000+00:00","18.83611","12-24h","holders","EMBER","1815.5187339706256","8672.76553218326","257","False","False","1789133400","173.45531064366523","326.51061045831506","260.876226656825"
"9L2KoF9xA9MoujWS5TmG6VsgLs29miqov8RSdtCrrUy1","H3sH1Z4w86ru3kxKXoaVYNP8pCH75UdwJskzqwqzxbGq","","WIZZ","2026-09-12T04:21:51.0000000+00:00","2.38583","00-06h","keep","MET","4060.0840664858615","263.318102216974","7","False","False","1789188711","5.26636204433948","5.26636204433948","3.3351398979600004"
"9mesHVTytcECLLxfsmYigeQsq3Jw3rTVyFSjqqiSEZYQ","C1UZmbRLnd38PrPRWQvFUsBBtpx9dwMQwkc4H5F5PZgQ","","JTOR","2026-09-10T00:54:27.0000000+00:00","53.8425","48h+","holders","NVDAx","3926.855972258104","2.12345004436","0","False","False","1789015765","0.06370350133080001","2.4880795278","1.98932053"
"9mhaTtgNBpKuwak8Rg3xFRUR1Qitd4FPebVWhDQLMNPX","36emQvb2zzTz9Pyk2wyEEkcjhwWgFWmoQHKLtjBHNbHc","","WET","2026-09-11T19:27:42.0000000+00:00","11.28833","06-12h","holders","DRAM","3998.055516604064","12126.3146489028","120","False","False","1789161057","121.263146489028","121.263146489028","88.10534368450399"
"9MHSwKUA7QUizwDJ2phz6BBRKsKUx9t7apgzoEob3Cm2","6zsBFfxXgr1bbCtAvtQoPJeyYubXRcbQ4RKyKDEwTBGn","","EMBASSADOR","2026-09-10T08:20:51.0000000+00:00","46.4025","24-48h","keep","SPYx","4024.3104829546587","9.90398074463856","2","False","False","1789125199","0.19807961489277118","6.3955461337","5.116436906960001"
"9MtEQvBgi2vWt7ZEm6hrz5vxyzyRRSFgkDCCEHVUxHbw","EVEeAi27s5sCgKHc8vC2jzjJufonLbkV8bxxneJMg6Tw","","CHURRO","2026-09-10T00:27:40.0000000+00:00","54.28889","48h+","holders","MET","4346.031799813247","0","0","False","False","1789035179","0","9.953985162","7.87280250834"
"9Mv3B4hY1JQw3Cu27LfEspEJ4e3KfzvD7i6h6ehb1BZS","H25M7wpDvGCXmtKcqcanuMdvjGMcRTetr5YsAS4EDvqE","","GODEM","2026-09-11T16:32:25.0000000+00:00","14.20972","12-24h","dip","EMBER","2335.4942418920677","115.93829977251663","7","False","False","1789146145","2.3187659954503324","3.1167193527010597","0"
"9NqGcYjXKPn2gWonrVHCoGDyoJb3KdfEdz23praFBVVT","C5eUkdpkP6xpwAfDeAxMB1LVXgY9taEnddEUXnrUgzQt","","CHEF","2026-09-10T11:30:11.0000000+00:00","43.24694","24-48h","keep","AMZNx","4058.0153576509183","0","0","False","False","1789041010","0","0.47332004527938","0.37761508162575996"
"9NY8tWn2uwfr8fxY4A6vMcNFi3etVAm9TU4kaxqYSHKB","6u6VCUJxtyToPBmRXM6HvFPEfRwRxSWPiNL6Z1NjsMWu","","REMEMBER","2026-09-11T11:43:28.0000000+00:00","19.02556","12-24h","holders","EMBER","1570.2047339752407","140.07681183759772","7","False","False","1789129165","2.8015362367519545","104.04374905523694","81.83132026904858"
"9oDdjhGL4xGHCAqG11oXRrVzAN1VxNVttbRxgAqRfZNK","F9YRwmuhkJ1qSGv8vv7fy6okn4ECesjZ7mGpQAoYeLwQ","","EMBERALE","2026-09-11T12:34:21.0000000+00:00","18.1775","12-24h","keep","RAY","4263.223781653914","80.41835","1","False","False","1789130119","1.608367","1.608367","1.0441049599999999"
"9om4kFHAbPMrx7GzZ79FcqqzanBNVe5qTUPwpQV7AukX","DmNMkmxYqWAxxq4Z1CreDaKB1qCJpFhD8BLLBtY9VTwJ","","ACE","2026-09-11T12:41:29.0000000+00:00","18.05861","12-24h","holders","EMBER","2183.200680131351","0","1","False","False","1789130488","0","0","0"
"9oXA1VWKNiYDYa6VKHBFFBBvZdvuhw1b2eD5Aka7YrVt","8GAGtUt4JXuNxG6eVDZqPPfpuJftpcss3qk5JD6Agfaf","23B6d3FvDu2eiZxyBLgWdm2W2vn1bdRwJTR6NCfQpxGE","FLAME","2026-09-11T09:48:52.0000000+00:00","20.93556","12-24h","holders","EMBER","891087.3265967295","7494308.25","44939","True","False","1789195500","74943.0825","74943.0825","27431.87061808937"
"9P1a1HfSYPARx11QYaGefsgt9V8RBxxAa4RPi3CYCcp9","GEwgnRYPXJSrmgZunmeZVNVhrdDF41MEq1CqhBNTK9ih","","OSAMA","2026-09-11T12:40:39.0000000+00:00","18.0725","12-24h","holders","EMBER","2098.1005231644385","141.26855526878626","9","False","False","1789163592","4.238056658063587","5.659534532420839","0"
"9P9mTkNgkKDAGKCaK2chHpmZwKzqmYKLd9AXtksxaMxh","HzgPKo3DUajWd6LN1bLL3D2ExHJ9PedYpJrsf86ruwqQ","","PROBURN","2026-09-11T17:10:30.0000000+00:00","13.575","12-24h","holders","EMBER","2339.7318439577493","0","1","False","False","1789146629","0","0","0"
"9pdnm4o6ELccT9AuF2kk7yyhqthouQX7b6P7jMY72wPm","CUjyVf6e64882k3ZnBeSAAv2sG4DY6bWUVe9nWNAF2sW","","ES","2026-09-11T12:30:01.0000000+00:00","18.24972","12-24h","holders","EMBER","2029.3247785584404","1833.97541629789","44","False","False","1789141048","18.3397541629789","320.01519094479704","253.10056592430612"
"9pEyJky5EnNNkEA5d6pYArp4suDgaBAWa3qX19hAHxKr","13equxqJ7zD54narRW3MTBcjxRSRd8kK5LekgvVc4MKH","","FLYTAP","2026-09-12T00:04:51.0000000+00:00","6.66917","06-12h","holders","MET","3885.814479315787","0","1","False","False","1789171489","0","0","0"
"9Pmtt3LwqWkvwFfzrm8m15gKyJ9La6BjnRzhBSWqtJYS","CNXDHqA8uwbVSFaknxSVsWZRZK6RJjW4oTYmdAbbNBXZ","","TETRA","2026-09-11T09:25:29.0000000+00:00","21.32528","12-24h","holders","EMBER","6781.712280804052","8074.833846154638","104","False","False","1789183378","80.74833846154638","80.74833846154638","50.931942238036534"
"9PP5q8Rv2yZ8CNRpz5vo7ySMUiuNFGuRxVnNL8n7cmci","BLmsd4SckJPZgCyHvgx15q7961fSDU63CUtUHfLYksw4","","IGIX","2026-09-10T00:15:40.0000000+00:00","54.48889","48h+","holders","MET","4483.776899231169","0","0","False","False","1789074263","0","58.687260885386564","17.665257797375997"
"9pWJYf7Sr1LKwgrHf12WnikHyR4a1tFoFR4Dk8YdtQM8","QfqowHf84mZU39qdS8oedge2z4TEvTRiuH227BGN19D","","AERXOL","2026-09-11T11:26:29.0000000+00:00","19.30861","12-24h","holders","EMBER","2074.157105315653","3760.4312092320556","140","False","False","1789126803","75.20862418464111","217.01020450533397","182.11991114493105"
"9pWL1hfToYP4SE9YrN393SzYdvr8dqqQrGpwKsZQ3iWs","29s9Rsu9nYxT83Fo16mPgCaNJT8WiMkCD134JMiDaAti","","SMORE","2026-09-11T12:50:31.0000000+00:00","17.90806","12-24h","holders","EMBER","2140.4753624000714","393.8795203543167","17","False","False","1789131109","7.877590407086334","32.6006493366","26.080519469280002"
"9Pwqye1iRxdemsoBsvT5TyrFw8PGFxYrhWwKcvt5RXcx","91PChxKuLWfYyZp6z11HzfDHAGXnfgW46E1CjD9YTNdd","","EMBERFROG","2026-09-11T12:52:07.0000000+00:00","17.88139","12-24h","holders","EMBER","2095.8991210815843","0","1","False","False","1789131124","0","0","0"
"9Q9acgg1WsSXjBtd18yG6LVzFqsrEkArt1qhmfYkt8QM","3h2qWTpHT3oiFj9eZM4D7qz75Q7uNA7uRNWEuUpJU3Tq","","HOLDCAT","2026-09-11T10:39:04.0000000+00:00","20.09889","12-24h","keep","NVDAx","3981.0905373663227","0","1","False","False","1789123140","0","0","0"
"9QfpLPRABwW9RDh5KudfuHomnP7ArxHoPLKKuNFMxpjW","ABJi6Cw3ajpXAu7FD1J9Sw9DLWt8KFqa8X7ycMc9LHtH","","EMBOOR","2026-09-11T12:28:45.0000000+00:00","18.27083","12-24h","keep","EMBER","1859.9252362817567","35.6191659755","5","False","False","1789129778","0.71238331951","1.10703092084655","0.45813489350712"
"9qGzn4m3ZB74YyVkSoCapCcryveQguycba9sBmowx1BC","8beYn3FLdPbsU3BfbDfr7cFJHfGG4PJeQAyQ4B4efXX1","","TUK","2026-09-12T01:24:15.0000000+00:00","5.34583","00-06h","holders","MET","3922.584174282037","299.67865075937596","7","False","False","1789178055","2.9967865075937596","2.9967865075937596","1.653884058449"
"9QjC88zvuJJtACuytJvnP1ioS6Xi8W8Rt2pHveNcsqte","62jeFw589mHT7GT5eaxF2TTJ2DVFhHibGRhByBZbSVw6","","EMBERDOG","2026-09-11T12:25:45.0000000+00:00","18.32083","12-24h","holders","MSTRx","4046.5094902142464","0","1","False","False","1789129543","0","0","0"
"9qS1HsJadD3UQkyCD6HQqqs7V35aZ2Mv9TzCZAdY9K6h","J7wvyYhXo2a4qm8yC4gcpaqCiHmedPACcyHFAQX3iAZs","","PHOENIX","2026-09-11T12:28:10.0000000+00:00","18.28056","12-24h","holders","EMBER","1899.2816057826642","185.33123292754038","4","False","False","1789129860","3.706624658550808","5.6417741633099","0"
"9QtX7eguB1VJ5ixhVMM5R6xMd1a5a5z5VwaxkwNafd1m","8QpfBQ47uKmcG95qbrUkAY6thpi3od5w5XaiXsCA2vsU","","ELON","2026-09-10T01:01:41.0000000+00:00","53.72194","48h+","keep","TSLAx","3977.9841107605926","0","0","False","False","1789002513","0","2.0088847818","1.6071056262"
"9Reo5aiPar6XCHBREj9kG4DFPPoBbvU4D7agpAqKZL6C","FG4mRsMZyoV2nCaKRtkepnxh68FPeuvchHiVuBxPVGyj","","METSUMI","2026-09-10T00:45:00.0000000+00:00","54","48h+","holders","MET","4333.841443650428","517.4490863849501","6","False","False","1789169156","10.348981727699002","10.348981727699002","0"
"9RkLXVSrvCzqjpvijgZEJ1DZaBazsiEpY7wBGrxJHifF","Bquo4Vxvo8RrKx1QXMFiFsUz718JYzABQyqCeQBzB3ZC","","METTURK","2026-09-11T12:23:21.0000000+00:00","18.36083","12-24h","holders","MET","3313.3774080429703","8.10068842127776","2","False","False","1789130087","0.1620137684255552","0.1620137684255552","0"
"9RNPua67id2wKhouXhn7SX3K6DF7BRdDLNVcg72m8Vpr","SurSFjGJYK7MebzwpSAXAQnH3Tmd1TLuoUQi1reAqKs","","PROMETHEUS","2026-09-11T14:04:50.0000000+00:00","16.66944","12-24h","holders","EMBER","2019.558232485816","0","1","False","False","1789135488","0","0","0"
"9rUyJSpKKynxe6cMrrhY9SsoSfjFp96YfJcYXU41QvFC","EDwUVA2woqoNHBMCJ5Qb7JCcAfviBy1kPgVUhi9HjiNS","","EMBERHEARD","2026-09-11T12:19:10.0000000+00:00","18.43056","12-24h","keep","EMBER","1842.5096331729965","124.95133528389266","2","False","False","1789129245","2.4990267056778532","7.778572574793791","6.222858035804079"
"9s4sFWpgRDvg1ZQDbWikh9rvuofqn99fKgausyVJzKZh","F1SmKn7QFjoW3bn46ee7QcDZDS1HYgYK9mHcRKNLUg1o","","TOWER","2026-09-12T05:02:05.0000000+00:00","1.71528","00-06h","keep","ZEC","235.4406235021618","16.98280000115635","3","False","False","1789189446","0.339656000023127","4.6609165136831","18.578285813675404"
"9sarbEBmvnc1omZkYsXiTuPtQrsFi6VqG4iMToN2tnKh","DKGpKmPEdohN3rCskLz4WgnZcC8edXsixNuY7GEb78ps","","AMBER","2026-09-11T13:05:19.0000000+00:00","17.66139","12-24h","keep","EMBER","2029.8627157121211","0.09732534554","3","False","False","1789131927","0.0029197603662","0.0029197603662","0"
"9SLyuej7vZVNvzMr1aD2cyWRF9ZqhXsNDJQaGbpVHJfG","7F66tKgimAQfUgRoTs1282fmQtkJP3VyHEFHCYMovKYK","","EMBER","2026-09-11T13:07:05.0000000+00:00","17.63194","12-24h","holders","EMBER","2066.4895891147708","39.47762334608001","15","False","False","1789165791","1.1843287003824001","1.6489926754862887","0"
"9T7XdwXujQ7QboJRzxoKVSBzdc3YtK52XoyVdqcTWEZq","8xwnozv1fbbhyPqZunoor9USt9ax7Vyc2CFbLJpQFubf","","MTC","2026-09-11T15:59:36.0000000+00:00","14.75667","12-24h","split","MET","3387.848903763963","168.27833170586197","2","False","False","1789142453","3.3655666341172394","3.3655666341172394","2.6676729992709998"
"9tjX5Q2gb7D5yupcKDH7kPvxgLVyyWyZrv28Qc7gMyzu","HxXh86abHfDH4f5U1f8aBBgEX121MYWZuyDbdcXr4Huu","","FIRE","2026-09-11T11:48:08.0000000+00:00","18.94778","12-24h","keep","EMBER","1705.047599720528","519.8634820552352","13","False","False","1789127294","10.397269641104703","19.338832578239998","15.142521225151318"
"9TLwuiaKuYbMHucqy3PGsHkDh86YpSK7gCz5BDnMfJMR","6TbZG1LKZHGx4WA3kVRUyBEKVzDh7HwNGrLyqvsUarNE","","COOK","2026-09-11T14:26:14.0000000+00:00","16.31278","12-24h","holders","EMBER","3059.405547903288","2583.474431753511","26","False","False","1789137484","51.66948863507022","102.35587304560701","81.88469840495492"
"9u7pD5SA2kdmjyND4TmiUCEuX6pD1uK17vwWR5gN3ACN","GLLcgzQqCgWKvKTyeGAaPxPpE6mKQrnW6sv1qSTZFJpR","","EMBERPEPE","2026-09-11T11:57:37.0000000+00:00","18.78972","12-24h","holders","EMBER","1722.1403582382156","245.8335983748144","5","False","False","1789128035","4.9166719674962875","16.08818720592205","13.380742010439999"
"9UcEPbw8gWpAm3yooeB7jdre7NGq5D3bmnaK3DYqVobV","92Sjc15hcHT3vvxa5xKq2w8RLCNmg89f8yvsw9TozYoM","","FEES","2026-09-09T23:56:01.0000000+00:00","54.81639","48h+","holders","MCDx","3950.962903613209","0","0","False","False","0","0","6.385952565815863","5.120729369823801"
"9UGpeWXhX33yWWjgF9yaf4Q7sTNzcqmJQUycWuwcQ4E9","9vkKb4cwiJJUdi9aaVSDkBAGiWzWk99MgkY7syWPVft1","","FINE","2026-09-11T12:20:11.0000000+00:00","18.41361","12-24h","keep","EMBER","1842.5093437755206","228.40187668433984","9","False","False","1789141565","4.568037533686796","13.879240548290639","10.8396542646"
"9uHVufcAPmqVcgSyYHLnKDwUxbJ6cNznrT8wFYxkFGXX","EFH1ryAxHtyEMC5Q4NNA8eUaM5TvmvSkKqBDCHgeEiLh","Hws2eHYQ845Lt3rWtc7QtYFz3CsC4tQDLmgA7cX6H5B1","ROCK","2026-09-09T22:34:07.0000000+00:00","56.18139","48h+","holders","MET","72366.96223899438","453039.03","3393","True","False","1789194780","4530.3903","6950.804709963958","4897.091573209246"
"9Ukgi2rYt1nkr1d8L97w5MSK7YfZfw9fLLVyrhtRjRFZ","3ZaYU8gRGqytsGSxCaNWHLjka6BdL4piy4EKsn8nLewf","","CINDER","2026-09-10T00:34:03.0000000+00:00","54.1825","48h+","holders","MET","4357.190880780115","0","0","False","False","1789004712","0","2.9006267849","2.3250072384"
"9uTXmV6XXSmtYyEfjP3N6PhVNSVADKUdFjPXTsos5ojp","J2UNJ1fTtzc4YdfMScoQzLqoU3XWeEkLd3WTBGP7Kcbe","","PURR","2026-09-11T20:08:57.0000000+00:00","10.60083","06-12h","keep","EMBER","2667.323322962975","0","1","False","False","1789157335","0","0","0"
"9Uw5MPi1whhXNR4iSJopdzN7UckW1kVYRMDrjLYvA4HQ","9yJerRXYKPqKFeaykxvJydew2tKEhX8uzkgC5Gr4v8hs","","OVEN","2026-09-11T14:02:40.0000000+00:00","16.70556","12-24h","keep","EMBER","2010.3281083658364","103.4074731269144","4","False","False","1789135505","2.0681494625382877","3.4825497628874","2.7781892075474"
"9uwQBmjaZchH1fbzV4Stj2MtFp1yVhBPbb9jGUYMm952","G3ze6Z3F99FhyZd3v35PQrZyAGjkkcC8SK5CSf27z17o","","XMONEY","2026-09-10T12:07:55.0000000+00:00","42.61806","24-48h","keep","SPCXx","4082.6475202790025","19.275023589270017","2","False","False","1789128456","0.3855004717854003","0.3855004717854003","0.24756556748831998"
"9VEgWR3bYQNPZmT526XZoA8nFcr8tQ6SK8ZCS8dwqfrz","7sfHmoiQDcUEAvf963n3cJ97AVG5uJ2qHy71vD4iNo82","","UPTEMBER","2026-09-11T12:31:43.0000000+00:00","18.22139","12-24h","holders","EMBER","1934.2432127097727","89.18694816451999","5","False","False","1789147920","1.7837389632903997","4.12993780781912","0"
"9vGZ11w7tRycbNDdUcPy5cuXhLdPJHHq7W8BP1sEJ71M","LB42eF7XvkcLZ6ao2bMMcGezxgFxgmMabAkpU6TGrKk","Gp5B9scHoqhuGDimec6tHBeVDnM2Q2Kivc5yZUycAphJ","LPARMY","2026-09-09T23:38:03.0000000+00:00","55.11583","48h+","holders","MET","14560.13012364573","156359.99","2178","True","False","1789195410","1563.5999","1767.5291097271422","1417.7429566732335"
"9Vooeu1f2v3Sd3qBfLv8pMjiTinqviSh5QeCYv8grsAA","Gh1ZAmxswD6Ujvra7PpWiCRQDnR2gaew3F2o2rvyLbsh","","CLAWD","2026-09-12T00:47:48.0000000+00:00","5.95333","00-06h","holders","UPS","3964.1400660541517","0","1","False","False","1789174066","0","0","0"
"9vtF22sn7461hcAocLEJoUZT51cUTVoazW46o4bN2nGT","4YjkBUDqNh1BbKVY2RYxscWRQDiP4iBuXR4tUGVytij8","","TINDER","2026-09-11T05:35:46.0000000+00:00","25.15389","24-48h","holders","EMBER","16806.55359033174","315.1176466701105","1","False","False","1789182912","3.151176466701105","6.13849079321609","11.307955801045251"
"9wcScANjwSKd3nn9xBC5P4q85bUzFkiwzdmrVoDsdmHn","Ehj2Pnq9QcPAEWLPpN6d7gxLpLFJGkx1pKiAB9C1oTmX","","ROCKETFROG","2026-09-10T19:35:26.0000000+00:00","35.15944","24-48h","keep","SPYx","4037.453824397102","0.008208886688000001","0","False","False","1789070360","0.00024626660064","0.00024626660064","0"
"9x9isMqR2Y7gcfbj11GvRr8f6DwiPGKYhKGnaXjkDDH6","B7TmaGh3R6RFt9KU8FjaUV7L74L2VJdSRYPxpJ83zAWn","","MET","2026-09-09T22:57:19.0000000+00:00","55.79472","48h+","keep","MET","4624.631831185895","0","0","False","False","0","0","27.980962575258","22.384770019227"
"9YLVZtt4aeWro3RAWwiXSyB1394TrnWm3yCF73Fh57UU","CRP22UB5vsiXnkdMdb7z51Wt5U9m2kbmGm8S2jznodan","","STOCKLANA","2026-09-11T13:34:32.0000000+00:00","17.17444","12-24h","holders","EMBER","2511.15186225481","1358.204547880626","45","False","False","1789178215","27.164090957612522","64.07587145662531","55.00547934715393"
"9YUBuVhNiRdwLNLaQJtYc4orfeMhYodx17AMMAjBjK2h","HjNUGgvNBtaDUtLK528iYhNp8nUxEwESPSGiP199n6pw","","FIRECOIN","2026-09-09T22:55:45.0000000+00:00","55.82083","48h+","holders","SPYx","4393.245317548825","1146.3075661545477","14","False","False","1789159248","11.463075661545476","34.911360962814165","20.5597304860365"
"9yyJdTkUzXRMMe9WMX4H6gqVJ5Hkk5rJCPqLAf6LL2yR","8qKPG3sENMbH4xVb5kWx9GmhSxU55ohuxLUwBo8W72CA","","HELLCAT","2026-09-11T15:37:42.0000000+00:00","15.12167","12-24h","holders","EMBER","2055.994956433461","1525.4396044246043","60","False","False","1789178076","30.508792088492086","60.289606126561914","48.222596460857254"
"9zai2mSkAcj5fagQBPiiSJoncGKkaWNTzouC6Tv6EPUe","DXZcKuxS6EZLCK6MhKByHMjFbPLiB4thjWH6wU5xodZp","","ZZZ","2026-09-10T05:41:53.0000000+00:00","49.05194","48h+","lotto","PLTRx","3959.7838480278892","0","0","False","False","1789018910","0","0","0"
"9Zmw94Qz11jY3TTKnCYBwHVX2Kqkd3ZY6oF3GQAEdy1M","2JamsNqNmpZjH1YLyqXBor4aKsU77M8h49apRbKLWSLe","","JTOR","2026-09-10T00:59:03.0000000+00:00","53.76583","48h+","holders","NVDAx","3927.5260546948025","0","0","False","False","1789001940","0","0","0"
"9zSx4sajae7o4UkaQ9E1UWtHZwd99eqSWr3GcPfP5bpf","Aazrius1MAbhBpwAPXjpSNiuzAqhAowLSMT9ek45q7UA","","MEATYAURA","2026-09-09T23:38:32.0000000+00:00","55.10778","48h+","holders","MET","7415.801682748057","11945.243263075066","212","False","False","1789193871","238.90486526150133","770.0951180966504","614.9602253029499"
"A1F6mL3LJWoxk59tThyaZVr3obpSbS4SsXFkMN1yobDv","5LgDopUi9X3m2dX2MLtwxXvLqMP2TxRSApH1t8T2Cikq","","HYDRA","2026-09-11T13:25:38.0000000+00:00","17.32278","12-24h","keep","EMBER","2412.5948837445585","0","1","False","False","1789133135","0","0","0"
"A1HFwBgJ5iueoNutri7c7TR31dGKoR7a3Q97bNGL5Jqf","Ex7PUzxUnqJfbjNxzZJ5SAjt6vzdXn5MU1pg6WGY9PhG","","LEMBER","2026-09-11T11:19:30.0000000+00:00","19.425","12-24h","keep","EMBER","2246.7064966472303","21.928771509369994","6","False","False","1789146853","0.43857543018739986","214.10286439444752","171.2822915101376"
"A1iRJxsdu7BAf3VtiH6sw1DQZDnz9QVLZRNrZNeNcfNV","66qmmwRt2tsbWdMwsHsxRUvTbkHMtV9i2roMoFjKBRee","","EMBERCAT","2026-09-10T00:24:05.0000000+00:00","54.34861","48h+","keep","MET","4332.0168837715355","0","0","False","False","1788999842","0","0","0"
"A28wGfDmxK4KoGnYLePrFL5HLqUNq5s85wkPkV2ukfjp","6K1DyZMKUvUMWSRLtTbXecjtZmnK5A69DVTMcNjKUqHN","","EKERMIT","2026-09-11T16:09:28.0000000+00:00","14.59222","12-24h","holders","EMBER","2196.436465465749","0","1","False","False","1789142966","0","0","0"
"A2EFTSjMEkQbSoT7Rk48FbqbkoCgXmYdZzaWFp2ZUapw","59QWQrBBkyiwjTkNLQDWxZGBke5imXveAcQAHL1RnoPw","","EMBERCAT","2026-09-11T13:01:14.0000000+00:00","17.72944","12-24h","holders","NVDAx","3956.56297863027","0","1","False","False","1789131671","0","0","0"
"A2NNzJQsVJ8XPLxz9jUE2714NjYNr4JbCKRbsJSXNxm5","69bcqAJ3zHkmjAski1RfQHJRRAx4bU9oBVumV1hZhn5q","","ASTEROID","2026-09-10T06:39:39.0000000+00:00","48.08917","48h+","keep","SPCXx","4175.748128115617","155.81063698172971","4","False","False","1789131487","3.1162127396345944","7.937338713429673","6.349869499417939"
"A3bYNPyjKd8re57CCa3iaJa8bjychfH37uaQGEyQBDWY","H4WYAiZsjScukRz3LY4y3RsPVPAi1xq7z1rE4nrSWJsX","","WINCATS","2026-09-10T00:28:39.0000000+00:00","54.2725","48h+","holders","SPYx","4012.218345439364","0","0","False","False","1789000509","0","4.8801783702","3.90057109703604"
"A4gZMXnLnGwbzhF81E5qzfuFkubLTrcKc8L333odEJqw","6mi6kysSTLFhN81PzH76rpTjLF2KfifV5fRi9Pg5SAg2","","EMBERDOG","2026-09-11T11:22:38.0000000+00:00","19.37278","12-24h","keep","MET","3246.616981285102","0","1","False","False","1789125757","0","0","0"
"A4i9ab5J2MkQXyCTwE4Jnk67Sb9DWKAt35xvxHbBDKhp","3bEnDV6yVg5HPv1JE8b3ZAjUjwK3riRvFbp8gh3zULBx","","SOL","2026-09-11T11:59:16.0000000+00:00","18.76222","12-24h","keep","EMBER","1689.0875564250111","187.23772191409756","9","False","False","1789130889","1.8723772191409755","32.80903429420188","26.247227422546146"
"A5kmVwXzMdkcdrRE27XTVxmM5Xdf2cmBD4rhZLDKbheL","5EoqY9QDja1o9uQ5pd12NcUA94eGRf7YJGbjpRgjASZY","","JAMBO","2026-09-11T12:03:21.0000000+00:00","18.69417","12-24h","keep","MSFTx","3991.909070209079","0","0","False","False","0","0","0","0"
"A5LLnQ2Mj9uBpbA1vdug3XmLtG9j1Nm1MKX3oAjrUvam","5gxS1M2SsjHegt5fVNLLh9gypVauzRJiBfmvV7Sn3x4z","","LITCAT","2026-09-11T11:37:09.0000000+00:00","19.13083","12-24h","holders","EMBER","2140.2861180888267","123.37814883500782","20","False","False","1789126727","2.4675629767001563","4.129055937979559","0"
"A5Ly53WKC51r6Vo41UcdypWQgNkk31JGEL88eGeXVutf","G3QsrvgaTtFnbPZppBxvDab7bTeniqWy86MeGPDTxnJY","","NAKHLA","2026-09-11T09:55:52.0000000+00:00","20.81889","12-24h","holders","MET","3686.005845118302","0","1","False","False","1789120550","0","0","0"
"A5PJyybPk9bdGAcw18fdMBfo2EA9ffAapsTgCoYHVQfG","9oPY8GTGAaGhbyN4u3wfUa2V5YyjnsUaBGLkQK7cbLY7","D2X7CDV5gsYT8PptdTGZww5cV4BTDxwVBDEkVDcXqFEo","🔥","2026-09-11T12:31:43.0000000+00:00","18.22139","12-24h","holders","EMBER","7332.237173965573","94368.48366295511","874","True","False","1789185889","943.6848366295511","1206.0472245613562","957.8979034052016"
"A5ug4ZXTYqQ5m7yBpEdWkAQ1LhANnV5QSWfdSXwuU366","6CmSmP5CfKPJ5q3V3AVN2MMxwixYqNvrbcveJ72yS6cc","","EMBERMAN","2026-09-11T12:08:12.0000000+00:00","18.61333","12-24h","holders","MET","3302.0794657443917","0","1","False","False","1789128487","0","0","0"
"A6LgRcHkjY6W36dLiZ7Evx4sFSpoXWe875nRvLkTFpbe","Fo9yeCU1jW96ULCsHFbViQBeYzPJeV2wK9XJFV1RZNC1","","ORA","2026-09-09T23:39:21.0000000+00:00","55.09417","48h+","holders","MET","4656.89086277976","0","0","False","False","1789052115","0","70.786217043313","51.67104060620701"
"A6UhG2vCF6vevZM5PQy9EMMgRbh24MidS1yULSwUSdqe","8ewtoU6N1mktq2SAbh4ddHN9K6aBKd8LU2Cej7bf4WLv","","EMBEAR","2026-09-11T08:03:53.0000000+00:00","22.68528","12-24h","holders","EMBER","9528.367689925468","44.59160632230999","5","False","False","1789149213","1.3377481896692998","1.8576071852655","0.49743391167657003"
"A7AMzgmjip852gEJpVXMaHGvRsj551XspSNK6C3nC1zx","ATRZ82uMuwyQqMCsewkrGeCUvagvLgkgAojQPVXdrUMi","","NEIRO","2026-09-10T14:05:20.0000000+00:00","40.66111","24-48h","lotto","TSLAx","3963.7347165500596","0","0","False","False","1789049118","0","0","0"
"A7BjbQ8dD1pUE8nK5zJjtWZWrH1CxtopZADnDfFaU3L2","D9LBN6KyNtzW3ZGRzYpjKBo5trDcFobtM2vn3FE1phP8","","CHARIZARD","2026-09-11T10:39:46.0000000+00:00","20.08722","12-24h","keep","EMBER","5555.431032315283","2335.225884741108","55","False","False","1789133509","46.70451769482216","60.87686297924327","46.76765128442071"
"A9oYm6woPsUiT8uFF8zqQ1WpNA3Nk9FXP5MeGxQghth7","GixxfAKW4WnRz7csgdVmBVR1cMUUTLwEQqpXNLXs2M2C","","IPOD","2026-09-09T22:49:53.0000000+00:00","55.91861","48h+","holders","AAPLx","4199.104546664686","0","0","False","False","0","0","19.797749459988502","15.838198290915"
"A9uRV1N1nqVm6adWLp8EMnshcXH5ERtHTdCzdcBq4ccR","2PgFwKWwHDG68vQ7f7aRj86ZveA37xGxwRH6GtohRtVv","","GPUCAT","2026-09-11T14:33:10.0000000+00:00","16.19722","12-24h","holders","EMBER","2456.7669602608257","0","1","False","False","1789137189","0","0","0"
"Aa4cqLcJxEf3rcEqdw5eoC3ZNFTPV2FKBjmukxuTTPR9","2tzBk9ZyFs3zXtAdN68aBRMAhXX6FbER54CnhWAq8mBW","","MEATCOIN","2026-09-10T00:02:53.0000000+00:00","54.70194","48h+","holders","MET","4272.364214556034","0","0","False","False","0","0","33.770881351746","27.016704999437998"
"AadddaZ5h1P613xXPPMNhFci6L7rwJy1Ac2YYWMHTbQt","CqzthhgNX46c8WknLLPAcE7WdDZBF81NLzNkXyKMPAvU","","BITCOIN","2026-09-12T00:07:13.0000000+00:00","6.62972","06-12h","keep","EMBER","4765.622087162961","1686.8862857486065","17","False","False","1789173432","33.73772571497213","33.73772571497213","24.119192398920955"
"AaHAnQzD34cmJVrBsBppRS9RYKxRpqMU5naiP4T4QWbp","Bfcy7ptFEYKkvxmHDFa5ukcH9Mo5JTcHEBWYvxhSf6Wo","","SCAT","2026-09-11T20:19:00.0000000+00:00","10.43333","06-12h","keep","EMBER","3017.168616468582","0","1","False","False","1789157938","0","0","0"
"AAhHZttBNr6jbAtmasBGaoJ6vaMjdEfcAnpQ2MEughfh","XU3uJHTU5PoE4ZTP1s3khDQVh46gDUMA2d13KuvtFZb","","RIDER","2026-09-11T12:47:10.0000000+00:00","17.96389","12-24h","keep","EMBER","2271.854723332721","0","1","False","False","1789130827","0","0","0"
"AB6u5fSeiZrHGxaZSJykeqzZtCquftGREWtsdf1Z3Nv1","4r5aY1RUUzstCgfgbAZGwW6Dvx1r8id9mNjgezipdNBw","","FIRE","2026-09-11T11:26:22.0000000+00:00","19.31056","12-24h","keep","EMBER","2081.4259785216377","79.71637899068","3","False","False","1789126028","1.5943275798136","12.50048498027859","9.916351856562017"
"ABcXMb9u9WGD8xicddfmGth9bxUhrpWRpCeQHywfxXc1","7K5xTKkNia1V34y88rkteMnaMa3uhNC6VxzHjZTFVHW2","","LINI","2026-09-11T12:00:40.0000000+00:00","18.73889","12-24h","holders","EMBER","1704.4356238342452","0","0","False","False","0","0","0","0"
"AbifadRB8ocPs6Z3XcqTQTvy2ZxzwMRyvAr34WYLqwx1","4LcEJHzeT2owFQQNBvZznWQ6UWjvEadBwnd3vvgAjtNk","","ZAZU","2026-09-11T15:03:47.0000000+00:00","15.68694","12-24h","holders","EMBER","2112.9076210334447","0","1","False","False","1789139025","0","0","0"
"AbMfBYf5SyhVta7PLydgsBnuM3YkrQA2MccFnTtEzxeD","9yE8CX27Hf8rbYWB7fABC2zJgypjayqzwTadsvJadAoj","","EMBERDOG","2026-09-11T17:10:21.0000000+00:00","13.5775","12-24h","keep","NVDAx","3997.820226152405","1113.471987526881","16","False","False","1789146683","33.40415962580643","33.44706000475617","26.75764624608624"
"AbRA7yL7JsUJ8VwSSkcmVuCytF14M9m65du7Nksuab6C","AvjMs6vRdCChfKxt4TzUE5x3gQqfhHQeyDceXxN2cmt","","EMBERLOTTO","2026-09-12T00:37:57.0000000+00:00","6.1175","06-12h","lotto","EMBER","4444.476544665269","378.64694233739243","33","False","False","1789194841","11.359408270121772","11.359408270121772","0"
"Ac4X35isnjQNVBMNxLzGb1Wxn9kqnWQYL816q62FtTGE","C49KocAA9d7XEd9NZSbHPtzeTujKHeYhq2Gvj26BSVHV","","EMBDOG","2026-09-11T12:54:26.0000000+00:00","17.84278","12-24h","keep","EMBER","1971.5482247437742","12.33216309414","5","False","False","1789131621","0.1233216309414","0.1233216309414","0"
"AcLWggxmQyaF7vP8ZiJ18HHNMBFSb6yjNfSGHJR5QYwb","8F7Q7huEL5De7HTXuhnP5paVA9va7GeyMv18qjGVqfuu","D4WXdMxperGBik53V2MUjmAUzVFP3bXoML7T77bSXYtp","ECAT","2026-09-10T23:55:33.0000000+00:00","30.82417","24-48h","holders","EMBER","60287.991332268866","1173212.97","9335","True","False","1789195501","11732.1297","11732.1297","4284.621035128691"
"AcRhV7sXVNHEAbNHC1EsrMCcHLgrx1k3UvK9NDpa7qZ","CdXrNCgwzD71zCTwDzNxoh3StW7nwexZ2f3yK7TLU8zm","","CHURRO","2026-09-10T00:25:23.0000000+00:00","54.32694","48h+","holders","MET","4336.1923216175355","0","0","False","False","1789000292","0","1.6839396206","1.329344689596"
"ACwHUJHH1uQFrwAkPPinvuZhwj8TAwiHUdXUaLCdxVJP","213H3wvZ4PRDYrHEfrx1P7GQYgHMnAiTZmSB7yEJe1aw","","SPYRO","2026-09-11T11:44:44.0000000+00:00","19.00444","12-24h","holders","EMBER","1537.968316294931","1.1743008170199984","1","False","False","1789127143","0.011743008170199985","30.134561236947444","24.107648982089884"
"AdjDZNbiyt7XEpGmQV4B9mTxFjdsRzcrPncf7Rqo4aDy","8BfLwUoMy7qWWtb428x2wKFNguwPUAkFkbM1s5q9MaNN","","DISM","2026-09-11T11:00:15.0000000+00:00","19.74583","12-24h","holders","EMBER","4481.797229967768","245.12825505265195","8","False","False","1789128321","2.4512825505265194","3.4249293944500003","0"
"AdQSjCuMPUwRfQdxyfucNBNaQgu1zTQqsYsnuacwe2rf","7QzPFcqqZMTgAKuhMhuxBNzBQ6L8YF4jygtouSmRoXQL","","COM","2026-09-10T06:45:48.0000000+00:00","47.98667","24-48h","holders","MET","4309.663826640835","160.352017594062","4","False","False","1789128574","3.2070403518812403","19.494372850093818","13.204787738726626"
"ADtzzyw2PsQaVp7mLP9ofq2YVgUoPVnjqzJbCdZZWG4U","9NNHDkzurTVvnbbi22jWN7vTDnUHEjREfCMzk5iroFB2","","AVACAP","2026-09-12T05:27:17.0000000+00:00","1.29528","00-06h","keep","EMBER","5428.1300972821155","243.0777453238619","5","False","False","1789192637","4.861554906477238","4.861554906477238","7.407779661962239"
"ADu5dGgu2ikRz9EBW66B8bTJLRgAFGcDwULRZiu7hcno","8RFFe7Yr97fj26eT9ePb5DkFEnVXrFH5jxFaNPnGSa39","","SENDTEMBER","2026-09-11T10:04:26.0000000+00:00","20.67611","12-24h","keep","EMBER","5737.722710535234","2521.979210875722","28","False","False","1789140994","75.65937632627165","75.65937632627165","42.903328665486974"
"AE72DvzPBfiUC4Uhcfxh1RBiWHsp9Aex1b1N9srj4HLq","FUFgBgAc4MVSHNqYT5eXkxcnyQjvdS3YPWvKuisBHFCv","","PHOEBE","2026-09-11T13:26:29.0000000+00:00","17.30861","12-24h","holders","EMBER","2608.492390724283","1767.6886004378864","39","False","False","1789133792","35.35377200875773","47.77139955458976","38.409431075966076"
"AedcGZhjV1eXrvExmM15fQKAhdXvkF36sR6p438KiSmz","CsTnwZfkU14n7LkREvg4izgpZ5DTFo3AGc5P8GXd55DY","Bnot1PGokq9kbWN52C2wFG7Q1BwPbCuShQztiwV5cEXp","METMOON","2026-09-11T11:32:28.0000000+00:00","19.20889","12-24h","holders","MET","4257.154203701032","79483.99","938","True","False","1789192631","794.8399000000001","794.8399000000001","516.6470502083184"
"AeMPtAB5E4E9w2Jxmu3TvLTnvUtgVMyGbLxwE6Bhp1Pb","8VJ3RaV2o7Sza28Q1i91HX9wiz6UvkGT54HtJ4pKy2ys","","EM","2026-09-11T11:53:17.0000000+00:00","18.86194","12-24h","holders","MET","3239.706818596302","0","0","False","False","0","0","0","0"
"AEo84uaS6p7jYBbGGjZBT7qqJLMEDcEeg4jLqqifSPc8","7DNg3tzDZ6hjL5cX8GYMSHPhrnYk1hpGFWtqM7kfwgm","","MEMBER","2026-09-11T11:39:26.0000000+00:00","19.09278","12-24h","holders","EMBER","1676.3430590468424","6109.955157354512","190","False","False","1789143535","122.19910314709024","224.35594165905545","178.7373446630285"
"AepWiUy9D1ZJQmk62YcTFNZAUDAET5cZLdsf48ZhtcTK","G4uutVYGzFb51kgZwHLCL8NNmBtsTLwyEu42UtDnhcdG","","MINTKIT","2026-09-11T16:44:43.0000000+00:00","14.00472","12-24h","burn","ZEC","3863.4919769796884","0.2909823033141","3","False","False","1789145549","0.008729469099423","0.008729469099423","0"
"AexJLfYdub179EUi62YZy7Nb7hvtEnp5wRDCKFbH1ELL","7JWCGmtV7RCNmcVvywkhrPZjgRkLRbBBQ1qw273i3B29","","EMBER","2026-09-11T12:35:26.0000000+00:00","18.15944","12-24h","holders","EMBER","2220.944564373319","2218.3598843034006","66","False","False","1789130767","44.36719768606801","94.62359552136061","75.69887639456351"
"Af7bUw3Trivsvzp5Z54WM3hmrxPUpgRZRbi3DCbKoHEb","4z1P9NDSgR4EXrcZZ7Ebqpi7j2D2yvrDXh8adCz7ZXZp","","GRAS","2026-09-11T19:08:52.0000000+00:00","11.60222","06-12h","holders","SPYx","3996.248266177613","1582.4900723849755","8","False","False","1789153966","31.649801447699513","31.678669017588476","24.52527843492766"
"AfBZ826vKSDQCYcxGLiFmkKEaeq84zgYy9HBN31A9pkR","ESom1YmimPonpdL85W8brs1seatZ93raRmhxyy5Js2GZ","","CINDERBUN","2026-09-11T18:30:29.0000000+00:00","12.24194","12-24h","holders","MET","3353.5648689470086","8.59256693030528","5","False","False","1789151862","0.1718513386061056","0.1718513386061056","0"
"AfCsYGktji4zub3t4bhMJqAmU6145hPvw8VvYkPcL6yg","7nD7ys4BWDFnftySqpWnBEDNWAR2P2ir4m1f9P3RYgjQ","","REBME","2026-09-12T06:21:57.0000000+00:00","0.38417","00-06h","keep","EMBER","5142.0623600766885","733.3225759332173","7","False","False","1789194356","7.333225759332173","7.333225759332173","4.65818633161192"
"AFHYyzJD4gxoysdKQTyXnUkxvbv6fKed8vBeJghLxyhE","9giyKqTgBYuTM2ddr9P4em8jeKbfNMGKrVP8U9FrEzML","","BYTE","2026-09-10T01:16:28.0000000+00:00","53.47556","48h+","holders","DOGE","3913.45219962919","0","0","False","False","1789002986","0","0","0"
"AFPoXZfBHZxePdhE73LNAvbrkxXjMGyWc4iEoUbEXnSC","6XkH4EENsvdqTGk4kYXBUagVjR3krPgHaxxEEwk1SugD","","BLAZE","2026-09-11T12:03:44.0000000+00:00","18.68778","12-24h","keep","EMBER","1786.3421403928571","0","1","False","False","1789128217","0","0","0"
"AHeQcieGKiVaD6SWXV7TfGScTuinAzdCpc7KQC9BPg2o","4PqNnSR4qN2UMDmL8MxMPyBSE6hzvT4HuUwXzLxDLsdH","","EMBR","2026-09-10T03:23:45.0000000+00:00","51.35417","48h+","holders","MET","4430.132477953578","0","0","False","False","1789011373","0","1.5971213399","1.291545495933"
"AHvM6Ek98JkSrUcfHnkC6VQLPACD2SEwvYvzx9wDMqvB","2vTwU7nuhD1rFWnWPYhoqL8pzZFjvGGfuymuoQHpTFhp","","HOTTIE","2026-09-10T14:01:35.0000000+00:00","40.72361","24-48h","holders","MET","4215.847262465513","2.0593392369772796","1","False","False","1789108985","0.041186784739545595","2.409531861906","0"
"AhWfERwAG5f2kVW3EcmHXzcUnTAufifPQtnowrf7BkmB","35jDwgwFzw43trDXeNzPcYvVjUipTSFEJpePbPCeBWjm","","AURA","2026-09-10T02:50:30.0000000+00:00","51.90833","48h+","holders","MET","4452.053024862217","0","0","False","False","1789035806","0","58.492014030492","46.793610857476004"
"AHwtuh4wLfBXgYd49CFBfbZF3sEwtzLF98DTj3FQkzKy","TMMAY2KAFg97zDA2ePRHBWgrZnVBjcphKWf3JwMbU4W","","LOOTD","2026-09-11T23:20:11.0000000+00:00","7.41361","06-12h","holders","MET","3747.912875816325","8.965474669630241","5","False","False","1789170611","0.17930949339260482","0.17930949339260482","0"
"AHXkhVGAZgUg3Wxgo2itLYpWRHQjpiS5NSyFXV7216Vj","GXDsN7L6VbFNn9eqVGezzofruYyM9cjsNXoA4zHSwXA8","","EMBER","2026-09-11T09:43:03.0000000+00:00","21.0325","12-24h","holders","EMBER","6081.17915839358","0","1","False","False","1789119781","0","0","0"
"AhysJ4nhuwD3vyh6768j86Ye1TVD67kpcBqfUXEyVPUz","5VKXbZ3uZcfZHS44AtiKbG8WNmoSkrn11wiaMNT7HmKB","","GOBLIN","2026-09-11T12:02:13.0000000+00:00","18.71306","12-24h","holders","GLDx","4020.208542945325","78.0331901359275","1","False","False","1789135949","1.56066380271855","1.56066380271855","0"
"Aimu4EFVkuqxNZv8ttgDUj6pBep3TbRBRasJbqjDdquU","HJnGSkveHqDQHCPYEH4SLWk1TCF9EiHsSy3jRSjx71PV","","ZAZUCAT","2026-09-11T14:51:22.0000000+00:00","15.89389","12-24h","keep","EMBER","2289.450733497573","0","1","False","False","1789138281","0","0","0"
"AiohjEEYbqK7SpKnp58AfaTLUA9Sc1Ps4ixkAaZHURRD","AZhbGkb46HfEwn4HSqaXvtzm4NPVHKTyxkUNVtRuyMEb","6J1uu7qjBE2CqHmNXB4oRiN3vToW252wwtid9hAProbk","PIBBLE","2026-09-11T12:03:03.0000000+00:00","18.69917","12-24h","holders","EMBER","1008.2642419752984","45550.93917664685","598","True","False","1789179911","455.50939176646847","528.9289004022879","1865.7615527173489"
"AjHT5kVqMM2cqyMzHGpLc4zrknyLdZWDwuPJ1QnLAP7E","EAwgAhJb557PHz4CaLFBHbrbWjzPban9X82mqH89v9iP","","PETROCK","2026-09-11T12:47:04.0000000+00:00","17.96556","12-24h","holders","MSTRx","3960.231829394421","194.5495815144592","3","False","False","1789130841","5.836487445433775","5.836487445433775","0"
"AjK8P4L2LxNN2ZnT9FWpDz9HmeVbdeghSn1ZCjBEBYM6","4DBoQBg4Cce3BqDgnmdrQ5QS2ELMCKhPvECE7n56eawy","","BLIMP","2026-09-12T04:34:39.0000000+00:00","2.1725","00-06h","holders","EMBER","4955.72752956901","0","1","False","False","1789187676","0","0","0"
"AJLsojBqYosQ8YXgJUnLWrVgQ5c9WLhW37UAx56QwknF","BwsvumaXhR3UxKsZDP9qsUJp89Rowbd3BMncNbahMByw","","PARE","2026-09-11T23:03:02.0000000+00:00","7.69944","06-12h","holders","MET","3721.200046387031","2717.7886545819674","35","False","False","1789169583","54.35577309163935","58.422750740400005","46.73820030270001"
"AjTKLuQfpwWckuFayosabH8ZQxrfoY6nmbme5cqBKjxb","68PivthiCvHW89pNee492gfbg9GbXDaWicLiRLraxXQG","","EMBER","2026-09-09T22:58:19.0000000+00:00","55.77806","48h+","holders","MET","4794.978930030614","18999.694799521996","297","False","False","1789176007","379.9938959904399","608.6940362853286","485.75972449455725"
"AJUcR2vwFhTkCbdCMRzt64B6X4uMoL8BY6f3fBuS9GTz","CBA49BtSJHtjEKfYEf1rMX9tpmNirwfdSjpfckTWdecF","","MET","2026-09-10T00:33:05.0000000+00:00","54.19861","48h+","keep","MET","4363.530099887366","0","0","False","False","1789000418","0","5.8719763088","4.6975810056"
"AJZp7oxpehj7uA3VC4Vr8fSSHn9Zt4FY8aSmAQBZrBVm","FeV1oreJXMJ6kXssWs9LaHeyDrVRvfNTqS8mJjH72v1t","","SOJU","2026-09-10T00:00:35.0000000+00:00","54.74028","48h+","keep","MET","4244.150505607998","0","0","False","False","0","0","19.47341088","15.578728704"
"Ak7xsyVeoJ8VErTt3qP4HnNYGRMjaBnqoLtsctnkWfQK","9LWmWRQRACgtXvM4itgfGy4WHKXbiCQKdpPYHBa6DAVe","","TEST","2026-09-11T16:08:52.0000000+00:00","14.60222","12-24h","keep","MET","3384.24250920897","293.67076490604995","14","False","False","1789156355","5.8734152981209995","5.8734152981209995","4.509641507117999"
"AkLfzqn4vwCcS5CuqmJCCXZTnFNYLCRjwaJpJpsSuNar","9VfREKaNty2ZTqHpdmBfkC62mzT3bLwfwA4z4V9GkpQE","2NJ54xAjtrYEGmsVUhbtJ7Nrpsq2Mu9Sp6emX6kgJQVV","REBME","2026-09-11T08:35:12.0000000+00:00","22.16333","12-24h","holders","EMBER","25367.41979348634","546262.14","5818","True","False","1789194533","5462.6214","5462.6214","5692.592495165633"
"AkNhjjderW6ns7kZW13DkhTfyedScNV63tojjfZadWyn","G4QiDpyJ8CF71AZb6bKTKxHkEBNUVLcPd4WmyhKkXF7g","","MOUNTEMBER","2026-09-11T12:08:09.0000000+00:00","18.61417","12-24h","holders","EMBER","1657.3917508773554","0","1","False","False","1789128483","0","0","0"
"AL9uDNivxSEYHotnvqco4mS7tnTzwCiBz1b3QnYJmiE","7m1ceLncc8dVQodWTWn3CPzWWTDJbdyXyfY6RU9goWQ9","","MERCURIAL","2026-09-11T12:58:36.0000000+00:00","17.77333","12-24h","holders","MET","3289.6836949741746","750.3440101381946","10","False","False","1789132023","7.503440101381945","388.15887977039176","310.5271037649861"
"AmHJZJHeHtABpC25Tmjyxa7R4pCVdx4QhrE7QwRxpDUX","GD4uMVuNcUXfaKza744K21gjSSEN7WkffsizQf3KDsAz","","GPUCAT","2026-09-11T11:31:00.0000000+00:00","19.23333","12-24h","holders","NVDAx","3982.7792397745015","0","0","False","False","0","0","0","0"
"AMHVrsMkfHQgB7nxqF8KiYXp14gGNyiTgLh9YaWaJA1a","HyS3WZS5XfKpYTsXwfikWwerD4ufc9UDRcfHeM7bkNWj","","HELLMO","2026-09-11T15:18:17.0000000+00:00","15.44528","12-24h","holders","EMBER","1962.7263395563184","0","1","False","False","1789139894","0","0","0"
"AmjQxGmd5s3wnJRff7LNpYfCMru1gEJBFsYdUeb3SbJX","GhVcTzXVtGDGffxaGVkDAXW3upHCVp7xJeHZTg5NtFPq","","EST","2026-09-11T18:20:40.0000000+00:00","12.40556","12-24h","keep","MET","3387.6690900105623","0","1","False","False","1789150837","0","0","0"
"AmmGk5xuPeCtAi8NgWs1BcCGrbsRyZXf6Zjmc1WxL7jo","13KTB2AK1wk3cS1QJ8piFGxoVTveoky9cBWm6QAxCRpY","","FINE","2026-09-11T11:12:42.0000000+00:00","19.53833","12-24h","holders","EMBER","2581.536638518042","6669.703972021593","173","False","False","1789157449","133.39407944043185","339.22332622529535","266.0710880214066"
"Amv8KTY8tSMDjrmFkudc2gzYCiSU5SUbqm7AwP6CwFYK","2aJLv1tvg4RmCi1yZi3nXB2ZNAV8orTTyWBeuJa7NGUH","","EMB","2026-09-11T17:41:13.0000000+00:00","13.06306","12-24h","keep","MET","3453.5376946096803","505.6785042522782","7","False","False","1789150286","15.170355127568344","15.170355127568344","11.44680208836"
"AnB5HkRe8KqoY19paxAAmkZL6BewjSVxVhQXVx9mEybq","7q1T9gLWzG4xsTrLDRbZe6wfhNMDJvtdFBfAoSqeYFuL","","CASHPECK","2026-09-12T05:22:37.0000000+00:00","1.37306","00-06h","keep","MET","4085.218436656924","261.3538048165381","5","False","False","1789192358","5.227076096330762","5.227076096330762","9.8671397894784"
"Ao4aithCVhmx8uFK87MF4wDywVw2Kx8Mi42sNcsV9Mvm","HSbT88iJJjUQDPCmfCjG7VtvRv2YYFhAv2PphUc3U8Te","","MSTRBALL","2026-09-10T00:09:16.0000000+00:00","54.59556","48h+","lotto","MSTRx","3915.7956242439295","0","0","False","False","1788999039","0","0.46476316882065005","0.37946612237625094"
"Aow2xpHNzizgKoprdgL9TSo1DNiKGHQ64VN9N3zudutg","4r4ZFQDo2W2zFT8M6dgRWeDVZ51UvES5o98borB6s1M7","","METCYCLE","2026-09-11T12:54:51.0000000+00:00","17.83583","12-24h","holders","MET","3283.67366827769","441.319503029972","7","False","False","1789157398","13.23958509089916","13.23958509089916","8.525930134642"
"ApXzRxHtPCVG6SirUHRcSLWrXRgsytFuh1CMtDWYXdLq","3mNbrTJ5ckFawAAY2N3VKBmUbRfMEfkdR9TDjt9TY6pv","","EMBERSZN","2026-09-10T01:45:49.0000000+00:00","52.98639","48h+","holders","MET","4423.598359359392","0","0","False","False","1789004746","0","0","0"
"AQpxeYpayVDDCY1cgS2ahgb7EosXiT5EFBW6MmHe83yJ","4mHMXLC5WKzdsqJEwtBf1bnoczdntL91wkKMRkoZ8sp5","8by5E9xxgtBaawSorhWGdEsRFrrvHGA7M57BGafm13w7","EMBERGUY","2026-09-11T11:44:45.0000000+00:00","19.00417","12-24h","holders","EMBER","1678.6749251462036","51332.29709511294","666","True","False","1789192731","513.3229709511294","542.1504568957808","1032.670808222485"
"AquRZVLvcHNuFDMP34WJEfDgiVec7Hpd1DNfLiqdds7S","5XX6Eu4easm9Dsn5gfdWL3aRo2xRDiApJeS9dH4WmSka","","PEPSI","2026-09-10T14:51:10.0000000+00:00","39.89722","24-48h","holders","KOx","4292.881796814038","34.38080502554878","8","False","False","1789115301","0.6876161005109755","3.7091573702610896","3.7827159329140006E-06"
"ARzDV4UUmRJbK4eX4NVJoaqkM8g99R9pDj4LG8hYGWWw","6L3irYMaQnDszmDunspZLhE7GGPDggCRX47gYdBWKGmA","","HEART","2026-09-11T16:52:34.0000000+00:00","13.87389","12-24h","holders","EMBER","2407.0893949294623","120.27167898347695","7","False","False","1789147355","2.405433579669539","3.1218318601415396","0"
"AS85gKLk6d5v9D14G2JwusuE5YWSZThxmWAiRF6wmaAi","Ap1KegBj2YktAJRoEzBSXPeZKRnRo3jKTYavKojxhrHu","","SOL5","2026-09-11T17:27:19.0000000+00:00","13.29472","12-24h","keep","NVDAx","3994.5784868305723","0","1","False","False","1789147639","0","0","0"
"askUzZxqDAR3NosKf2quD7GJVRkJfr8sHSux4AmEGs1","C6CUJz8Cu6pXMMtdCL7iCJxziqCLVFXcsrg6B8yqqRi8","A8FANTVxXFKNgz5VcGc3CAf1LFMwJRGTJzsZvsV5ECCJ","☄️","2026-09-11T12:43:36.0000000+00:00","18.02333","12-24h","holders","MET","5908.570285404679","181100.1236885364","1033","True","False","1789193070","1811.001236885364","1811.001236885364","525.6692723693241"
"ATfCKqvfvf1jBtBNRXihJBbRwCL7QFURvG7K41Z8ABH9","D4RTSJGwvCGAL2kaBvkhMpFWNqqvxUspKVnmZNcz3Skg","","METCHAN","2026-09-09T22:46:44.0000000+00:00","55.97111","48h+","keep","MET","6415.7781480928825","13935.341650742479","192","False","False","1789170453","278.70683301484956","401.70546099922285","320.425753100832"
"Atk9AN6dcVcqFcF9DEeTEw5qsyE4RaJVY8K16f4rnGNL","HkCERTRq7wfjZQCAWrCbQH6XnmNpR8mwJsojmrLfgXiG","","METEORAY","2026-09-10T23:55:16.0000000+00:00","30.82889","24-48h","holders","RAY","4455.095499633348","0","0","False","False","1789095354","0","36.989059409133","24.70413029431167"
"AtmRa45ifSL8mbmqYhbMVQnyPaXHBg51eUrR67ttDS7f","DgEW5HQRJgKtYwurgfXmRWDHb8metXPF7rrAw8r2ks5n","","POOL","2026-09-11T11:22:55.0000000+00:00","19.36806","12-24h","holders","MET","3233.8197573617012","10862.949460072117","142","False","False","1789155456","217.25898920144235","217.25898920144235","158.88720895028402"
"AucaiXaSKVwtKDAFCYao11ff9r1vKKqohwFn7YKqbDTC","HnuQiVAY3PSYu8ahZLTLTcy2K4BHW9wRg34nFA5DVJff","","BUSHFIRE","2026-09-11T11:48:48.0000000+00:00","18.93667","12-24h","bounty","EMBER","1827.0538938028205","114.91153047310256","7","False","False","1789127347","2.2982306094620513","130.68817820399838","101.62931008768"
"AuGhDsGZFzh8iHPyJ93dxxAvoUq5uH8rZcuhYNUAzTbB","96ff2NYa5sK3s1f2ZVMPkrQLdgSGrj61hiRERJPiiyQA","","RECEIPT","2026-09-11T22:58:54.0000000+00:00","7.76833","06-12h","holders","MET","4302.082302478424","11957.640779553973","219","False","False","1789167716","239.15281559107945","239.15281559107945","187.49384286571652"
"AuMVY48zsKZFbKQrDekHsuQGzbFwyemsMLysv5oyegYc","7BurQ1BLQZRY3NN7yRbqCvUrhiB7Cba4rM7QRv9seVq9","","EMBERDROP","2026-09-09T23:22:39.0000000+00:00","55.3725","48h+","holders","MET","4478.394375162434","0","0","False","False","0","0","50.195808026076996","39.711228334239"
"AuR41hypWeNZgQbB5vaYXY8WvcXhVUBudycyNtvWg6Ko","ANEL3xkC6AwiiXfSW5usYLibcXxWnDKEforRmBkQQHjc","","EMCAT","2026-09-09T22:54:48.0000000+00:00","55.83667","48h+","keep","ZEC","216.41939984593253","10.92054330751393","2","False","False","1789121195","0.21841086615027858","172.68137349025082","138.13812351972192"
"Ave9cSBhhe1gCf4bcw2o3G9sZyAqoYYaonMG4R13EbUW","HSqryzZxLFo71WqinZ5t4WYgJYyjCCWDaBah2zasKhXL","","CRYSTAL","2026-09-11T11:43:08.0000000+00:00","19.03111","12-24h","keep","EMBER","1511.2120408946994","295.27150753049864","9","False","False","1789127019","5.9054301506099725","10.138781379044799","8.1110250829436"
"AvRh82bQbBeQREysV63BrQohNJrS1nNjcFBHkV55bx3J","9167VCLguaViutmPUZBX28n4X1FYhyPfi7v2Qs8bkAqp","","EMBERCAT","2026-09-11T12:55:05.0000000+00:00","17.83194","12-24h","holders","MET","3283.0907884904727","39.753676925381995","3","False","False","1789185089","0.7950735385076398","0.7950735385076398","0.30282336"
"Aw7EKUEcJwvZECNA4EePq6hroF1LTreN5hJUmSVgExJ2","E7HCxanqbV3q6LM9w3bnpAc5jsvtZANGK9drwBUiC3b8","","EMBER","2026-09-11T12:52:09.0000000+00:00","17.88083","12-24h","holders","EMBER","2162.703017855194","1588.8106015340832","36","False","False","1789131543","31.776212030681663","44.573555064400004","35.65884402388"
"AweRWMjwHQEABWVdjfVsEejPjcj3ErKiHzC4nmgpxgdN","FfV7ijeAZQcVSE15RigfGJSZkEsdBHK1CguHaiLkmddN","","BLAZE","2026-09-11T11:52:42.0000000+00:00","18.87167","12-24h","keep","EMBER","1763.7091423701552","0","0","False","False","0","0","0","0"
"AwPL3KxbFzYAD8MA9etX9MEuKpMfcXM9AF5PuoYaMMch","BDyQAE2zB6bVV8aocJNqHNYBsxJMpfJxQpVWLvDTcGjX","","LIQUITITTY","2026-09-11T11:56:08.0000000+00:00","18.81444","12-24h","keep","MET","3225.883366891466","0","0","False","False","0","0","0","0"
"AWrSZmoEdd93xKZaPgb9R7BeB4c2aG5ApoJhHF2HF12Z","HKwAA27fqn2xTuufSc8kvSSLm5s1f4wyGA1FxcsE5dXk","","EMBERAPE","2026-09-11T12:11:10.0000000+00:00","18.56389","12-24h","holders","MET","3307.6684222405092","423.0376273439401","10","False","False","1789136263","8.460752546878801","8.460752546878801","4.708188340421"
"Awsxvy99d664Jb3ehzvPjafv7hACMnwYMGKYyLXK2qE4","7njDiAEPwZ2e4QWQEo6urt7fcKmAcCegfrPHN3Qydwji","","REM","2026-09-11T09:35:39.0000000+00:00","21.15583","12-24h","holders","EMBER","6404.709427243048","869.9093968873541","21","False","False","1789148989","17.398187937747082","19.62307179423095","22.13737148059728"
"Ax2w5D3vZKGK6xBztWV6gs3dUEwiTUA1WAxeo6dimcvH","25RCRmzXbLd3LewVysYF5WGX9i9bCd7G592DFHr2TBcV","","GTA","2026-09-12T03:30:46.0000000+00:00","3.23722","00-06h","holders","TTWO","4509.133749572921","28361.081594467578","401","False","False","1789192821","567.2216318893516","567.2216318893516","449.4536242513"
"AxEDnj5LwNQrrh8L6QvHvcto4BnzEUq6sfZrvmYpU956","ApCBUULcVoi4kLQAZCvH7S5kMc6WsCXHie16CP1zws4A","","BYDTES","2026-09-10T05:44:23.0000000+00:00","49.01028","48h+","bounty","TSLAx","4020.332491680517","0","0","False","False","1789019986","0","0.594593793280458","0.47473994370000006"
"AXh5mpGg5yDB9b7eb6ipFkYGZoKxUX65hrvSaf4WgfVc","53yK7GGaNQ1zQMJWzu2NZkkv1osyprXtzyZuPxmAxEBk","","REBME","2026-09-11T12:57:34.0000000+00:00","17.79056","12-24h","keep","EMBER","2023.718929182921","0","1","False","False","1789131451","0","0","0"
"AXKUiJzFB9Lzpb2xHqrT1fgqLxLQLVpiThhvFsQyvctg","7KkpJkFf1MsyFQcYVeoJXdSLkhzCTzG5advypSCgRjwh","","FLOOD","2026-09-12T02:54:12.0000000+00:00","3.84667","00-06h","holders","HOODx","3984.5333428648432","294.2271675238009","3","False","False","1789181772","8.826815025714026","8.826815025714026","3.00186259234094"
"AY9mRp4v2SoSDr2c8n1AesFohntEu2nw2oLZTS4E7oLv","AAr7Pm4Y71CCxcLQ92NNDnp3Ni3CAjVs2Rj2i9JREoCx","38wcUgK7BpGmeg8LFEcAGXyuXVk2UfZ9D4jMwKfz5s7m","M3M3","2026-09-10T00:05:25.0000000+00:00","54.65972","48h+","holders","MET","16467.509698540107","311495.2","3457","True","False","1789195492","3114.952","3114.952","1456.960595313068"
"AYBRqgqcJGLdjLMYyqMN1uCDebENzTzhgrE7KXNMnz9t","98p93H9VuoWVyNwo51Lh32MrxziZVXGduryG2RyxbxCh","","RECEIPT","2026-09-11T23:43:07.0000000+00:00","7.03139","06-12h","holders","MET","3767.6402618126954","4586.793661155838","119","False","False","1789171986","91.73587322311676","91.73587322311676","63.092501783346094"
"AYBUdDjAbpFJmfxtneQ6zXx22imccUa1VaLxsPBx3G2x","FFFZY4CrjHNFVEF5q3XXZfZMcK9UwwSngDhVgPFjs87H","","GR","2026-09-11T12:11:33.0000000+00:00","18.5575","12-24h","holders","EMBER","1676.2149254791566","0","1","False","False","1789128688","0","0","0"
"AykMRwtz9iGf6qvxPJCmyCaToACSBJtuLAASxDDmnEBo","HdqVqqN91e6FBJ4WbuGDKRDFTP2Fm9qa4uwC1o7wdF9","","FLAMECAT","2026-09-11T12:30:41.0000000+00:00","18.23861","12-24h","burn","EMBER","2070.4057244759715","0","1","False","False","1789129837","0","0","0"
"AYSBEnr7SCYvSW5yKgrS18bME6oNMU9kxzLNx6xbHdwC","5TYCByVXfVmJY4icVDHXKKRTKRMrnHhWrJwNgu8AmE3d","","SYNFLY","2026-09-11T23:22:42.0000000+00:00","7.37167","06-12h","holders","MET","3751.985585726411","195.522606936916","6","False","False","1789170609","3.9104521387383198","3.9104521387383198","1.29551473405"
"Azc16u5Uua4izYKpc8hLpMdnRHHv7Eyrdt3F2vyQoecw","Bp5SDNq585F8ho1vCQnFkS7NN1DAnnzsYfU2H8S6EFG","","FIRE","2026-09-11T11:08:13.0000000+00:00","19.61306","12-24h","holders","EMBER","3213.5485492593943","241.10787703485457","9","False","False","1789124963","4.8221575406970905","5.89334655702078","4.86585941572244"
"AzMmDRQ7AdiiY742Ucmb6Jreyh6rBxPLm12mfkoVfmnL","Ehqp2EY15q35ZSgY8w2L2yzqmz7oV6yykvA9VCN8V7Xk","","TATO","2026-09-11T17:37:47.0000000+00:00","13.12028","12-24h","keep","EMBER","2276.3206524307852","0","1","False","False","1789148264","0","0","0"
"AznDu81H34wjjEwTnNggv7d3WidkJ2bsPv5amdZ9aV42","6Jywy6dAWBKBg5XgbWmbjZjMYCBcL8eRfYJqiUUUHTdt","","EMBERSCRN","2026-09-11T10:58:11.0000000+00:00","19.78028","12-24h","holders","EMBER","4333.60348479404","0","1","False","False","1789124288","0","0","0"
"AztpUqNH6j9targtzc6UPSLc717nNTG64KEgzopxmFEg","4xnA1nVnmjhsdvDpW6mkg6P4zmDW6AJXahoycpJAFDuj","","POLLY","2026-09-12T00:47:29.0000000+00:00","5.95861","00-06h","holders","QUBT","4021.0986349544446","0","1","False","False","1789174046","0","0","0"
"b1tkYHEid12kxZuSETk1DnFJvtHPh5jdqPmDouhRASk","E1fqX4ZkNakrXTcXko4vqDNd6dU5JXTJt7sdVk4Bkw1Y","","METTURK","2026-09-11T12:43:47.0000000+00:00","18.02028","12-24h","holders","MET","3224.9937750899294","0","1","False","False","1789130623","0","0","0"
"B2byPADKQ4XpEce34a53dw9h7zHjc4xeVTVyuAtcJWkh","6msFLc4rHAk32aysidFxUWKoWQwXaQbsojafFV7QQEQ5","","SPODERMAN","2026-09-10T00:19:44.0000000+00:00","54.42111","48h+","holders","ZEC","3659.845568970343","0","0","False","False","1788999582","0","0","0"
"B2MsV6e9baR7LcLUNqA4MJdpYvTB8dYYocf7XhnQJkNv","EGWudrbDihEXJn6JF3RLXfoCWFpx67JMour7A5TtPKtB","","TESTCOIN","2026-09-10T20:50:01.0000000+00:00","33.91639","24-48h","keep","MU","3978.907060701012","0","0","False","False","1789073399","0","0","0"
"B2Sk2aWv7nQksZymwsJ374h6yMPALnjbzDJU954tMkVB","25mNVsjDhKzC4Eyt7ktH1JX8Nq5cNmTRef7icpo5pt4B","","THISISEMBE","2026-09-11T14:54:16.0000000+00:00","15.84556","12-24h","keep","EMBER","2297.5266560620244","0","1","False","False","1789138453","0","0","0"
"B2UP2vMdCkn9LGR3MbeVBhRbaRxhBRXBhZwmLoZbRkWb","91jqYwzKS8q3vDadAUsMarE6M7QdTFifZJ43ojrKVE7c","","DEGEN","2026-09-10T06:47:28.0000000+00:00","47.95889","24-48h","holders","MET","4313.693536606205","0","0","False","False","1789022962","0","0.28532577032286194","0.227221632"
"B31Ssp4QBNH8PbxRq8dpQ8LSMCaR3GEcdTn2HDrHdz5U","4NQ3rQyaCseNdmR2zCwmbFKtkf4dQjiXBkxkVRv3gFLc","","KELSIER","2026-09-10T08:54:30.0000000+00:00","45.84167","24-48h","lotto","MET","4309.823258463692","50.875441310704","1","False","False","1789114261","1.52626323932112","4.569725601","2.013058932192"
"B3yWGPFo9mtEGs6rXT3BCB2T77QwP6wR4Lt5A14i7o49","GgGv11kmkM3wZo7Bf1SK4Zw3p7WXm8Ed5SVprHfoQmnR","","RAYMOON","2026-09-10T07:32:09.0000000+00:00","47.21417","24-48h","holders","JUP","4274.728430268435","0","0","False","False","1789047613","0","4.686517457742254","3.7294834535644"
"B4fturge8SJwfA8z7zPVFAA8mU6M9TSBv9E76Qqeg49v","74SJsdE52eRfSPiq3KuijqMDRSRzZncbbqTcLhHeZpj7","","BILLY","2026-09-11T14:44:52.0000000+00:00","16.00222","12-24h","holders","NVDAx","3986.1093999357663","0","1","False","False","1789137888","0","0","0"
"B4tigzvvAgDhcGerVy8xFHx4rgwN8e5z9ABCytxwXHS2","7MXxpYFjK8cixghHmbPbVnBfmsrome9jdYaZTZhcrErq","","LLM","2026-09-09T23:49:11.0000000+00:00","54.93028","48h+","keep","NVDAx","3924.8917803579566","0","0","False","False","0","0","52.043665764417526","41.63493038535808"
"B4yeEMzJeKAmhENnNu7RuSBivpPCzpCLEPbD6ihKXqLV","AxVYaHqR7oPUtRvNhKQebKD4n4iPfc8THKtPMzgdrvpY","","METCAT","2026-09-11T09:52:25.0000000+00:00","20.87639","12-24h","holders","EMBER","6213.163149488456","15.129315484409998","3","False","False","1789135764","0.45387946453229994","0.622008372","0.4690593955199999"
"B8bL44dBPdj4mCyxJDGGzTEbnbn6QjgNMfAwqM88VAy3","GAS2qK59CoikYG6NEyokwhkpCoTymo526QUBVjxSTzXf","","WEN","2026-09-10T02:09:54.0000000+00:00","52.585","48h+","holders","JUP","4235.923883648398","0","0","False","False","1789024282","0","16.02074818232162","12.768287847493452"
"B8GrhUmDhJ1gJG3XErAvDSFqncdyu5wi8GsCcB9vjsUw","CcYZHFXcQS2EcXG96Ktyx1RAKWB9xJ8bVa4BTpjp8m3A","","COAL","2026-09-11T12:10:14.0000000+00:00","18.57944","12-24h","keep","EMBER","1707.9581231390362","0","1","False","False","1789128608","0","0","0"
"B9Kp2FUFpMrV4nKK9DW8qPH8gDQfdsxDcdSRt9jSGp1G","BmKrgbkYjy9CT7eqqsLYWZHX4MqCRnSFfkULjGnfSmcn","","EPUMP","2026-09-11T12:54:21.0000000+00:00","17.84417","12-24h","holders","EMBER","2028.9066662293042","790.1857501397382","7","False","False","1789131268","15.803715002794764","22.174442270280004","17.739553799640003"
"B9Lc5c8AvT2dNydPTGc2EzovmDD4cLTkPn7oxt7xdVRM","2m9Wz2ZmkjzTpWji2u14ESP9evBuM3QTvZDXr1DqrGce","","EDOGE","2026-09-11T20:21:21.0000000+00:00","10.39417","06-12h","keep","EMBER","3056.247756492513","231.74149199805458","5","False","False","1789161066","6.952244759941637","6.952244759941637","5.5217925437779"
"BADrv6LyJk3MkuR87Qfx4Ni8jCMFKUP82U5a92PPdid1","AjFXLYY6jabRXyzYtdhsdEqsofdk9ALtiKf77hx3dVrk","","ROCK","2026-09-11T11:48:02.0000000+00:00","18.94944","12-24h","keep","EMBER","1705.047610755314","756.9248943987226","26","False","False","1789128190","22.707746831961675","96.8231648880407","74.84509082939242"
"BAtdgexYDMWEkKvgpf5ZGM8mXGR7RZccPcRrwhkyWjA8","Af4f5sMSxFmr1f4JB8VADVLtWn7ptpkm4A6kSczipSwz","","XFEED","2026-09-11T18:52:20.0000000+00:00","11.87778","06-12h","holders","MET","3379.516855690822","93.659866067684","5","False","False","1789154547","1.8731973213536801","1.8731973213536801","0"
"BaWCgxmndTfC9fY3UecfVm22NJA9WXs4LVMTTEqhou3P","ATteUTAMDGo79RPEB2VEg4NsqHkG7c2Ryhjscy2cupqK","","TEST","2026-09-11T12:40:11.0000000+00:00","18.08028","12-24h","holders","MET","3272.1056124495312","1379.112695777223","19","False","False","1789132429","27.582253915544463","61.51125175790501","47.957730394600006"
"BBEkVvk1zfsF19a93wN4oMbad4yiqqHr23fr7W5rvzeg","Dn74dgTNJd6SVdYgBa2saRQkrfMoTBU4C4Gd2MC2DLA7","","OVEN","2026-09-11T14:05:38.0000000+00:00","16.65611","12-24h","holders","EMBER","2004.0947415202645","506.0937474140892","3","False","False","1789136523","10.121874948281784","16.130877355054","13.0560938986376"
"BbiD1iXMkME9en374TegqYZw6Rpkymh7CY3CTTg16wj7","768XsgvD1uVF9FVgfUYiQ4QZk4SoZNv72Aoy3tk4awKG","","ELONCOIN","2026-09-09T23:18:42.0000000+00:00","55.43833","48h+","holders","DOGE","3886.651306728304","0","0","False","False","0","0","11.511660030034129","0"
"BCkhxw7mJp6ZewNxfebqG67rwijGL21oq53fNXecqKbj","GJq6RKGDeNiGmo4nS3ntMxd4dvFvNaj4RSGh1uYJDNTx","","PEPE","2026-09-11T11:30:52.0000000+00:00","19.23556","12-24h","keep","EMBER","2340.2234621047887","2075.7328449645725","79","False","False","1789135016","41.51465689929145","95.98173757184283","76.78539005263443"
"BCKorXURKvveQSYJd7eLVnLCrTjAUKcjqWa3brm5apxQ","6RnwNqKDHEQEXHbpx6gfV7yit27Wvy4o4K1JjzkEPpJD","","ANGRYAMBER","2026-09-11T12:19:09.0000000+00:00","18.43083","12-24h","keep","EMBER","1804.6827760569536","80.66262012078","2","False","False","1789129189","2.4198786036234","8.093221093838538","6.474576851039879"
"BdBCfvJgTJTgkPW1QRe6bqiLsAS7y4GRKUJBkAGARYe9","EP1AtdQAGhukvuyDCiJnnQAFo5dzRtEB3in1PURyVCLg","","TEST","2026-09-11T12:49:34.0000000+00:00","17.92389","12-24h","holders","MET","3294.7109562936143","1943.8710279028342","33","False","False","1789171997","38.877420558056684","48.777374565515","38.99010196763755"
"Bdbr1CLTiMSX22LF4TTBK7o5bumYUdeD1RT1t1NRSZ4","63Ah6Tzw5VMPyvhBTJxCF2AcnSov1fgyb9gUKjAddp6d","","REM","2026-09-11T13:53:08.0000000+00:00","16.86444","12-24h","holders","EMBER","2121.641753791684","0","1","False","False","1789134786","0","0","0"
"Bdrirb75raKRBXnANsNWckhLUwqx5BPUdvBDtgphdhsN","Cr5L1X67AAoJrCTg9y3gnUhUPLtF8DM6Mr7QLFRAFHVB","","GFT","2026-09-09T23:23:32.0000000+00:00","55.35778","48h+","keep","MET","4494.7961440095805","0","0","False","False","0","0","16.253233646033998","13.002586793889"
"BdYDyWcjeAZSPgDC7f5PTbvish9gSquGBni4ws4UqCH3","F5uNk16KtvsDDf8FQskwogjPsvzTqvJdYFPHwEJ5zNth","","AE","2026-09-11T14:26:15.0000000+00:00","16.3125","12-24h","holders","EMBER","2562.7864599310756","48.35346608855","4","False","False","1789139333","0.4835346608855","0.77643118259685","0.4845244142376"
"Bf7EU9vdLZjDgLHNQ1jpceaZJz12tpVeGHiXtJuc8sSm","5PVqZV7fZpVUyzQpoYF3YAti9P63RmWk5MYascCfZ8Tf","","SEPTEMBER","2026-09-10T05:03:23.0000000+00:00","49.69361","48h+","lotto","CRCLx","3915.716999840199","0","0","False","False","1789016601","0","0","0"
"BFTDFJQYYd8oEdstNUjPisFrsm3kMhgfReWfiJtqCrwQ","CCQxpL5BUL4aT1QWycNs7Ce8UtYSpWgSc8XitWYkPsfe","","EMDOG","2026-09-11T12:19:59.0000000+00:00","18.41694","12-24h","holders","EMBER","1851.1843201768843","0","0","False","False","0","0","0","0"
"Bg6pEF1pQPamFDCmLADoXvm1HHsH6LkD8SmtQpUxXVoQ","E3Qu5KJM4LZ9RNskH9sj84RsfHRLuDq3T2QHmnjWqNhX","","MEMBER","2026-09-11T12:38:13.0000000+00:00","18.11306","12-24h","holders","EMBER","2188.056294695138","0","1","False","False","1789130284","0","0","0"
"BgAGMhjd2NnhwsQEuohz8J5Mwh7q5x16b5pC9f9kF57r","4gitRefZoKjey1jR5EajWUmX7A6puKw5aQ7s1zwrm1Rp","","CHEEKY","2026-09-11T03:52:48.0000000+00:00","26.87","24-48h","holders","ZEC","4234.668780358655","0","0","False","False","1789098766","0","0","0"
"BGuMUeZELEZ2K5ADc6UyPYbYU9AfspTdZZTMic5qiduw","4qybDTdSDDhpUNycMypMocuVByLFdXfyArHKFxCtXoVK","","PAYPER","2026-09-11T19:16:19.0000000+00:00","11.47806","06-12h","holders","MET","3287.820591429619","346.203948905262","8","False","False","1789156603","6.92407897810524","6.92407897810524","3.9533040970049997"
"BGv6wjh1jUXitcZ9MwLyCahWGZnjE8uhQv1wdGUYAH83","H6DgAW6JkqUxLy4uVRE64WaPiN1XpuhDAqckrcHgPW9g","","FLAME","2026-09-10T00:25:16.0000000+00:00","54.32889","48h+","holders","MET","4344.250810678566","234.53130082932202","4","False","False","1789128612","7.03593902487966","7.03593902487966","1.09246361791"
"BGxQeLZ4rZxMCH7Ghou82MrLfGEDBhoDq5KDcpSdg3Tb","5eNosUmgarvuQZxaDF6ScMmGpz3fPCPGKmwAUcqZEoCU","","EMBERPEPE","2026-09-11T12:08:54.0000000+00:00","18.60167","12-24h","holders","EMBER","1697.4838888918036","605.1615848446928","29","False","False","1789150815","12.103231696893857","21.76918484459563","14.580276102279411"
"BgyZ3ZgxSzffceRLgYwLQD4KuTUp4QkhpLUzagdLoPqV","2xRjYbku7yknWnSvgy3fB8o72adtu1bggjaB6b4fNV8N","","GUY","2026-09-11T15:26:49.0000000+00:00","15.30306","12-24h","keep","SPYx","3997.7704463304517","0","1","False","False","1789140403","0","0","0"
"BiCCDMp2NPzUmmN4khGaV3jf8qVSMHj7pzYAszgkxdP4","4zxufrVuL92jvhq2Up8iBvNsp9quZ6jf7CeFuYngLQxr","","EDOGE","2026-09-11T20:16:02.0000000+00:00","10.48278","06-12h","keep","EMBER","2995.651121192795","4.35809008696","3","False","False","1789158506","0.1307427026088","0.1307427026088","0"
"BiFETCHxXRy9F7ufxvA86orZQFnu3QvGRZmfNJbrtCEZ","AV8Toih1xUcxZUZLqKPzR8xVM7cbvhjEsWWHTNhxPncW","","REBME","2026-09-11T00:26:18.0000000+00:00","30.31167","24-48h","holders","EMBER","16912.520935959103","36.54604694472002","3","False","False","1789150976","0.7309209388944004","76.93143254267271","52.90331058438168"
"BiQF3Qkg27suzvv7NALkxVAFvrkETsMrTWvQ4cxBHYjz","9NwnXw5AHBWPv1CavfNKebURRo1JddL5qr38fioC9Hy3","","TINDER","2026-09-11T11:58:26.0000000+00:00","18.77611","12-24h","holders","EMBER","1691.5092432941651","0","0","False","False","0","0","0","0"
"BjuLVciNFL8WgYUaQwH2hYEpDmq1vNya7A34yUkq9qLC","Hqw3R5bUFAhTZzGDAUo8qcwZpsa6d6tTuwtVymRuKuP1","","MASCOT","2026-09-11T11:49:55.0000000+00:00","18.91806","12-24h","holders","MET","3166.2635366604127","222.23349133209007","17","False","False","1789129858","4.444669826641801","10.612712960191999","0"
"BjxFowK4ERtsPxT4EW3rwU2Smi1gjHZg8NmZzxPRP3MU","6Uec3LzkduYccx7GfZ1QVY2DEFtuaJX7vkNiPDSNG2RK","","SBITS","2026-09-11T18:33:31.0000000+00:00","12.19139","12-24h","keep","EMBER","2230.216308520571","0","1","False","False","1789151608","0","0","0"
"BLPodXKiGLRioqwHi19duDU6PYwJ7wKxepJ9mw6VAmZh","8qg5GC5e1m2T86f4rztY2dAoSRmZGCW3V2HcAE2bqZjC","","POOL","2026-09-11T11:26:17.0000000+00:00","19.31194","12-24h","holders","MET","3236.9744684908324","2071.5180609225604","25","False","False","1789126042","41.43036121845121","41.43036121845121","28.628246814765998"
"BM6yikmSHQDP8ZJ4JkkWbwTYxu8yAAzQq4PA4rQN9FGa","5uV4f49wiKcEfypiU8qPYxUS2fZYwQNQyD4MB3oKdAaa","","INTELENA","2026-09-11T18:54:26.0000000+00:00","11.84278","06-12h","holders","MET","3374.64568178912","8.5925667051","5","False","False","1789154668","0.171851334102","0.171851334102","0"
"BMBh2rBV6P5XABJ4tdS9aMYWxRSD2HwgYwBkLVbBhWD6","2DUg3DShVwBDN6W4pNXB5wqDTiozoVmM4BMHzKyLfdVr","","ACE","2026-09-11T12:44:07.0000000+00:00","18.01472","12-24h","holders","EMBER","2232.8062856380857","0","1","False","False","1789130641","0","0","0"
"BmGwTVJrM573Y7cGiBdzfJfSqGc2XEz37aDgHhFfk2ei","5fcMCrwKnHtuw7V4cRKAaNKAWB7NrExW2XEobsnNL5oZ","","CATRAXES","2026-09-11T11:39:30.0000000+00:00","19.09167","12-24h","burn","EMBER","1863.3702172240949","3367.5296829064328","98","False","False","1789151821","67.35059365812864","101.66078290381284","77.3855947330305"
"BMi5N8uqvLFAWnUUhiLCH82r3zWkktBpkEaG6VAFfeB9","FiYpirfmqFdhEZpACnWFrE3YKAk5fDHshz7UkHh7Gazr","6qTZHFACVoxrrn4Lzi5ak5nGP7Vde1R4VSnvDPK7DaaR","CUMINU","2026-09-11T13:08:42.0000000+00:00","17.605","12-24h","holders","DOGE","2925.320592009225","83870.78446430879","466","True","False","1789191656","838.7078446430879","838.7078446430879","487.80454686828955"
"BmQHKhWrUz6iFUr7UYPs1Q2yhaJZHvQaShMZWs6ZYnCJ","A6QgtwHTtVCdnaZtiBoEtZizNnzV6wuGVWPKg8RBPdtj","","BIC","2026-09-11T12:52:07.0000000+00:00","17.88139","12-24h","holders","EMBER","2086.0776923296908","96.92910779274241","5","False","False","1789131154","1.9385821558548484","2.7200553022","0"
"BN3yqTxaqYURVJsdxCKxt7e4R2SMNNaVUyXTi7oy836Q","6LowdYLdvHJFAWNvrSuLyJHSwc4HcNTi3a91ixXkAwqv","","MET","2026-09-11T08:40:53.0000000+00:00","22.06861","12-24h","holders","MET","3672.784823650472","0","1","False","False","1789116050","0","0","0"
"Bn9ZLHUX2FvMdVHumd1CpymKiVD1oixQmTb8Pgms7cs1","HqHoXFZevXR6Tkdjegua54y8TuveGhds1ZRQdXdymzQq","","MCAT","2026-09-10T19:32:15.0000000+00:00","35.2125","24-48h","keep","MET","4157.0026356579365","0","0","False","False","1789068733","0","0","0"
"BnHtEUdqYxZwxecF8QGkvecHWPz4LJBMTwE6GrBSwC8i","E6jMbu4j3ufVd8v9vkbzHHYQLVgaeDnsgYk8w2cf7dwo","","NCAT","2026-09-10T06:55:21.0000000+00:00","47.8275","24-48h","holders","MET","4295.752655887234","0","0","False","False","1789023639","0","0.157538746596","0.126030915318"
"BNvSkzmdARneK1QGkdwhyL2WmTVXpRCxGo5cgfZEcneR","2cZ8agfR6rEGB7Xu8v2RfgTPHmU54MpTX2T3JxGpMkA6","","dfhfdh","2026-09-11T12:38:48.0000000+00:00","18.10333","12-24h","keep","EMBER","2150.55289994541","0","1","False","False","1789130323","0","0","0"
"BoDSjKPgudaLDWoJCNP1bBmU7YqLZP91MebyjWvTZH9C","FENPhCygYYhif8LuLAF1WNezHs2SkSoRJEqFrR9kQU36","","CHARIZARD","2026-09-11T11:39:13.0000000+00:00","19.09639","12-24h","keep","EMBER","1703.69483358565","15.41064021477","2","False","False","1789129586","0.3082128042954","0.58213522234566","0.1735324082778"
"BP18p1f64X9ZvrPpBmnNS6DQnAsvsnF3b6Srn1f2BspU","3G2NaCvgsZHvb8kPKZfJNWQ4B6w2gbUyGQqWScQnGWSe","","EMBERARMY","2026-09-10T03:55:48.0000000+00:00","50.82","48h+","holders","NVDAx","3929.3203946916396","0","0","False","False","1789013889","0","13.3050235614","10.642054731957039"
"BPAnXoSeo3m5GZvnSjV3hWXEffdwRUhyKaRRT6apZaJ8","7KKxPqHz6RGd6YLyjnhEmyjpuoGaudhBLK3rebLpFpve","","MCAT","2026-09-09T23:43:44.0000000+00:00","55.02111","48h+","keep","CASHCAT","4040.9020984564772","0","0","False","False","0","0","24.473680066074436","19.578944052540137"
"BPjWazUN5V2BskbhzZGXtDuu17fRLGZv1Vc8LgkJ1LX3","GaLvRPfWtNnngz91S3LnBGroYkxzZUqbmA5xXSJJfGQ3","","CHONKY","2026-09-10T00:13:05.0000000+00:00","54.53194","48h+","keep","MET","4305.071324765647","0","0","False","False","1788999210","0","19.785331115319","15.828264769316998"
"BpmwAYaLtrnhVFXETCvkRPAccvGyhaXaTFsR7WV5iYZD","BmbcXzdUXvatvRV7xVVu4v3ip3pyQtC7vBmsewmEK4aW","","FIRE","2026-09-11T12:35:46.0000000+00:00","18.15389","12-24h","keep","EMBER","2231.400954484118","0","1","False","False","1789130140","0","0","0"
"BpY5EC5grwcKSYZGQMMTR7ZhBcEevNwUtZk8Rwo9xrgU","GxLSFaJM3YdLQnXQ13QQVWuYpbNJLZCPtagUrPX6wmNA","","CHARMANDER","2026-09-09T23:15:39.0000000+00:00","55.48917","48h+","burn","MET","4857.4928996503195","330.28741163179996","7","False","False","1789189326","3.3028741163179998","31.094512884421988","20.911058386679997"
"BQ1KPmuqDTmBMSKdSyFLRpCaLUbQgpRyEp2Qrii2Qw8j","ESgamR9Vx6ZxigCNS7ydqKFWCTAxF11Lg74ZWmVHvJor","","FLAMETHROW","2026-09-11T11:27:07.0000000+00:00","19.29806","12-24h","holders","SPCXx","4116.399849781931","6203.455994860074","70","False","False","1789146062","186.1036798458022","211.08404038292107","167.71737550601324"
"BQ8LPV5TFfTHMPRGH5sCgKcrJCFMHAXoQJE4Zih3wsDg","C9NdysPTZuVtqEAW3fe5Nc3fsAR7X4XT64wq23oQWkRV","","EDOG","2026-09-11T08:07:22.0000000+00:00","22.62722","12-24h","holders","EMBER","12544.581663501638","82734.05168631273","1247","False","False","1789187301","827.3405168631273","827.3405168631273","499.09255356197826"
"BQPANzzXDhdEYUb8Bpnv65ZuLQn7cBUzdyUUdA3tdCn5","CCfMVXRYEe6jZHAVXkJXargYCUmwEkgKtDvL8Wi7hw8v","","FVM","2026-09-11T13:59:09.0000000+00:00","16.76417","12-24h","keep","EMBER","1988.9537563866047","0","1","False","False","1789135148","0","0","0"
"BqqVwbQ4fMPkWX9r5AnNNPudhq7sBqhLmDMko7LUQrJB","Eyoam7cMYeTP41Vp6cC77KYs6GF4dn8kL32Ef3MVSZh8","","WHDR","2026-09-11T20:26:41.0000000+00:00","10.30528","06-12h","holders","EMBER","2948.2164305649803","46.58160559151","5","False","False","1789173062","0.9316321118302","0.9316321118302","0.36223913951624204"
"Bret8SxANbLDUnoZxmvjFLtcoiP2yi5r57774vq2AYQc","7SZfxGi9n4LeuR2dX2FMpk9XRcJiLs2L55qNvqc8sXBy","","LPARMY","2026-09-09T23:53:11.0000000+00:00","54.86361","48h+","keep","MET","4350.870004230149","0","0","False","False","0","0","115.585971718371","92.468777292738"
"BrJBFCc6YnX9Ux7NKYvZihd2KoVLngE9kwFKe47n8iU1","7kG7ezrSvqetXEwNXBupyPo3anFvUrHFXUR2znrtRfUN","","FLAME","2026-09-10T00:36:18.0000000+00:00","54.145","48h+","holders","MET","4350.86995485851","0","0","False","False","1789002068","0","10.317768235299999","7.675761678104147"
"BrWEk8HunHWP1g5WExJCoaFP4ksNxQNJ73FbmFpx1rn3","GuA7yh1D3xFiEGbRRARTv2tMcDTetemBiptLsLkqbM8q","","SEND","2026-09-11T10:31:55.0000000+00:00","20.21806","12-24h","holders","EMBER","5423.289841475415","3344.086216584079","31","False","False","1789125247","66.88172433168158","66.88172433168158","46.91026357007502"
"BrwW1H2QmpAT54FuJekt36U8ky5XTwfD5AD1X4owMTAZ","5g78Y1nwPTPLSBPP6AWBwsAPpaGdSxwigEX6BZr5ezij","","GPUCAT","2026-09-11T12:01:52.0000000+00:00","18.71889","12-24h","holders","EMBER","1802.2232687881028","0","0","False","False","0","0","0","0"
"BRZp8BNcLtAo9ETzQ2hYpwt3xseEVJrDFPYspr6tvXxM","BfSirtEQZXkeaMvswmHSsC9HLNnPfRQ3MvJGAfFbbUDZ","","TINDER","2026-09-11T05:33:42.0000000+00:00","25.18833","24-48h","holders","EMBER","16609.184138427558","84.29544822308","6","False","False","1789149202","1.6859089644615999","2.406742980075","0"
"BsnDdvoLTKayjR23PSGy4QUyz58WQP3i5C2SoNrERL1t","EF41MTTi8xVbtBs863sbHGW26oE4yWQcU4qck2fgvcyz","","INK","2026-09-10T01:05:28.0000000+00:00","53.65889","48h+","keep","MET","4386.932747242768","0","0","False","False","1789002326","0","0","0"
"BT216aCoL3w2hWrhgmM3Sq1xkGxnf7ACnPpMcXNekSuM","8J4oyVcZ5GUfUntTvUWRA1P9h1YWQJWaeiw6tfPgPRRE","","LUMEN","2026-09-11T12:57:29.0000000+00:00","17.79194","12-24h","holders","EMBER","2023.718929182921","0","1","False","False","1789131443","0","0","0"
"Bt2akTvYfRARqWKyPpbQsvo3Ys7qAX6uxhP4HQMgV38f","8E3LhJTSGR1wKd6gBgG3xtwQdzAciyHrSuVDasRLsvGy","","EMBER","2026-09-11T11:54:06.0000000+00:00","18.84833","12-24h","holders","EMBER","1744.2742223170787","0","0","False","False","0","0","0","0"
"BtCMEaWTRLdqAMsgRunr8G1ghpJ2PhXdLcHru2dnq98D","4zAwYqYMbSxkUG3CocjaBvPKBFMn4BCqzjLRmEtGJDXP","","REBME","2026-09-11T00:34:30.0000000+00:00","30.175","24-48h","holders","EMBER","18583.217169058047","761.6075216920595","27","False","False","1789136612","15.232150433841191","78.80908292427085","65.07119440110866"
"BtJCG9xyT2Ds5yXeAA6dRQz2ZCQfCZhPnqjLZmUV4biP","FRCUz6ybwLGUdW1pidi1DapFu6CrQrPf6aUjHmf8P8A1","","TRADERCAT","2026-09-09T23:30:48.0000000+00:00","55.23667","48h+","holders","NVDAx","3921.5138233519833","0","0","False","False","1789047752","0","32.940953654481056","28.12670022411516"
"BTJCidBCsYmwh2kTQ4fxksXmqTUYbJpHuFTtY8GYtv7h","B9hG6TB5pDRN3Y6utW4qkxwdFJR1gEZ1HvPmkvQRffjv","","TORCH","2026-09-11T12:30:55.0000000+00:00","18.23472","12-24h","burn","EMBER","2142.0979241188406","6560.731845174668","158","False","False","1789151206","131.21463690349336","242.6249381043158","197.9745361087458"
"BTRjpTZp6BuaANCBA5cejkoW4kFPwuSanepxjgBSgWik","ETcnzgK1FrXViCPZ6UEosbdwcdCce9my9w88avsFxrEx","","SOL5","2026-09-11T17:24:41.0000000+00:00","13.33861","12-24h","keep","NVDAx","3992.3712749297542","0","1","False","False","1789147481","0","0","0"
"BtYs3nD7LX7GmgYfKPGmVbo7TB2ZmRq4MM2RMVmUJ1Nu","DSSKfvYcjvvfDjKjWjWNyJg6QBPwBXbg8Pm1CAxKVpiY","","REMEMBER","2026-09-11T12:49:19.0000000+00:00","17.92806","12-24h","holders","EMBER","2133.404976498329","0","1","False","False","1789130956","0","0","0"
"BuNs6ntdaRF8McRRyEfKbEivJ5hb8oVYcUVVEio9VfXL","4G4HfFFUb4KrfFZy25tGAoR3NZ6cFzUqa74jrusg4ghj","","METHEORA","2026-09-11T13:00:50.0000000+00:00","17.73611","12-24h","holders","MET","3333.414913098835","81.28969524344201","3","False","False","1789155002","1.6257939048688403","1.6257939048688403","0"
"BuTdaHtRiuNhThKUY5QxGaS2gWCVs3FrLQsWXxGqLzzL","5UxYz4qHr1jKzMzfDhJBwQNd5sLBnipJeSqwDK7RSsw8","","BLAZE","2026-09-11T11:49:31.0000000+00:00","18.92472","12-24h","keep","EMBER","1789.5443441430268","0.8882320652500423","3","False","False","1789127385","0.026646961957501266","1033.9434751952801","820.88166697328"
"BVaVCeuqYjnGayvjFQP133zJA6oRayrhEFB2xxco6JDB","EpEuF2jEGDKkUvt44q8A4X9JkHcoK8EG4oKZHYJH3JAs","","SC","2026-09-11T12:23:42.0000000+00:00","18.355","12-24h","holders","MET","3727.765795878958","7503.202689429095","131","False","False","1789184236","225.09608068287284","247.10954455316352","192.26786427954798"
"BvKbCNqjejWaeSWHxRXCrM5QsXUGzZg7TcZBkYwTsTAX","DwvhCnLKgpsroPhxeH1bkXnKe22j8nU3vBxFZmqCYpB4","","STONKS","2026-09-12T00:47:00.0000000+00:00","5.96667","00-06h","holders","HIMS","3955.3035603688477","0","1","False","False","1789174017","0","0","0"
"BVRKEoXjBS79SLhDpEpkBKkPboKpXsXHjBeEWUejkoCp","Dv17RsaCB1TNBE9rV3hAAbzUNLX64USHQzkVzc8tmaUY","","EMBEER","2026-09-11T15:33:38.0000000+00:00","15.18944","12-24h","holders","EMBER","2096.685034467354","0","1","False","False","1789140811","0","0","0"
"BVRRA1oUqc9rGorbBTQZ1mHyykxxQiJpKcTDL41jtzjQ","9B593NaKfXCxPvdzUS4XdowXsyx5j1SdW1WquU9f4U17","","FEES","2026-09-09T23:58:28.0000000+00:00","54.77556","48h+","holders","MCDx","3950.9629036131914","0","0","False","False","0","0","0","0"
"BwRLF9jLHAG3ijN3odMGKKmx7pJ8uvyeEStok8tsT9wW","n9yjA3nU75fLeJ5ugBHnMLvYkgnm4mvxUkFog12eaZV","","METTY","2026-09-10T00:30:01.0000000+00:00","54.24972","48h+","burn","MET","4350.869938284384","0","0","False","False","1789000199","0","0","0"
"BX8F4faA3gTDMNmdXGDUibeNtsWPC46Hqa2Uf5dmZ3ZA","xLN6tQFxinhXNBtSc9iMBVJgJMdy6DJGhcKj2jznfqF","CgjzQ1sErwrAn7KSq2nT2rvn22fJwgjdzHHowCynHJRM","COAL","2026-09-11T12:07:37.0000000+00:00","18.62306","12-24h","holders","EMBER","1167.108966078671","42745.6","757","True","False","1789164379","427.456","427.456","322.23640414914195"
"BxBEvf1jaoDV84PjVqXtzNnbKiXpz3ZxzhvVf4JM6qE5","EYRFSe6zUEhPX3fm83bT9kuAySffJHQfKTeZ64d2ZKhx","","DIH","2026-09-10T00:48:17.0000000+00:00","53.94528","48h+","keep","MET","4369.887841528147","0","0","False","False","1789001295","0","0","0"
"BXomgLhYig21h7usQb1tzadt9TzJ1bp1wD7cu8m982Dw","HGqZ1524fyuVexCr4FbtzFWsU5JpvUqzLKrTpS5V6tXL","","COAL","2026-09-11T11:13:46.0000000+00:00","19.52056","12-24h","keep","MET","3378.7397552049424","1191.3080651442608","13","False","False","1789125492","23.826161302885218","23.826161302885218","18.133734980111"
"BybqKrqquzdQKZCRdfwdA2W43BjPYP6aC3pe8t7roZg4","FYd8xKhCC3EpSi5RxotFR3F2sfokAjopQHt4gQ4XzUKD","","CAPCOM","2026-09-10T03:37:36.0000000+00:00","51.12333","48h+","burn","MRVLx","3828.908061362838","0","0","False","False","1789019840","0","103.2275748626245","78.8014329465"
"ByQuE3818M4WsuQis19s4nyJZN1zHKP6huhAKzm3QG3C","4Ez8FtpPXVs4NHCCBUHZFSG3s2s37ZqVB12xc1JjAZmY","","TFP","2026-09-11T14:52:49.0000000+00:00","15.86972","12-24h","keep","EMBER","2317.445220495262","0","1","False","False","1789138367","0","0","0"
"bzaGucYijYDHKxuBgcT8Dko9YgvT81ZfMwgMu7R3Pfn","CjRFnLzYKjhRJhT4giggjo8tcTqzHtGTEQzbkib86mLU","","HOLDCAT","2026-09-11T10:36:40.0000000+00:00","20.13889","12-24h","keep","NVDAx","3980.0525046658354","0","1","False","False","1789122998","0","0","0"
"BZfsVS4rYc9A4UJqTT5T42Qs1LpQWKoeiJ2ACcJJxZ3b","9xfCWoxBJ8RFCToDsGowtWcS7Cz4f9VW662ku5DQ6zzc","","MIDORI","2026-09-10T00:20:54.0000000+00:00","54.40167","48h+","holders","MSFTx","3994.2667549314147","0","0","False","False","1789060876","0","21.794503639002734","9.780857270070001"
"BZRPyNFVkggGwXk3Ra3BSDrwwxpa1RBbDWRTsdb5SmSj","CPPvvwWtGF39YMMqsnuzRu7BLFQZRm4i3gmAUXDjvLky","","SOLCOIN","2026-09-11T11:33:33.0000000+00:00","19.19083","12-24h","holders","SPCXx","4019.8871536238194","1062.86574311305","22","False","False","1789126510","21.257314862261","21.257314862261","13.7747812954297"
"BZWwTLiyKrEzoTJpWVD69hh1KnMYW7P82jgHZJFtoT5C","D98s94AxmwG21S1fL84LY1sG5b2ikdz3A8HMoXQjKW89","","AID","2026-09-11T14:59:08.0000000+00:00","15.76444","12-24h","keep","NVDAx","3989.4860444909755","0","1","False","False","1789138747","0","0","0"
"C3CrTfDqD7kjRCAgKm43UvVdPceNgDuJ6PZjQtXFfE25","8ovbRsJgBoQrcRzU3kjeQTNw5ASEajD3RV2U4Y26Gb46","","GROKBOT","2026-09-11T11:16:10.0000000+00:00","19.48056","12-24h","holders","SPYx","4017.9854477331855","0","1","False","False","1789125368","0","0","0"
"C3qM8pSGEaGDVh4Rj6Q5t1KuqSKFBoQJyUKmoANm32pu","DX6nTDjTCs76vkKDbv8YnDrJM8XLf1WSo2PHDwq53h2h","","ECOCK","2026-09-11T08:41:07.0000000+00:00","22.06472","12-24h","holders","EMBER","8042.329748372279","66.01983654568997","44","False","False","1789165816","0.6601983654568997","0.84711318328437","0.48781882802645"
"C41SSrpMf8tKKoY44YRLhjgS4DFdSJk7LKRQLwdmCuJd","3UUYCaqtuhov2Uub8k287sC2Uz4mqvX1hbt1Way4zaaE","","NVIDOGE","2026-09-11T11:56:48.0000000+00:00","18.80333","12-24h","keep","NVDAx","3986.2305834511767","0","0","False","False","0","0","0","0"
"C4cRG1wAcMD3EkG7ty8Hkq8CctkejbgZNYbNfcCQ78Hk","BN9sZPBj7yjtvpZS6kYXWzmWQ381wrGT9aK8W9R89ap8","","CLAUDEG","2026-09-12T04:34:53.0000000+00:00","2.16861","00-06h","keep","EMBER","5089.2950238133135","243.07774530794512","5","False","False","1789189493","4.8615549061589025","4.8615549061589025","2.5176287445599996"
"C4wNmcbVqUWEx5JhAkVqW67SA1yCkD8EXnZENtVgHh1e","BpV9jEzCxXm3brCtYdBBMQYtn8jW6XM5bUgC2nPYhX7x","","CHAR","2026-09-11T09:38:25.0000000+00:00","21.10972","12-24h","holders","EMBER","6428.445993656055","219.24146326231244","4","False","False","1789127290","6.577243897869373","6.577243897869373","0"
"C5KnQtqXGt1U5gsZX3iERZNSQr3NvTxS1MbwipAVgLc8","21CJ8FYWamkaHwqxWKtzphThuRGWzEj1yLnAr9kg4kGM","","GPUCAT","2026-09-11T20:34:26.0000000+00:00","10.17611","06-12h","holders","EMBER","2903.2896637889808","224.4625626169848","7","False","False","1789161066","4.489251252339695","4.489251252339695","0"
"C7fkyKEuFM6jMyQFZTgBvdK9g7YKMV36MXk1Lux6Psci","9vf7miXA9CuYvy8SeSk87BxzeW4d8rmUHQvDnwnumNr6","","FLURRY","2026-09-11T13:50:12.0000000+00:00","16.91333","12-24h","holders","MCDx","4729.585365492499","12930.430188080201","154","False","False","1789175432","258.608603761604","258.608603761604","187.13553645538545"
"C7KXP3cVv1xoVpbRvQGoA72SBGJCzzuSc9Zt6D6VtzqL","7x3ibzN5GYnTT43ZiRs4ho5uhXJKmTQuUjszLw4R78tk","","LAO","2026-09-11T14:38:11.0000000+00:00","16.11361","12-24h","keep","NVDAx","3983.318162318962","870.075269239779","12","False","False","1789137596","26.10225807719337","26.22121293253803","20.97696990516435"
"C7vQcwnVbDmoGWVYuof7yQUsQGcJD9yNkZqEdsgZZsav","2xNt32U7RdcfsC5gEY4aN5BuSkc716BGSgGjsyrUuxpu","","METTY","2026-09-11T11:57:46.0000000+00:00","18.78722","12-24h","holders","MET","3275.139985067219","0","0","False","False","0","0","0","0"
"C7ZBe4iigmdoA2oNt5W7GeLSSwenmGm9sc6VL4cp5Pz4","9rtgub11fpKoL6yzhfoMgMBNNCK8Wpz8TxEkypjchfQW","","PHOENIX","2026-09-11T12:18:14.0000000+00:00","18.44611","12-24h","holders","EMBER","1865.6648376472294","222.72688222168307","8","False","False","1789131692","4.454537644433661","15.439674570137752","12.34559689674459"
"C8mngvbw7ZjDfhFuAAGZmQzsgGBr5Ap6wnCVWhDACvMN","4jnS9YhiLMU2bzY3RuJgo3BFLYSLUfAGWvh8PBXWCDZL","","BURN","2026-09-11T12:01:23.0000000+00:00","18.72694","12-24h","keep","EMBER","1775.0601506529158","0","0","False","False","0","0","0","0"
"C9AUHdNEUL6Dm1eoYayXs26zWdCVRbQm4BTf8D9RH6Jy","9AkqUGRc7a4FirunRaJp3Scaj1dKYSw2GFjfwZ7G4Gq6","","LHCOOK","2026-09-11T13:32:31.0000000+00:00","17.20806","12-24h","keep","EMBER","2478.5510117933445","0","1","False","False","1789133547","0","0","0"
"C9nCupJf7JTvvx8LJ3rsQW2Qb9UzYBH7A2tMRY8V15J6","9AMT3c4gETUi1UdjUjM1irVMBuamu1BTSmiaoLwk594a","","USEDCAR","2026-09-11T13:02:08.0000000+00:00","17.71444","12-24h","holders","MET","3381.5199003682173","421.787157267812","8","False","False","1789131774","4.21787157267812","11.40343777082871","0"
"C9TfMwLooazU1YeAixf3RZW6FYX4GoK9YgKwTUF1ZPPL","EjgeGZEqsR7wTRA7Gq2kBuidzMHca2ttLMwS1N8XRjYK","","METCAT","2026-09-11T09:56:00.0000000+00:00","20.81667","12-24h","holders","EMBER","6484.802480940875","15.129315484409998","3","False","False","1789135841","0.45387946453229994","0.622008372","0.4690593955199999"
"CAoJJqXcqyVXUP1jkJsK1pNANqFiA5hTygpEfeuvCwHW","5jG61VSHwhqqedAmZnUJHhUgsC23NPuDmuA11SGFWcV3","","HEL","2026-09-10T06:37:07.0000000+00:00","48.13139","48h+","holders","MET","4799.57757874129","45.41861351929799","1","False","False","1789157164","0.9083722703859599","44.396379486256905","34.61678103213514"
"CAPiVRoFuQWEcnZ5nGTBtuY9GAjzLrHToDpxArWfD3mh","HavAxx2nomZ9QkATTiCU6RKmPMgKvHUDCijfQNQGmvjS","","BRRR","2026-09-11T11:11:49.0000000+00:00","19.55306","12-24h","lotto","EMBER","2644.5389888529207","378.00798857429663","9","False","False","1789125250","11.3402396572289","16.952321764873417","26.370282775737486"
"CAydein1fVe2JG8raJUxZ78FhoZo4kA8jK4z7ny28ZYb","8S33RQJutVcKsbyHpqQtd5DAVyaTD2EgnipxkNiQQLM6","","WAROFMEMES","2026-09-11T14:22:43.0000000+00:00","16.37139","12-24h","holders","EMBER","2246.030668426392","0","1","False","False","1789136557","0","0","0"
"CAYrC43ZLEwFj5vaoxVtG9C3RFTi6ChG3bGuKES4GLZe","FTKV9xuvBxsPrVW25th37KYm1kEJQfomXnPnwRhVd4ZT","","EDOG","2026-09-11T10:49:38.0000000+00:00","19.92278","12-24h","holders","EMBER","4793.486731721913","759.0630533247887","18","False","False","1789133954","7.590630533247887","8.10013679720446","0"
"CbEyT9cCRkopsGcwtM5roYGyvQz6Boa3PLjunKk38TZt","8cWdi5T38hAmNquSJwwMfsf8TzEYCMK5LPkdTpZu2sXS","","NGNTYAHU","2026-09-10T22:33:51.0000000+00:00","32.18583","24-48h","holders","MET","4188.923676043854","0","0","False","False","1789081129","0","0.4547442593339999","0.36282436543400004"
"CBumDcNmLDK8JiDkRjHnrDsV5yEt5aris92WRCf8C9pH","HLEB2AmX3y6czVBkxDNYWPeQDZ7dVKhfYvhewATHkKgW","","HOMELESS","2026-09-11T10:14:05.0000000+00:00","20.51528","12-24h","keep","NVDAx","3979.511718847","0","1","False","False","1789121643","0","0","0"
"CcnuQZe9Wd8rB4C9kqzQ2FfqhiS4F8azySfteo7RvbX8","12kpzscFXXd9pWnUtdRASdXTvCSUSRoXiwDo9ZCyJCWo","","WINCATS","2026-09-10T00:23:40.0000000+00:00","54.35556","48h+","holders","SPYx","4013.6713568793666","0","0","False","False","1789009199","0","1.0026360328","0.072643725684974"
"CdeVVPYaq9MVaLu1N1x9RKYwTqNmwi8A7McNNJ5cm5yP","3A6AY7LgBojvVEmZWYkufW6jdCecoDJPY5ax7g9yNuba","","MEMBER","2026-09-11T13:03:41.0000000+00:00","17.68861","12-24h","holders","EMBER","2029.8344519352765","175.38352339010746","3","False","False","1789131829","3.507670467802149","9.765534238528119","0"
"CDKcHkxeaCspE8Gj3TQAc1N2F6yixoWP51XXY2dDuyuw","81CWUSQUG4DZbEv5fizWZKtMYUdeQgKWyJWezeLXycHf","","DOGEBALL","2026-09-10T07:13:39.0000000+00:00","47.5225","24-48h","lotto","DOGE","3923.265948334141","195.58452793535602","2","False","False","1789139521","5.867535838060681","5.867535838060681","0"
"CdLbbWqTaAzvzCGmUg6FyEpX5EGLLoVQAS88REkmAaQ4","38f8qcqLJqPoTW1saiJXiBYo5E8bCRShCCSMnRCWiNJQ","","EMBERHEARD","2026-09-11T11:47:37.0000000+00:00","18.95639","12-24h","holders","EMBER","1670.0428508932853","30.562635984409997","2","False","False","1789130471","0.6112527196881999","7.096868507564331","0"
"CdyD3RetLYHmCjyhW4LJ75EM4aoq7o6CqGFbRzPLujkr","3w1E1fSGEYaqFCB1wrvW2XtF7yjBrPoY5qCd4etnGxWq","","CATEGOD","2026-09-11T09:01:42.0000000+00:00","21.72167","12-24h","holders","MET","4962.586212666225","1604.7006491638333","48","False","False","1789157319","32.09401298327666","33.47096535161261","24.455189563116"
"CekhWsx2f5xQukxVb2oBGmKjRd9Rn8gaJXrAaVwdTSYB","EX991Zzm33wFvCVk761xqUGFzwzr4GrQVUUPM13ss1o7","","BLAZE","2026-09-11T12:04:41.0000000+00:00","18.67194","12-24h","keep","EMBER","1889.998498867472","0","1","False","False","1789128268","0","0","0"
"CF7mGik9ZpLi1qfBPD7mn9wapKqhc98WstnKTmTVHYT5","9RZQ8tpiBxFh9S58PZtAcWcsCbmEHRZn57GiaUNH3dne","","DARKCAT","2026-09-11T14:43:14.0000000+00:00","16.02944","12-24h","holders","EMBER","2368.750683058398","561.2232304696687","9","False","False","1789138024","16.83669691409006","29.772295776212005","23.817836608412005"
"CfvCTmCttBLhBfdPTynEuXQbQFHiycCMZN39qsaMTerU","2d6K3aWgUGGfejSRZSRS1dsQ7P8FyEr6TEqg6CaSytuh","","NOBRAKE","2026-09-10T11:09:12.0000000+00:00","43.59667","24-48h","holders","TSLAx","3988.8664026624974","0","0","False","False","1789038550","0","0","0"
"CFXbEP72xyToCJMNGagQjUor6zrNhArNKfmie5m9Yyr5","8SoMZQWu8nevEBku2dQMnAYmrvYE6i12naevS9uGvCSk","","WINDOW","2026-09-11T23:25:07.0000000+00:00","7.33139","06-12h","keep","EMBER","5405.834837215604","3923.2499658306324","31","False","False","1789170906","78.46499931661265","78.46499931661265","46.150923868868446"
"CgfimhrD4HpUL7hQc5FUrBncsjUKoKG8RaZRyUj9jkEk","FrUDMeHeyo5ZQnXSfyWuPwCjg7dkm8G7izpzrX3XQyXT","","GTA6","2026-09-12T00:49:38.0000000+00:00","5.92278","00-06h","holders","COST","19283.910612227344","296.650202877562","3","False","False","1789176184","2.96650202877562","2.96650202877562","0"
"CgHZYqhk9d1STy29cusUtkUawBZyAyf9Xyuv5AV72Lum","58JuVfqTvDuLNTnAsWpvyzFrNbXeSH3WdkTMcsWSHFVT","","USA","2026-09-10T10:09:07.0000000+00:00","44.59806","24-48h","holders","SPYx","4009.39652772396","0","0","False","False","1789034945","0","0","0"
"cgQA8ZZDrNV7uYHu4GNdu3qYVHuJYaQa5ge7myFPbG3","48PgBHy8ajvZkoLh1vzru5c84ahSM6AVG8BsBTRsGk1b","","STONK","2026-09-12T00:47:42.0000000+00:00","5.955","00-06h","keep","EMBER","4136.101351774148","385.170303894002","7","False","False","1789175861","7.70340607788004","7.70340607788004","4.840198042859579"
"CGsxbMXMPUnPMiPVV4JMVobANvrVGsxsJh9GSwVg5nxD","GachpqcZk1Bg32rGDdsuYB5S3bMdibVCPYRdwNdDknK1","","EMS","2026-09-11T11:25:01.0000000+00:00","19.33306","12-24h","holders","EMBER","2121.771193193193","10.22902894102","5","False","False","1789132442","0.20458057882039998","0.25902590311614","0.23480144978062845"
"CHpB3BVNdgKHXNvuajSmErXVWErzAbFEUyvaTQxMCeAB","5ebnEZAXWC4cRbMvNN2A1nNuMvWnnAxwrebZhutWb4rk","","CHEETOZARD","2026-09-11T11:23:06.0000000+00:00","19.365","12-24h","holders","EMBER","2293.2084044752723","6791.270650235665","182","False","False","1789138285","67.91270650235666","114.56461565592912","93.65368678918705"
"CHPiLXA2gATyAHhG3hjjqomKRJmucmmjX7dLJgR5wLpS","DTA9Kb7cz7zLrQSHJBnny8DCug3q3SdX5YnRP6WYb5pb","","EMBERTROLL","2026-09-11T14:51:22.0000000+00:00","15.89389","12-24h","holders","MET","3418.347659116075","0","1","False","False","1789138281","0","0","0"
"ChR7Rx2treghUwHwzFkLWT23edWFKqW4vYnXQJPiqpAz","4h3CgHKGUF2Gciic1aD7FejD6Pnugm6xG5N75ZC7y5wx","","NS","2026-09-10T20:13:48.0000000+00:00","34.52","24-48h","keep","SPYx","4034.474152101243","0","0","False","False","1789074676","0","15.06335587711407","12.05025170161912"
"Ci5vdVkcsyfaneHE6RbvxT4VYPtm7rdpiZxLMFTpNmqD","BRGn7GtNx8iRceUvWNGf3FqR1YAgKX3drhm31NcSycPV","","HELLMO","2026-09-11T15:47:21.0000000+00:00","14.96083","12-24h","holders","EMBER","2028.7161780279532","0","1","False","False","1789141635","0","0","0"
"CioBRSzFsEdCwwaLcqvgdN9Tie3JJgeUkxLdnC9L8tnD","EsVaF1hwxrrnUt2aCb7qDMh8dxJGGmrGAuc831zZWrhb","","TUKBIRD","2026-09-12T03:16:22.0000000+00:00","3.47722","00-06h","keep","MET","3991.2421669938763","2193.917494744713","27","False","False","1789184783","43.878349894894264","43.878349894894264","34.359954740624"
"Cj1GngPUUCRNUHRVgZ7iF1quXAigqXNTyHDcnS72C4RV","A3dSdpLQf6e7YP39vDRVSzJK3tyMaJNm4LpnohTtRtYB","","QCAT","2026-09-10T00:14:47.0000000+00:00","54.50361","48h+","keep","GOOGLx","4098.695654537449","0","0","False","False","1788999286","0","0","0"
"CjqJY5uCaFPSU68kMMzfXLkehbb3FoXyfhpFwhUHrs8H","G3YXYPYiJ1aLo3hQv21QRNFRFx6uWowk5wqoCUfkzPvq","","EDOG","2026-09-11T10:52:57.0000000+00:00","19.8675","12-24h","holders","EMBER","4528.402222047838","71.89543791664002","8","False","False","1789136736","0.7189543791664001","0.7189543791664001","0.4930364030224"
"CJVtdhsnHEkrxS3E461T4PQKA2WLPoYgMqNFhQoUXDUP","CpfAKCBAm8vN9xP7z77DRRCxypreJh6spX21wokbrCwv","","BERINU","2026-09-12T02:46:14.0000000+00:00","3.97944","00-06h","holders","EMBER","3879.800881120132","0","1","False","False","1789181173","0","0","0"
"ckBxyJJ9ywcWDHeix6oVyiosVHKTPgcK2n5yBcwZFzZ","3DBMVgFf9Z7R8sN3HNrG9E9ZhxSdmaHU4SoF6xm18iNC","","METH","2026-09-11T12:44:05.0000000+00:00","18.01528","12-24h","keep","MET","3224.993732388178","0","1","False","False","1789130640","0","0","0"
"CKEuv43HaHKTtewZajrY36mD2Soi2f49jemvjDgYfixu","C9y8LehQo4348YUrpP4YCSCyUD1ii9d5yLzMzyUU2BTJ","","EMBERDOG","2026-09-11T12:28:14.0000000+00:00","18.27944","12-24h","holders","MET","3354.2032501950357","113.46848045562399","3","False","False","1789129748","3.404054413668719","6.892426841814","0"
"CkNPsCjooai5EWr32iAqXJA4rrK7VW81JT9NFy2Z2mKE","CT8SFQYKE6CFYWn3WoFcBXd2PGJV4P64VxnKPkv9j3i","","CORTEX","2026-09-11T23:25:18.0000000+00:00","7.32833","06-12h","holders","ZEC","229.97835206150285","0","1","False","False","1789169115","0","0","0"
"CLhqMcACxHirY5A5n86LbhjkKdx7PneYEspt8aLso47A","6Gh8W7jKhCzQPhXPqRKEoAzmhpbewJKPz8cTvUcUazGn","","GAY","2026-09-10T23:23:49.0000000+00:00","31.35306","24-48h","holders","RAY","4418.242510461021","17.2028204298","0","False","False","1789082765","0.172028204298","0.172028204298","0"
"CLKnWMGVjp4zyKg1YAtxftTvYPA3nbGNfUQFQZp1iWDC","2H2vRT9R5JWguoeCAb5fiZnoskeAsK5YuN23hyRPuKzs","","MERCURIAL","2026-09-11T11:50:12.0000000+00:00","18.91333","12-24h","holders","EMBER","1940.3672670001804","8709.059889768416","265","False","False","1789177130","174.18119779536832","1233.2323827705181","986.6740652084153"
"CmAQ65JHw5vLdVBVDR9bQnf76AosebJvvwsPjxXEZBbs","3J5GBhm3SmhP3RNX7wiftDKrJZXCcLu5nGQQh7sb7iSv","","HOTAIR","2026-09-11T12:25:15.0000000+00:00","18.32917","12-24h","keep","FARTCOIN","4155.527278930792","131.90334682845597","2","False","False","1789129544","1.3190334682845597","7.3357321966599995","5.868585757328"
"CMAYptupNqm7d4kHPdHGfME4cTL7NUikDmXDdTNJLqx9","Ha6QuTPmUFFts39n6iFYSZBqVoqmduJb8x9cpWzmHB84","","COAL","2026-09-11T11:28:15.0000000+00:00","19.27917","12-24h","keep","MET","3251.934989320904","782.6710485836754","13","False","False","1789126108","15.653420971673508","15.653420971673508","11.971311295236"
"CmJBC4k6ecraQCvczKmkzksLEkeaR6fUksaywwU5Kd51","4fDi6GiCnU1GuKGr1BwPQShAGDvzia5ywhxh24eD43xJ","","GCAT","2026-09-09T23:51:51.0000000+00:00","54.88583","48h+","keep","NVDAx","3926.4719201193707","0","0","False","False","0","0","0","0"
"CMNGJiTkuT5Qw4QAasAfQMMMbofrWFUCnGDxVVzzFkSm","29ffK42tVKwMRWeKm177WNvGzi7F4wRdJr2NyGgVFQEB","","CHARMANDER","2026-09-11T08:21:12.0000000+00:00","22.39667","12-24h","lotto","EMBER","10228.219608739348","696.6079130827488","89","False","False","1789192095","20.898237392482464","28.20325967171151","65.86574789688177"
"CMpEnae1FJ69szdyCrAFSgpMnGwME1uU6ah5tjDfLDJy","GEee4XDrTc9V5CK1uJBgCLXSu1uZYfdiw5C5JCeeHqcY","","IGNORE","2026-09-11T13:58:18.0000000+00:00","16.77833","12-24h","holders","EMBER","2754.7614954089545","6441.878643191416","195","False","False","1789156679","128.8375728638283","218.24576357193595","211.46277009088664"
"CND6dsy97Z8LuGwxLjBBvtzWCaKZrR9QWW9P7oi4qdP9","41pycektbJE4pV8eVug2YYvFkXPjrMXWwhg7nz8qmGPW","","SCAT","2026-09-10T12:10:31.0000000+00:00","42.57472","24-48h","holders","ZEC","3704.1520331233255","0","0","False","False","1789042229","0","0","0"
"CNfkbth5f7SUNZSNP5z76RpitZqykTMaGHaJqLBCCBJx","6hjVE1hHGqjTSQpBpVugxxiCw3WYXuNPkAJRdzLUctaP","","EMBERSCRN","2026-09-11T11:05:01.0000000+00:00","19.66639","12-24h","holders","EMBER","3955.2466317197773","359.3043502872844","5","False","False","1789129671","7.186087005745688","7.7274913853567","0"
"cNkYTEHNGdNmEQTvHrqv69Lt5M5TJZCPLTTRKrx57QD","GG31u3pnqJpHbLJvGmGNuFRjuyzFZE7Utw5MZUDBDFDV","","FUECOCO","2026-09-12T03:56:13.0000000+00:00","2.81306","00-06h","keep","JUP","3989.5412861703635","0","1","False","False","1789185370","0","0","0"
"CnLK3JaqTdC7xqQDVKFQsjmNVd3ggFXqVkfaRQetcniP","Hm1Rjq1fUJJPaaL4E7mE6Z9HbZiRkryswAcfesykQKLj","","FF","2026-09-11T14:06:07.0000000+00:00","16.64806","12-24h","keep","EMBER","2012.4813733071687","0","1","False","False","1789135565","0","0","0"
"CnLkkXs5fGyEbeMtEaGdoffKY83SjUYpSn8HWWzh7DB4","CzovDRzh5WJUarzdAmRs7UNdBL1NGUq1zV2cUhD4WNWL","","CPU","2026-09-11T15:32:43.0000000+00:00","15.20472","12-24h","holders","NVDAx","3978.971794153365","38.3307177807532","2","False","False","1789141513","1.1499215334225958","1.1499215334225958","0"
"CoKcsP7PmVsuEV6V9dExJEQhQwHDeg2nywfuZDMFZWjr","5dogxUtAw5mshk9Ho8mFzE3X8sCX65tyLPx8Yi6y1NHU","","BHGP","2026-09-10T00:25:51.0000000+00:00","54.31917","48h+","holders","NVDAx","3926.998917372298","0","0","False","False","1788999948","0","0","0"
"CpQvb7AkYk1ABrpkfjALtzHuDuwy2q9yxcb9WX55FZmg","HkFdaYLCFnRmNs2FDozLxFDckqFibHERJvCrgMC2fGs3","","MES","2026-09-11T15:33:38.0000000+00:00","15.18944","12-24h","holders","FARTCOIN","3776.328670439398","0","1","False","False","1789140812","0","0","0"
"CQayAwm6LanzLJZDfmcPTmEKLpRcP8uqnmneUxbVpXmi","8EPYqMrYveYBfMip7kANwV1ko9YqSA9AQ7RwmABiDGJS","","CROSS","2026-09-11T19:11:02.0000000+00:00","11.56611","06-12h","holders","MET","3299.2036739940113","8.5925667051","5","False","False","1789155664","0.171851334102","0.171851334102","0"
"CQchWSjBTeszKoXB6d7qu97pCM2pZPFUnzFkrLwvAsGE","2mbpo7dFx4B4Q7tJ7gUkTaDeB8wxtwAV4j3nKuc2rCVu","","PIECAT","2026-09-11T19:32:38.0000000+00:00","11.20611","06-12h","holders","JUP","4065.8561506977035","6387.385883768361","91","False","False","1789193846","63.873858837683606","63.873858837683606","41.448468763508004"
"CRAxUAuATyJchkCpHzY7tj2wRRyrr8BvUphAnsWK8yA5","57UBwPjbjH61jrRGyAtpTP5xxtFiuLqbyuNew5E6pEZR","","WWCOIN","2026-09-11T12:08:27.0000000+00:00","18.60917","12-24h","keep","MET","3304.793170099866","56.812430237903996","6","False","False","1789136600","1.13624860475808","1.13624860475808","0"
"CRCY8ZW6hLGRmvBtjdjkV4mWU2TFyn5szPaX4FjPoVkM","Fzh3yUkeo3eFNFTxudcnFwV3BK8mjXBEmzESoCJPV2NL","","YOLO","2026-09-11T12:32:08.0000000+00:00","18.21444","12-24h","holders","NVDAx","4005.45208673615","0","1","False","False","1789129924","0","0","0"
"CRH31yvZtm6A5dMYoDUMZCTN77pFH8oCvJRJdXh3Z5zh","72Nkk7Ytoapph8n9jwbjqhn6m465Wto1CevGVTr5imPS","","Brian","2026-09-12T00:50:18.0000000+00:00","5.91167","00-06h","holders","BULL","3992.2596481316186","0","1","False","False","1789174217","0","0","0"
"CRHXLB8LQGtwgnE9BmXLL9JUeZu1mQaHKzuipby9fN9M","8ci9DswsEkKCyjgFuZrVXr25DKNJk3rtyrtqT1Ea6HuJ","","FROST","2026-09-11T12:35:34.0000000+00:00","18.15722","12-24h","holders","EMBER","2220.944564374275","729.0139911223691","18","False","False","1789132287","14.580279822447382","31.251824874407497","24.962636182037997"
"CRTtcYx77J1zGJgDvFs9pEHTu4uNTd9nZheKrfsCDTFZ","5HV9po1o8dcRTS5XPZHbWkkXnn9UMaGHTcLvKFZqaPP3","D7ysGbAAuT1KM8wCs931FaPj1iaAx9dWvhkeyVJr1iiU","GOOSE","2026-09-09T23:37:03.0000000+00:00","55.1325","48h+","holders","MET","3084.024950745534","2587.09","35","True","False","1789159361","25.8709","850.2390287062892","684.793787143218"
"CRwcmbkP1btefWGqvDzE6okqpxYU9C394VVwdmibQpes","HoaKTrSkTk5bU3uXKp5rCR3buKmPXiMeJWn5WeTxdAVq","","AI","2026-09-11T12:23:25.0000000+00:00","18.35972","12-24h","holders","NVDAx","3994.528781355861","0","1","False","False","1789129399","0","0","0"
"Cs999Q5sP238KQHTSGJor2bXeDqQwznXvbBinahsQmKF","5xpduwKpJWpAtL7zu34hnKKRwAzRoRZLwkEeZzyFgieD","","M1","2026-09-11T12:32:26.0000000+00:00","18.20944","12-24h","holders","EMBER","1934.2432127097693","12.225054384409999","2","False","False","1789133112","0.24450108768819998","0.37487602944000004","0.270848489472"
"CSRHL2Ki1s5WEDvs4XpJAHLPrVtdRjrXUFvCauYPynRb","6HtEx2QSFhJqBgWkBkRuLEKbokMhrF1QK4MwujvTWnqK","","ZODL","2026-09-11T09:57:10.0000000+00:00","20.79722","12-24h","holders","ZEC","4090.069211725858","0","1","False","False","1789120627","0","0","0"
"CSS4VwiSxH3P4LzCoDmntWSJkdaRRf1PnabKSzuLq7pr","d53U46rHtuStiTsGJTGXJFjS1wzFzYKHoEseAzHQuD3","","MEMBER","2026-09-11T12:00:26.0000000+00:00","18.74278","12-24h","holders","EMBER","1737.6389541970386","119.20314311801651","3","False","False","1789128774","2.3840628623603304","7.914735755963491","4.709186710798678"
"Ctf1n5LhNda3cjYpyca4uoTaAXj58DK4HToyhnAvmTT3","BCkb413E53FTMskMJAWzPXhAU7ast3xvbLp9gsRUisDC","","EMBER","2026-09-11T11:49:35.0000000+00:00","18.92361","12-24h","holders","EMBER","1827.053890935293","1643.0462745690666","49","False","False","1789179500","32.86092549138133","58.687810822129016","46.81309450118524"
"CTobvQvuVSryjxfjF9ZyH7of3uKoMbDp4SnjsfGszGtd","ChnM5JHZQBcUwNxNhmt2LvHFZhUtudJMzQ8DXjUSHnrP","","BYTECAT","2026-09-10T01:21:45.0000000+00:00","53.3875","48h+","holders","DOGE","3915.2652421088246","0","0","False","False","1789003303","0","0","0"
"CV1CLeZSHbcMhhiJ5MCucafo125U1ANGvMTDDHq7J9ka","818DPbyqtq9VVxCu9NpoVNhZxFBi5KEPGwLfK97YqRa4","","MOCKJUP","2026-09-09T23:55:18.0000000+00:00","54.82833","48h+","holders","JUP","4205.50385705744","0","0","False","False","0","0","13.574602193155199","12.2678919482983"
"CV2Es1EsQXBcEwWcrPbncgJ9kn8G5JakcvSzAVYZYH4g","AeY7eJZDMNBZXaymeqX5VdSJ1sdeKhseHgA2KBjFGvSM","","EDOGE","2026-09-11T13:17:51.0000000+00:00","17.4525","12-24h","holders","EMBER","2284.4639539282975","0","1","False","False","1789132669","0","0","0"
"CV6JErG36jst567Bg4EisfCGRx4biHKt7ge9UXAipc6r","5T7zWNVq3sPUgvHJo3GfXcpmhHGS2hx6WHRV1FKJrdQ3","","OTC","2026-09-10T21:29:14.0000000+00:00","33.26278","24-48h","holders","MET","4149.949159417813","4.977836166743999","0","False","False","1789102100","0.09955672333487998","0.09955672333487998","0"
"CvmiuYnZBxC9z8jMkQWfTkPD6FW3o8CyiPE1WUgTjCFo","GEvMz74tCLqgBFcJUiWB9eZUmcU4UQnNJpCY81cjtqke","","JUPCAT","2026-09-11T08:40:37.0000000+00:00","22.07306","12-24h","holders","JUP","4208.154156931153","191.8055357554","3","False","False","1789116150","3.836110715108","3.836110715108","1.1772389376"
"CvmMGBiThC1gGAwpZFkrMNTh1CKtTNdDguAC4tWaXwMm","8hctXmC6JeEhjPcAGEAURh8trmLQXpwbPEedBsUCj5KK","","911","2026-09-11T12:35:22.0000000+00:00","18.16056","12-24h","holders","EMBER","2231.400954495202","0","1","False","False","1789130117","0","0","0"
"CvrnkpCusyH91GeU2eYjN2NcczMCoYhhsyAofHWbyq4a","4DmK8YT42rDct2XHPcABXeVBV1XKk7Ni4SiUhbutWQnV","","METLOVE","2026-09-10T00:12:03.0000000+00:00","54.54917","48h+","keep","MET","4282.531684900935","0","0","False","False","1788999143","0","29.06259048","23.250072384"
"CwVvZrFnafVYmSANqpS4JjrwqvYZ9s9cLT14kc7msgd3","Bq59bVy9b5joWaLZGWkvk3qawYndCZAUBrs83afMyn3G","","GST","2026-09-11T20:57:11.0000000+00:00","9.79694","06-12h","keep","EMBER","3398.7312400347887","0","1","False","False","1789160227","0","0","0"
"CWYJ1aP8bpUMEsd1tRz1kKDJPaLME9gakeXR796CpskB","Heo1LKCjvA87iPkH7Pe4xTdu3LZqDbttNL9dCWktRZ9Q","","METH","2026-09-11T12:37:10.0000000+00:00","18.13056","12-24h","holders","MET","3296.17501952875","554.4133718057877","9","False","False","1789130258","11.088267436115753","11.088267436115753","0"
"CXeELbNoMYNwVT6XHSfww49urbqqrrWP8pLaLcRGGRXD","FkCVkNDP329f6MoKVhoxPF9XJ5zW7nNzx4Bksm1F3J2D","","BADDIE","2026-09-11T12:19:28.0000000+00:00","18.42556","12-24h","holders","EMBER","1851.1843316848033","0","0","False","False","0","0","0","0"
"CxHyLuHxANuD4P9iEE2MgCdBD8rQ9h8mZL8t62VQMuMC","2B6gxSNgkYjJ4Aa1sUAimRM9FSXB8TkVtdJSEkMRh87T","","FIRE","2026-09-11T11:57:46.0000000+00:00","18.78722","12-24h","holders","EMBER","1686.8216447941393","58.432777244069996","1","False","False","1789127894","1.1686555448814","3.915789916357876","0"
"CXKYbcN9umuzcASBxKckriZ79ja6D9HDvCtEpzPycCoR","9gy4nXUMTYtsRR2G6SQQSWACxUrMJCijBV5Y4VQQJWBt","","EMBI","2026-09-10T13:34:08.0000000+00:00","41.18111","24-48h","holders","MET","4265.059334439215","1998.247946553235","27","False","False","1789138521","39.9649589310647","279.397141128313","223.50522537743402"
"CXLai9wagFhFrESd2tdDSXusSRzdu7cDCV9WSQo9R6u2","BptXtcNhtXb2NeUQLMy4qaidMMRhVxBcDoTxcGR9RpL5","","test","2026-09-11T13:06:56.0000000+00:00","17.63444","12-24h","keep","AMC","4084.7016651791278","0.12484405749199998","3","False","False","1789132030","0.0037453217247599992","0.0037453217247599992","0"
"CxnBjqPCGKrRv6sYKGHJy1xmZd9ZSo4mstUAbBbYL2zn","5cXxeaAbqUuFgC3BztUiyPNLfL5cqLdirSPEcyRdy9PR","","EMBY","2026-09-11T11:43:06.0000000+00:00","19.03167","12-24h","keep","EMBER","1480.1895984081655","0","1","False","False","1789126983","0","0","0"
"CyFmy54DDGW5J9SJhUBNhvLNr2xYq9snPwWyep3MctHj","82y4cMZZrFH2Q4JQdRJoPreYTdEqMF7opT8AQRAzf9v2","","ICARUS","2026-09-11T11:33:18.0000000+00:00","19.195","12-24h","lotto","SKHY","4186.248415574662","98.371648164","2","False","False","1789126418","2.95114944492","2.95114944492","0"
"CYkyF6M2ex4LdMzDd55t9K2gUKkh59oSiUA7fRYGU3fN","2d611R4pH67PTDy4aKVg3rr6gzAB3YTpCw3QDujNxrYk","","EMBERINU","2026-09-11T13:18:17.0000000+00:00","17.44528","12-24h","holders","ZEC","231.9301108836907","0","1","False","False","1789132696","0","0","0"
"CYoS6NBYLteA7i8LS7TgWRttMowQppAs3weBJx6jownm","DdK3tmqo2331B2BqM1dsFHxcmyxhLxF1GeYgG9q9HF5t","","FLAMETHROW","2026-09-11T11:34:11.0000000+00:00","19.18028","12-24h","keep","SPCXx","4019.358609967992","0","1","False","False","1789126450","0","0","0"
"Cz5VnCYJsVMYicpprEmhSRybbJgvMjejM43i4TpXB2eJ","8gJ3Xk4frsGi5sCCqGKs2bmXwzPHiiexoyiQdsgaadVX","","EMBERCAT","2026-09-09T23:34:17.0000000+00:00","55.17861","48h+","lotto","ZEC","215.52797700656635","0.18730700507546644","0","False","False","1789085104","0.0056192101522639926","137.15120033620966","105.24707713169195"
"CzCzXNJKMKiPjvobXny8QfNijFgiwZ5eo53hzeXbeHfz","7gVai1LGcfN3pEiRrtDfdR64gnedavYSZSGa4pCGu1Vm","","LIVES","2026-09-11T13:29:29.0000000+00:00","17.25861","12-24h","holders","NVDAx","3961.5776072902772","0","1","False","False","1789133368","0","0","0"
"CZpAGcgeRd2k77Yww4gY41CkA9FfxZNpSziQofpiZyji","CL8EkF3kpdUh2aCrTHdgoFTPSoopV2rwb2JPRELdVSa3","","EMD","2026-09-11T13:40:07.0000000+00:00","17.08139","12-24h","keep","EMBER","2321.9216305230498","622.4478645755299","8","False","False","1789134026","12.448957291510597","20.0724506049181","16.28699733655841"
"CzQgwHG9koZWiZWwkXyN3UNwjtTYLGFJ7kCojy6QkJRr","BsGXg58WRw1aN8pCuMtK9QcaCJYx435NyjRFJymvT33x","","TOLYEMBER","2026-09-11T14:01:30.0000000+00:00","16.725","12-24h","keep","EMBER","2017.7331282397154","0","1","False","False","1789135286","0","0","0"
"D1FBKUjGJ4JZJJGH7RiPrdgvWX2RLzwHz7kmqG59Hw6c","6UNMmvbj4jpo5Yavo6r2KsknYhAPDG34jBns6pbFCuhF","","GEGG","2026-09-11T18:45:05.0000000+00:00","11.99861","06-12h","holders","GLDx","4001.256013695029","15025.203940197343","9","False","False","1789152330","300.50407880394687","300.50407880394687","240.09715182867365"
"D2ynnDV1y3s1ccNWzE4i9TP3xL1snL8UN4Rv3PnpYRNo","EQDukdJ8AHT5kwPAZwuKNFJhqDu1Ndqf6ThuvKFuUBKL","","FADE","2026-09-12T05:00:12.0000000+00:00","1.74667","00-06h","holders","EMBER","4830.618556530259","0","1","False","False","1789189210","0","0","0"
"D42vDGsrZHV7qfP1QrYsXHcE41GtdmnyUA723CPiPtPi","CE479ZHAvB7nA6vtuJEE6q8pWRzReaWpDCw39ppnKuX4","","GIGA","2026-09-11T17:40:00.0000000+00:00","13.08333","12-24h","holders","EMBER","2289.14760116515","157.0730873368138","12","False","False","1789150200","3.1414617467362764","4.392565716603199","0"
"D5g2kQRnJTLSMHNDQDJL3w6A95bgfJC335MxKdM7qwwj","6hxTjAHZTmwr8bthxrgQZegN71qJUqvWu4TA8K8v3G8q","","FLEMBER","2026-09-11T16:56:28.0000000+00:00","13.80889","12-24h","keep","FARTCOIN","3873.1135161655716","0","1","False","False","1789145784","0","0","0"
"D6KvXaZbWXBpUU7M5FVLGYpRz9q8KGEiNHBaUo3Z9cfw","AWcT3ZXiNUq8guuHiSPNpRbmD8LEzT9Pnm2K9tbVBpbV","","LEMBER","2026-09-11T11:12:58.0000000+00:00","19.53389","12-24h","dip","EMBER","2590.2513916277544","0","1","False","False","1789125174","0","0","0"
"D6uShX4iEW8ryw3fAWwCLxw8dAuJY9r6xpk3QGZoJyG5","E6sthR8PeofwvCJsh4XS1Z15U3rVftyua88DdH5rShKn","9Qf6XbkN9QfpkGGneF5V3UTk27aEfnf8HLAbJC7SEqVy","CUMET","2026-09-11T12:32:24.0000000+00:00","18.21","12-24h","holders","MET","6350.430226930036","298371.66","3829","True","False","1789194751","2983.7165999999997","2983.7165999999997","1241.5292285940072"
"D75KtdgF7eouvFWjs2xDKRNPYJ5dRzUKg8pSuthMZUN1","6pKDcNVFtKmjcC7WsU3cYNEgXdhxB4KgKLDuv2vuMJhG","3wRxFYSpAG941xTatfyh4G54RThikVRenB7ggzTKfJCv","LILMET","2026-09-11T12:07:45.0000000+00:00","18.62083","12-24h","holders","MET","3375.8006724517077","142392.55233961804","1941","True","False","1789194804","1423.9255233961803","1423.9255233961803","578.184619535562"
"D7z6aDDu6yQWv1oVGTstUao9mhrnSZ6Go65kdty9SSJ2","GHuJb5eXCqp87ooJrCB1M8BL5TmTmLndM7ZQv1CLYuMu","","EMBER","2026-09-11T12:47:39.0000000+00:00","17.95583","12-24h","keep","EMBER","2261.2087532825767","1043.4623493827671","31","False","False","1789133120","20.86924698765534","29.44544763434169","23.556358101914494"
"D8NB9FiPxcLUvY1L5NuPdogfBUtwtNipHSaNTdkCZYC6","CPrfDdtzVTGfEhyphMH2jVoYzKsrTJAYR3izCPEKh3DB","","REBME","2026-09-11T13:10:40.0000000+00:00","17.57222","12-24h","holders","EMBER","2455.0107794700552","13.517270369100002","9","False","False","1789161823","0.405518111073","5.237021205","0"
"D96jMbfXtLJGerq2ihXYAbFAK21XhqkxmrpBQj3seGkf","jydzP7uSiQp1xERSUoZCRWT3n9hLvZak3AE27kMsE3j","","EMWIFHAT","2026-09-11T15:45:18.0000000+00:00","14.995","12-24h","keep","EMBER","2022.7436676244167","0","1","False","False","1789141514","0","0","0"
"D9n12gbBSZdG6qqNBTPyBUZRHFG4M7RgG3LKbhe3HF5y","2pHPU9WevGRGUPisf8no7EFAA5x54QLAgY76XfG7b9hh","","EMBERPCS","2026-09-11T13:22:53.0000000+00:00","17.36861","12-24h","holders","EMBER","2343.6372494938782","0.24904727231000431","17","False","False","1789139626","0.007471418169300129","27.83977092068452","22.2718167204964"
"DaBf1SiQEgofA8ihnWBYeBuyAJ6DPVun86f2pLkxQPWY","JK19AYrFwqxfhKxYyzURuWr9XL6kmfJGns92nJ7fKZE","","SEPT","2026-09-11T11:39:21.0000000+00:00","19.09417","12-24h","holders","EMBER","1720.0160928419311","347.78784774401265","2","False","False","1789127640","3.4778784774401266","152.77864548049087","120.35969435029298"
"DaFwCSWaKJc5UnhmgHsWRWHjYM3Xt4v66AawER1fcZty","DWgHuNv4MC5uugERmzpXQS5rywuKZ8VtQ8Hxjj6GNbWE","","SOJU","2026-09-09T22:47:38.0000000+00:00","55.95611","48h+","keep","TSLAx","4563.313174811103","0","0","False","False","0","0","47.32121044549512","37.85646113858854"
"Db5y4yED9xaaGSTtEJzvZrbmsrmS2jm1HcWzmpFPYvWD","4gvyqgpmj6zsynLhaPiGAsUoTXutawQA4KVoA7QXUERa","","GROK5","2026-09-11T11:49:49.0000000+00:00","18.91972","12-24h","holders","SPCXx","4016.7940642592675","412.4675743150779","11","False","False","1789127387","8.249351486301558","8.249351486301558","0"
"Db8oq5iJRJXqUr3sE864peDMxubN5UcCz4p2EH2WpcqJ","4TnmJDPNPad4VnRKegejoqkqtQkQo7jhhqks3f2pE4eT","","EMBERCOIN","2026-09-11T12:07:55.0000000+00:00","18.61806","12-24h","holders","MET","3263.0527740948464","356.01824991689597","6","False","False","1789128547","7.120364998337919","11.002237361999999","0"
"dBexYLkKvUk1T2qfUGbP2ZPJwtCAzXXUWV24vG6bjQz","4n2jirLKL94YAJnKiumQGF3FbGFEQ1u6NXNtCnUDBfuy","","FLAMECOIN","2026-09-09T22:54:12.0000000+00:00","55.84667","48h+","holders","USOon","4449.252578805628","10.27674626429962","0","False","False","0","0.1027674626429962","0.1027674626429962","0"
"DBp1NawAkm5KHkJFVAea8V4JJ1v1Ei3h9qxYzM2SBD13","57xG9J1g95xMfeVjPoSBPrsVTvX8VJvJMr4iqT2pBYRo","","PWN3","2026-09-11T19:50:26.0000000+00:00","10.90944","06-12h","holders","MET","3374.7344093071038","0","1","False","False","1789156224","0","0","0"
"DBxH5isgFnok4VRYVrpW9FRSwvu2TwTGq6iHfdwgZHoe","9LUcRHGLNXXFn2biXdxxGwZdWSFZy3hTeZvXNQM5Yzgt","","GPUCAT","2026-09-09T23:50:26.0000000+00:00","54.90944","48h+","keep","NVDAx","3924.716289911033","0","0","False","False","0","0","0.6388984301898479","0.11985586459758908"
"DCEt3AjD2zymb1etrAuyQVU9heV3799tjTLG2dMmtB1m","B5qS5UrVcBfm2fA3eCemUTpeANGjkkVQxVth14ARDQXK","","HOSHI","2026-09-12T03:40:04.0000000+00:00","3.08222","00-06h","keep","EMBER","5018.5111479665675","1043.44530059349","11","False","False","1789185912","20.8689060118698","20.8689060118698","31.724962179442635"
"DCX4KKQAarACePkVb2J5A5gAYY5u3YBAg6pQvcQqNq6Y","BW1XTbWyeZMhvJn7aMTy4ePjFumCY1cG7tA8nCqK1MTg","","EMBERCIA","2026-09-11T14:00:33.0000000+00:00","16.74083","12-24h","holders","EMBER","1972.085129426503","7.738715423","2","False","False","1789135460","0.15477430846","0.31395218922664003","0.22249332652484"
"dCxr45QoBeNpemm53VQpfqaP7bKhKLSARhGQmpsUaD2","4EC42TXWjhLe3uDvmVcEgbgruGXX4gLwa8qrpTdNS1Tq","","SWOLECAT","2026-09-09T23:55:44.0000000+00:00","54.82111","48h+","keep","CASHCAT","4040.9020984564486","0","0","False","False","0","0","27.917455516494314","22.33396441223722"
"DdMWPU36KZ1NUiVeZ2CHqwSNX5MD5zKCLtVpmoioV2Sa","A9mw8yRNazG4pNH6uGoiT4i6AXGUiYqF7JtvxcSYWpq7","","JSON","2026-09-11T08:24:04.0000000+00:00","22.34889","12-24h","holders","TTWO","3939.5211092597565","0","1","False","False","1789115042","0","0","0"
"DdueoCV6HFGMvA71k5DBhCr35xVopdN3f5TpvfrsPyzd","AvdcBiV9rLPJqf1AdLo3J51epaJxUMYADjGFuEhHanmX","","RDOG","2026-09-10T23:30:20.0000000+00:00","31.24444","24-48h","keep","HOODx","4047.671069502812","0","0","False","False","1789083112","0","112.39265928322854","89.3820397741069"
"DE2pXYgP7NFqLddLX1TwNYwCfvtKMet9YMXHQtEAQm13","7CW9HcPtgadXWi23WWwooQm8EfWnVLFNFn34s8kR5PBJ","","STONKCAT","2026-09-10T00:56:40.0000000+00:00","53.80556","48h+","holders","MET","4369.887841528147","0","0","False","False","1789001798","0","0","0"
"DE4xvwwHZvHbkT3n8KQkTAg5aEFXFSppKf3vCaQazzZk","AtXQFJkVF9GwaQnde2p4QtexH3Q3bib3hH84Tpjh69K9","","NOTFINE","2026-09-11T16:06:47.0000000+00:00","14.63694","12-24h","holders","NVDAx","3982.2615224796036","491.2204173544539","7","False","False","1789142939","9.824408347089078","9.824408347089078","5.9338545182118"
"DepmQa9FB2PsfaGfvAU7P3HkcvWxLh6B8b5cQnonfBv9","GbhABMam31LfemRrbeoDUgL4KavWjgMWgumaM4tGGefw","","EMBERHEARD","2026-09-11T08:39:45.0000000+00:00","22.0875","12-24h","holders","EMBER","8042.346045552524","74.23214197982001","5","False","False","1789148967","1.4846428395964002","2.2923211198932","0"
"DeQ5FxFjijCzJXM4H6TcgktKeWKBwXWdQS8xSR74Y7B1","FdAemHUHK7B76JrTcLFbQa7RGykNMz8f2yuKZKgcNyPS","","EMBI","2026-09-10T00:14:32.0000000+00:00","54.50778","48h+","keep","MET","4365.647290485806","0","0","False","False","1789000710","0","7.856355221253","6.285083931126"
"DEVfEpoZoZRrpTeAiAEZD7hrcudghMuoVYqeZ8YcCLC7","8RXNeNYZ96W57cr1y4CdxURRKkfXws1ZJPGnwoxDKsqq","","BONFIRE","2026-09-11T11:59:34.0000000+00:00","18.75722","12-24h","holders","EMBER","1702.717443816877","174.09414821133208","4","False","False","1789128117","1.740941482113321","7.932075317416898","0"
"DevUjQ683Q6PdRzmXnUtdyJSwnondvqtAMhTJMnm9Soh","HApVS7FbzTDr1CuChkYUrAoWSDcbNpUm5dbETLRDTjVu","","DEC","2026-09-11T11:32:59.0000000+00:00","19.20028","12-24h","keep","EMBER","2302.842971396669","158.97845190949093","2","False","False","1789126522","3.1795690381898187","8.041586054539339","6.4167531414751995"
"DEwHixc1RjjT8VtNJkv4oSaRfh3hf2qvLeVzvRar3C5d","4G3V7b8T4fVLib7WUKdcTQrnKk9f6Dqn4wEeZGC5BEWD","","FLAMECAT","2026-09-10T00:03:49.0000000+00:00","54.68639","48h+","holders","MET","4433.892481573633","83.64698950220199","9","False","False","1789144190","1.6729397900440397","22.375726128874998","20.736203768917"
"DF8Ti9sCPwijQPzMzXAoPx4Z8SeziedCxnL5Ms2SJtwX","Hn9kaRfmCf6j4aCagRybqxpt9v4d63N4Q1WETZVQ8dsm","","SLOP","2026-09-09T23:57:43.0000000+00:00","54.78806","48h+","holders","NVDAx","3922.261038546997","0","0","False","False","0","0","0","0"
"DfHoHqb9zgUiNyqFRm7tuSjZsmMSsVQi8LCQFaC9e2oF","5cK248akk3ERoNWvUbaUgitybksZrKhnsEPABRUb8QrH","","FJ","2026-09-11T13:24:34.0000000+00:00","17.34056","12-24h","holders","EMBER","2351.9907650658542","24.9424960327","2","False","False","1789133429","0.498849920654","0.6881101946036999","0.430274094726096"
"DfMgiZtxrVsgU9XKCpHFBNoBLTpUrW2q84oM21vrkCj7","9r37apquA7J9kSS1sogTvhTGbF49BN2b2mfwXkqaHhmC","","GAS","2026-09-09T23:12:44.0000000+00:00","55.53778","48h+","keep","MET","4542.915546403352","0","0","False","False","0","0","29.334817453788","23.467853717154"
"DfpLDXsPCYVpGpm3H3GWGjsJvnwiYQjp4cqYQnAGbSGB","HQwWtzxzSgRMy5sJMsYxX62Yv9Uo1EKBkYkZYkrbQzM5","","RAIN","2026-09-11T23:42:20.0000000+00:00","7.04444","06-12h","keep","EMBER","6140.315630736041","934.0685512351738","11","False","False","1789171939","18.681371024703477","18.681371024703477","9.58115859430368"
"DFrpLb9vb3VdvrkoS1sSgha5L3tnnADWgNN1tfXDrhyx","Dmjezvbmc4URgT8yUu6r2pABnBwfwiGm7nEwNfTTYFBY","","CHARM","2026-09-11T11:37:24.0000000+00:00","19.12667","12-24h","holders","EMBER","1959.5900737146787","246.80019285879678","9","False","False","1789126646","4.936003857175935","9.54495373989502","0"
"DFvbXcNnCvaBnJrL2rjCgdvrpStDuCZg6yGFSd6P2mVF","BrSHWGsnzyjTmvRqzuE2uNQhWkbdhvP82GiY5SXh285","","METBALL","2026-09-09T23:37:18.0000000+00:00","55.12833","48h+","lotto","MET","4497.359772396994","3.2826447091786664","0","False","False","1789085303","0.09847934127535998","57.691180278909","39.570284605467"
"Dg5BhSQtCGQEitQg1Q5KNtmrvmbqn82NLogWV1u5oznd","2eaQZHURuKJL68qo3Novhg4RvsBXNccfCWeCiBTt69Vz","","REBME","2026-09-11T08:02:06.0000000+00:00","22.715","12-24h","holders","EMBER","9870.175353655195","40.43413080298002","66","False","False","1789165812","0.8086826160596005","0.9723463861675199","0.46878069308623"
"Dg7rKX3jSuGo9PxsSqVdfiJm34M3bwNYhGmma5vkTNwN","5APk8xdDfGqKJqhrNvVs3H8U2YbnZoZ5hQ9StPLYqfRe","","MILKY","2026-09-11T15:50:22.0000000+00:00","14.91056","12-24h","holders","MET","3353.241086330774","6394.482100989258","89","False","False","1789145838","191.83446302967772","234.32484734545898","178.909402746112"
"Dg8tXrP995woQWeM6KQib7LPrggwDkTirprVcvMNEPaT","FfdrhPeLpKkoprNFcFbrSWieMCjrUzHj5ehersKHZFPK","","SOL5","2026-09-11T17:32:15.0000000+00:00","13.2125","12-24h","keep","NVDAx","3996.581420855121","0","1","False","False","1789147934","0","0","0"
"Dgp2X8Gp7sQPgY8nznKkzgNbT474Tuzrqhw5SRgaXG6s","9rKCgrgVp7rH9dVznkBKv5Qzx1QGZbp75oZgFjyWrfgv","","CAYENNE","2026-09-11T11:53:22.0000000+00:00","18.86056","12-24h","holders","MCDx","4034.691948347707","45.05936800273955","3","False","False","1789128728","0.9011873600547909","0.9011873600547909","0"
"DgzzQdiquXmDd79Z7CKVJsBN8c8UCWJt4Vx74AYALnqZ","D6wj4swZsccfmRsB3Zearo3o4fCE3ePNvGzETraEQ2Ns","","MEAT","2026-09-09T23:30:49.0000000+00:00","55.23639","48h+","holders","MET","4535.080170310828","0","0","False","False","0","0","78.800024754409","62.063431614492"
"Dh44xosCsxt79G3gVX26GvHFvZpTmhr4xcu9PtnPZKDL","HKQgux9QwTmJ4LRzQxSYDEhyNPRsXnYYYX8pRxcE4gpd","","METSUMI","2026-09-10T00:47:26.0000000+00:00","53.95944","48h+","holders","MET","4352.7607549378345","15056.244575887098","266","False","False","1789169180","301.12489151774196","301.12489151774196","222.20469337962962"
"DHgYdCCzK75H7Sg4kYFGFgzamsxFu1SMw7mbmN1MQrwx","5Bhs4wQQz96gicaMibGg3bfN6k5i6RARYou6MpsteGmF","","ZAZU","2026-09-11T15:25:42.0000000+00:00","15.32167","12-24h","keep","EMBER","1978.665165548608","0","1","False","False","1789140340","0","0","0"
"Di8WWfRGjGCGyR7ntQsjmyyMEv2b9H248Ym3bTFfCqEG","9iTGuqxhjXqqfsxviwh2a4qe7GAoNZYqKJ2VA44CE2vU","","GMBR","2026-09-11T15:10:04.0000000+00:00","15.58222","12-24h","holders","EMBER","1963.7877320869577","5.3006","2","False","False","1789139416","0.053006","0.053006","0"
"DiK8gEcV1gggkjTEfBDjMTmPjD1FeEJsYrfpbMxdQY1h","GqhgZSsd9S7HAWRS6q9oPNMRpq3EGLfnGeJvrhatLdMc","","TRUMPCAT","2026-09-11T15:01:56.0000000+00:00","15.71778","12-24h","keep","TRUMP","3903.5181681972654","0.3991138989808","3","False","False","1789143169","0.003991138989807999","0.003991138989807999","0"
"DJ5Pe27RUjvfPm182VsRCGA2ZvYZc6FjKesqbRnghTeE","D72LHxXSudMpJfKs6xTVqj7Aoym4THgueHGTmyUwy94A","","EM","2026-09-11T14:07:22.0000000+00:00","16.62722","12-24h","holders","MET","3373.1318279655134","0","1","False","False","1789135641","0","0","0"
"DJ9CoStraamjBJ5e8rdR92CmBQWhNTb5Rnp9RmY6yQZN","GrhfWrRFL9bjhGjxVi2C1vDrfTXtK3agDxmw2eD86m1w","","M3M3","2026-09-09T23:59:12.0000000+00:00","54.76333","48h+","holders","MET","4278.4589018030665","0","0","False","False","0","0","170.59198679684698","136.473588658869"
"DJDETP4ciYPU8PewQtBLL6qjdBBk7g2VVDvszTFMhbVf","Fv65cE1p7MrWngMJ9PwzpkFuMmBmpTH6KwTU1PnJb9mZ","","OPEN","2026-09-12T05:02:13.0000000+00:00","1.71306","00-06h","keep","EMBER","4954.459276776404","243.07774530794515","5","False","False","1789191133","4.8615549061589025","4.8615549061589025","4.5279498914214695"
"DjmQUwGqqxbCGuhgTTWLtBgDehi4JeAVPgPvshg2q6fS","AoC7qndv6eE7zCbYodhLfzLNovKksH1gCwRornoUFviu","","FLAMETHROW","2026-09-11T11:31:30.0000000+00:00","19.225","12-24h","holders","EMBER","2340.2234621046223","529.2288761683369","8","False","False","1789126348","5.292288761683369","23.377748105025198","18.70219848402016"
"DJXVRYB1Z37k1XuNWqQyNocdURmX75CPmvLqbKkG6pU8","7GutJJoxR4hadtXAavnsSJNRsseeTdEcxgwVLcmYx1pv","","AURA","2026-09-12T04:11:57.0000000+00:00","2.55083","00-06h","keep","MET","4058.7951168915256","0","1","False","False","1789186315","0","0","0"
"Dk9shbyv9C7E6aYAmbDreVrF3FwqvahGMXzeVMoi6u6m","56nL7gnK28ATjoQGbnea4G1bVH4JxuSPo4ikpn4ReT6A","","BANJO","2026-09-11T18:42:11.0000000+00:00","12.04694","12-24h","holders","EMBER","2240.8879474992227","0","1","False","False","1789152127","0","0","0"
"DkbLW6uRz2ZwKAu5M8Mt7FPfijuZNAXAZoTEDBeLb3i1","8DCdx7XXze8pGa5qWnxnoB3uR3TaRSkLH57PbVjURSW7","","HMC","2026-09-10T00:23:11.0000000+00:00","54.36361","48h+","holders","MET","4332.016883771958","0","0","False","False","1789002110","0","277.078668035035","221.66752942199102"
"DkCfRS1qugL7dJ2ZVGEP3mECT1t2RkHHphLz2M8Q57WA","HjtHHVo3MmmQEfZ7vBCiHoHyt697ZJvGND1ryd2QHveQ","","ICE","2026-09-12T03:37:45.0000000+00:00","3.12083","00-06h","holders","EMBER","4979.315110067201","916.3126751452438","13","False","False","1789185689","27.489380254357314","27.489380254357314","85.78985278941823"
"DkEXn2RyWLHZ4iqPGaP3ayWyF4nj2rtFW5JQX7twpWhu","5e7wUjTWnqck8bCNca2RjC8YnnV5zr5Cky23ymbTmTRM","","911","2026-09-11T19:54:02.0000000+00:00","10.84944","06-12h","holders","MET","3389.974727262825","0","1","False","False","1789156439","0","0","0"
"DKix6qFby7cheejJFwQuuc5vXASdJgtceaurkt5LEmJh","GZnbpeuNW35UvB3qaeqYLvPTcF1jun9UXBcWZdfKzJXF","","BANJO","2026-09-11T18:37:48.0000000+00:00","12.12","12-24h","holders","EMBER","2171.7865865499443","38.3775826255","2","False","False","1789151901","0.76755165251","1.41236298297122","0.7730780283598842"
"DKpBxkJj7m5x981HhdpWhCWXW3VQTN1oSxGRWco2UEFM","iNjV2JhB1wnWUBVm6TGmwQr5NNUNqGkTRxMmsfkVDcB","","ICE","2026-09-11T12:38:19.0000000+00:00","18.11139","12-24h","holders","EMBER","2177.8030154283383","149.2674402820694","6","False","False","1789130352","2.985348805641388","4.34824453698908","0"
"DKrPvTRMv6P8JiDJ4EeLe5nYkRxqEs4iXYgDts6GEQcz","FY3rc3YYqqaaFLd7goCYnKJcxt9cPdxFBC8qqrd5o7MY","","CATDET","2026-09-11T07:21:08.0000000+00:00","23.39778","12-24h","holders","JUP","4188.195017291516","203.0871342332","4","False","False","1789137706","4.061742684664","4.061742684664","0"
"Dkyu5F7j7ZSRqKbhx5ViYk3YicL7pgZCGsCVo43DfQ3n","83QWhNnTinJznrTSixjJJgkMizeG3zioUy9TQrvsXexy","","BINGWU","2026-09-11T12:25:38.0000000+00:00","18.32278","12-24h","keep","EMBER","1768.0166191293445","258.65977244727924","6","False","False","1789129578","5.1731954489455845","15.86703670419951","12.7869099791451"
"DLhgZE6dRSuonArcxR3ng2B8BBcRidyhXYdo2f4kzroz","4ytPtc7xPHs6rH2HijdLEa1HRpcwWSkRFUNaQmVMUYU1","","AGAIN","2026-09-11T23:46:53.0000000+00:00","6.96861","06-12h","holders","MET","3767.719341616749","1240.9697304002243","31","False","False","1789172213","24.819394608004487","24.819394608004487","15.411010114151"
"DLyCvPoSBVqQs2Q32T4YeSD3ZRTtZ1fDtRqfBonV1KNS","DCDBczeUP2QnhQomj8rDGso62KG4QQe9taeRNjKSXpNJ","","EMBEAR","2026-09-11T08:05:53.0000000+00:00","22.65194","12-24h","holders","EMBER","9101.115007924223","45.496973153889996","5","False","False","1789149193","1.3649091946166998","2.1305474336869903","0"
"Dm1hwjXTDbvuGHgnXbAk9TMEFsbyVFMVnA1KWZGy5es9","6CH9DC9QsABdk9BWP3HhRAVFWzEy9rJHCw466cbU8jjS","","RANGE","2026-09-11T11:11:59.0000000+00:00","19.55028","12-24h","holders","MET","3448.899821395287","156.180981304642","2","False","False","1789127679","1.56180981304642","1.56180981304642","0"
"Dm9vBk3wGNrRz8kUAfgT5FAfhpnd9TuAVVc479EqM1HK","C3bP3zpcqTPwQHHaRGGiNSK9wzCUWosdacc3WKM2UmcC","","METNANA","2026-09-10T00:17:28.0000000+00:00","54.45889","48h+","keep","MET","4378.393705652901","0","0","False","False","1788999446","0","0","0"
"DmDRCYtxB25vt6ZqYhdj262uMwcH1cJb2KHXZMgB8Au7","71WDAhwhMei9a3gbDm6mcG8Y71oqJbwCQoJk6BN5hgmp","","LPARMY","2026-09-10T00:17:12.0000000+00:00","54.46333","48h+","holders","MET","4378.393705652901","0","0","False","False","1788999430","0","0","0"
"DMHAQkirzSY8PX6JDZ3BH2ViKP79pdjQ93RcEuNXZMzh","FpCVhNuQmM3phgvMZwKpx23Au4ArSYcKHARQF5W8nXQK","","PLUM","2026-09-10T03:30:57.0000000+00:00","51.23417","48h+","holders","MET","4434.499291605321","0","0","False","False","1789011054","0","0","0"
"DNfJCJcmoqZiHnvhEpmQPnoRVgvUDN2h539D6E5vRBDk","2fhymsN8H6FaoSuPVnAsnYLRgMRWYMQ4ddSx3EA4owPN","","MOCKJUP","2026-09-09T23:30:29.0000000+00:00","55.24194","48h+","holders","MET","4541.578924479915","0.011260263999999999","0","False","False","1789031359","0.00022520528","488.322974119788","390.087071082555"
"DnnUbqmg7SyitFoPymWD9sE1xTEEmjF8EUHYkBxc2z7S","DXvQdQySATKYESVv6pGCGuJ6haZxQ3sZrd8UHQVuwmza","","METSUMI","2026-09-11T08:31:54.0000000+00:00","22.21833","12-24h","burn","MET","3626.3784609093645","52.175054302528004","5","False","False","1789169153","0.52175054302528","0.52175054302528","0.21312365814599998"
"DnqaReo4exDQPP8tLd3hg2Qm6uLcNnaVoXyXMtu8dJN9","BQNRsX3Vdj1rKzerRKMTfZ7gWzp8K5tybQzN3XKsBZqJ","","GMET","2026-09-11T11:55:52.0000000+00:00","18.81889","12-24h","keep","MET","3225.883366891466","0","0","False","False","0","0","0","0"
"Dntg71Mjqg94vEVCA6y134qUPcQp3Pe7d8XtbEdSkkYk","C7LiCC7dnDF7XpurnJRtJpXv46Dtm2KN9YMFh1ZiGWUh","","UBI","2026-09-12T00:45:56.0000000+00:00","5.98444","00-06h","holders","DJT","3976.1705682753054","0","1","False","False","1789173954","0","0","0"
"DNu2SJshnuZL57VJBahY75sA4WJGEczSXJm7V3qJePZJ","HVEohejNHPP9PXTZay8rDwM5SM5SaNz9vKb6aBBCwKPM","","FIREBASE","2026-09-11T11:39:28.0000000+00:00","19.09222","12-24h","holders","GOOGLx","4056.4402530151356","2929.797765899825","29","False","False","1789169160","58.595955317996506","58.595955317996506","34.991854544003736"
"DNv4xL5b6ASYczEaTYC54kpUUVnhtGcvu3sE6g23yXKs","781WeMyGBB79RpcyNb7Cf3oe33zwymXWDMqxcybonffZ","","BUCK","2026-09-11T16:36:49.0000000+00:00","14.13639","12-24h","holders","GMEx","4013.58991276783","23.283671516896245","4","False","False","1789178067","0.6985101455068873","0.6985101455068873","0.4533642517402161"
"DnvbUGxbq5NB1Ac6JeZcVTvqBpSsjjrXLQezJ6dr5XtM","ArtWiPDqYxtYpkDrtsZTZkKZtpkgqdtXnFdRvT9Ek7zZ","","METEOR","2026-09-10T01:09:23.0000000+00:00","53.59361","48h+","holders","MET","4386.932747242775","0","0","False","False","1789002630","0","4.6948567693","3.767605671291"
"DNWHbQ18pMrb9tQpYE1aQhYVQPyVcmg9VtDjiLNfBsCe","Gf29MfNrDoHUshsjQcnM4cVdGCTvZfXG3ueygTU2f6cF","","MEMBER","2026-09-11T12:59:37.0000000+00:00","17.75639","12-24h","split","EMBER","1963.377578383599","0","1","False","False","1789131575","0","0","0"
"DnZ6VnHNgqCWJfm3QwVdYDUfS5VfawNDWBWQ35YQrVSL","FMqCELAaQF28QMwisjAnC6CRRGBNCDWbXmy1DKxDomr8","","PIECAT","2026-09-11T19:28:59.0000000+00:00","11.26694","06-12h","holders","JUP","4198.338820448305","12704.378228265401","187","False","False","1789167512","127.04378228265402","127.04378228265402","83.853963219403"
"Do6ZCyjPNudpUbtatBLU8WMsFa1yozLcfkSVHjjBTbN6","68o1wuuo2tK5VmFDUDbJY6bVju7cgZT8FHWmxJqds1ws","","FROG","2026-09-11T12:57:14.0000000+00:00","17.79611","12-24h","keep","HOODx","3877.9464011199625","186.16865915109162","2","False","False","1789131471","3.7233731830218324","6.14829585800092","4.9186360143557"
"DoRvLGs1HYrYTMUHSuYkFGUGwzxo7oZBGpK6SeRch3HZ","iA41yAGvrvyYizv5Vx6AA7VvnVocyWzAJFq453XyKuE","","GOUR","2026-09-09T23:43:27.0000000+00:00","55.02583","48h+","holders","MET","4393.358918235994","0","0","False","False","0","0","31.547581500896996","25.238065036800002"
"DP1oGEjoAD79g5azmPAx4Nyx9hPyKseEWe2q72efuJMz","hjjX3S224pR3HtVPuDbZ6g9VcYkUTSBBFzEoyRuwZdq","","SPIRIT","2026-09-11T15:12:11.0000000+00:00","15.54694","12-24h","holders","MU","4004.078409147534","0","1","False","False","1789139526","0","0","0"
"DPXptoGYi4nqZMULNeG4eTTwinPqiKtyvVVZGs9gKhS2","BohPutconQdhXXG9oexsLGReSCuztkU2X3VBG2kareFB","","AMBER","2026-09-11T13:19:18.0000000+00:00","17.42833","12-24h","holders","EMBER","2246.3079139304537","55.228086570260004","3","False","False","1789132765","1.1045617314052","1.5314789078146271","0.95276860508904"
"DQ2mzkcaBiy6U1LUbS6w8uZkyshTTvQNSaYp8gs16UcA","8AKz8dx7MzMo12g19kcNiExbqhh8aC6cstYstoyYZJUA","","EMBULL","2026-09-11T11:35:10.0000000+00:00","19.16389","12-24h","keep","EMBER","2161.5293280455844","0","1","False","False","1789126504","0","0","0"
"Dq8zoXLsJnUHU81QQKkGfc46JDKuqPswjwBym5zHYzuv","7AVGD5fNBPdVS6vDxShmYjaEVyDsiN9LDvnEB69M3Ros","","DISASTER","2026-09-11T11:56:53.0000000+00:00","18.80194","12-24h","keep","EMBER","1664.4595221917189","0","0","False","False","0","0","0","0"
"DQBuuA2xz4f3PKwTWWnFqrMtBYKsSfTWWF9bwrf6tgJy","7m6JVuh92By88hQ5jHdFY4r6Pydw8sxZtK1htvP1MVPf","","EMBERGUY","2026-09-11T12:00:38.0000000+00:00","18.73944","12-24h","holders","EMBER","1701.9650997775277","54.59924064439","2","False","False","1789174784","1.0919848128878","1.2925341970528","0.781739904015092"
"DqTYbnJJsVNF4zdyPqX7PpipqN56gEqMvvcoLzWwQ169","Ejt666CcxTCus8rqSn6yXTEaLEVr3oHfkuBmM3anjoiq","","LINE","2026-09-11T12:22:29.0000000+00:00","18.37528","12-24h","holders","KOx","4003.5435645998245","632.6187737996282","11","False","False","1789129519","18.978563213988846","30.657700721671084","24.52616003854623"
"DqYVPuE8cKayCMEaxifEM3vhfFaYvujq4fH6HwXziVJ2","2oFWWWpwP5dTjXVszbMpLy8U3QVfYAFkqpNnbvxN5fuw","","HEARD","2026-09-11T13:02:07.0000000+00:00","17.71472","12-24h","holders","EMBER","2567.6002387096155","11918.184751851773","352","False","False","1789167617","238.36369503703548","502.0314950365923","406.4848492174763"
"DR2U8d5Tv6jMSr5e28mFetKNvF5icXBgNrancndJxgWy","7NxzJoKsKTZecQxLcX4TioX6QjXGEJrH6Ws7qdYBBCyu","","FRIES","2026-09-11T11:50:27.0000000+00:00","18.90917","12-24h","keep","MCDx","3959.5036549315023","0","1","False","False","1789127421","0","0","0"
"Dr4UMYUc3AjtgyUQopue7AMmzT9YB5Dbrd715r9svuGi","Fkm6hxWsxMj7bxjLWowApcLf9pf2gzbvjyNtuRTfPHtc","","USA","2026-09-10T10:14:29.0000000+00:00","44.50861","24-48h","holders","SPYx","4009.344307438513","0","0","False","False","1789035267","0","0","0"
"DrHDtqteS5jSDjd7bi8WkJHhqbMpYX8ZGpnt9aeYaris","GAVS4Afm7ebgGRphnftNShQ2KSfS4jwoYy9HGpMo8Na3","","GMET","2026-09-11T11:52:53.0000000+00:00","18.86861","12-24h","holders","MET","3228.335364934906","1009.5562507435511","15","False","False","1789158798","20.191125014871023","25.559488558976003","14.005654807408"
"DrhzJXwSEoJhoqY1c96B4Tt6JaxtxLYD1Xhx1RnsRrB4","GmbSHfzhgvx2uUgeX1V5LWSUkDmoihomn1yHvyiCQBqd","","COKE","2026-09-11T12:15:19.0000000+00:00","18.49472","12-24h","keep","EMBER","1912.2996558203815","96.8723814660594","3","False","False","1789128938","1.937447629321188","3.5219542426545005","2.817563365476"
"DRpcg1aYWPmFEVi1FeoeZSnPBjDHbLEMD2agRwTYAnw2","CjHusEiknPgzAvaMPmbJXPz8MQkDGk8kEd4qY1UVZvLt","","METEMBER","2026-09-10T04:04:03.0000000+00:00","50.6825","48h+","holders","MET","4452.0530248621335","0","0","False","False","1789013041","0","0","0"
"DSqdh6CWHi1dy6SEwJKsF9Ep6tWDDRk4o7bipHcMLrRm","GEu88LZFEWA6iucW3szS3eBi8yv2Xv5AatEu65YzfaWv","83wbKkKc6TAXy2j5i6qDy74WAh5JecDECkvsLSzj5ki","MEAT","2026-09-09T23:13:25.0000000+00:00","55.52639","48h+","holders","MET","28492.84297984143","375039.27","2833","True","False","1789195500","3750.3927","5420.181858220781","4745.629551140753"
"DsVFeL5xgr1ouCHiAR6wjdQiSjHLiLLybPJ2kz8YThVS","41xtKaPYo8yaJxYqcgyow1KWWfwyHFND9Skg1g8QogSQ","","FEENIX","2026-09-11T15:27:42.0000000+00:00","15.28833","12-24h","holders","EMBER","2042.9510775874005","0","1","False","False","1789140454","0","0","0"
"Dt1eZv4XHZHpV49eWDUn2wrhicwDADUAu6hM95o6XdNM","4ENmwDFYcbAH9BrLFyFzKS5QDtByRrLnFjc9K3frZ4cF","HPRj6LE5GHKEiQkiXnti2SvSjAW6xP1n5nft9JRtzbey","MER","2026-09-11T11:22:55.0000000+00:00","19.36806","12-24h","holders","MET","4537.279934692232","155506.5257417907","967","True","False","1789187971","1555.065257417907","1555.065257417907","835.472608392185"
"DtKjqV96iQtst2VKAYsGVogJcyi66TRB223nVgej4tXx","6TUNwC3HpGcUhLqjy28EHr1LubrwqqFHwDmtEHvPiHvA","","ASHTRAY","2026-09-11T12:13:00.0000000+00:00","18.53333","12-24h","keep","EMBER","1761.2414275789752","0","1","False","False","1789128776","0","0","0"
"DTY1sMQnDtfQcvnbax3N4Hx9b17vdkHuKMnm5oZSPAxS","7mwYBFt1u16WmLbTnoCYJc2A5pGY4B1bnBby8evRi6Eo","","TITTY","2026-09-11T11:54:04.0000000+00:00","18.84889","12-24h","keep","MET","3238.484102867375","250.88703515397208","3","False","False","1789127701","5.017740703079442","12.371220973099998","9.862929247325"
"Dtza3XmHX8qT4VeS1J3HFwQSWQXfAN3oHG7sKddahGPX","Dh5sXf5HaNQT9rHaWqB5i4sS1c3QAZSshBV3e74mWpQ8","","CATRIX","2026-09-11T10:28:20.0000000+00:00","20.27778","12-24h","holders","CASHCAT","4170.650153959744","0","1","False","False","1789122497","0","0","0"
"DU97qKiprjrEQT7dFhLjwpWZWSn7aLEtFjJRz85nYgLw","64seDYMNWd3u8aGHeapbwyazki36ygAzx54ZaUYKkzhP","FdeeZ3q8YPCLa5TaEQ5udhRz6GZKwyEmto9C4pd9e1Nu","HOTAIR","2026-09-11T11:42:18.0000000+00:00","19.045","12-24h","burn","EMBER","3566.2547481497004","38079.08","1216","True","False","1789192601","380.7908","646.8604901996689","518.6933089729482"
"DuFFvMQe7N8ffLwSizRP89KJiJ4WZeZb5jmo76cC8whW","1228qYUHVbfaFDDsiQpwfWN1C33cBSgKxeYGwKPZ1DVA","","MIDORU","2026-09-11T11:25:45.0000000+00:00","19.32083","12-24h","holders","MSFTx","3965.6630444366847","469.07364230641633","4","False","False","1789126039","9.381472846128327","12.3863083914622","0"
"Dunzu6kAQywdyQnhD4LNTjD4weQRPeauMMahCFiNQiCp","G6CaY7qykXf54ouAL6WHuXhEhLUtkVzSAHGpkyhHxWuB","","MM","2026-09-11T11:07:57.0000000+00:00","19.6175","12-24h","keep","MET","3433.6210850663133","0","1","False","False","1789124876","0","0","0"
"DV9fLwZyTX4i8N1Q2s3TSwHscxEqdjWtgnxKnT3EFzq6","686sLBBHgLqbXN8SPhRjaq5KQEWkjrqDZdAMDyDUVQQo","","TSLOT","2026-09-10T01:29:07.0000000+00:00","53.26472","48h+","lotto","TSLAx","3983.722709689886","0","0","False","False","1789095500","0","43.68935134394452","34.12569697905431"
"DVJUcTwgSSu5uuQbarEQ65EZiHYiDC99hMKsejzrsNjP","iD93zvYDJiThaKJ5KH78nnJ3qqbVZpzuHPjJ34CMkPs","","HEATBLAST","2026-09-11T12:03:12.0000000+00:00","18.69667","12-24h","holders","EMBER","1928.8350533106934","2397.368074670705","85","False","False","1789159935","47.9473614934141","246.77463178532446","297.080428317732"
"DvXqe5cvmvmxNvmuY9q3vJze7heLsx8iFxYwL5wSJbwp","6n8rAx9zjtFzcG2vJnMZvW8pNiBnneG1hVujpWbhjAzP","","CATIE","2026-09-11T11:35:16.0000000+00:00","19.16222","12-24h","holders","EMBER","2263.414354957061","0","1","False","False","1789126515","0","0","0"
"DWdBNyWh3SikKBmt5QZPsLMtjffPJiqsw5Da8LFww76L","CCcaDJJRQfya5XjfNN9REC4Ftv9NQM7kghL9ui6hBfEH","","BLAZE","2026-09-11T12:12:41.0000000+00:00","18.53861","12-24h","keep","EMBER","1795.5513658076757","118.15525062206737","3","False","False","1789128852","2.3631050124413475","9.11842771327146","6.97112338477434"
"DWswzj742uhF744hjevXd7fRmgrrpdEzuMRdF6xbLLiE","4NGLSYE1gdh5XPSQpRt9kfC6xw1c4Ys4jr2ejTdsdeDo","","COMET","2026-09-11T12:54:14.0000000+00:00","17.84611","12-24h","holders","MET","3307.0691569481087","919.7068822454838","24","False","False","1789131362","18.394137644909677","26.417954922800003","21.134363784100003"
"Dwv5rvnWsf5W4Qokv518Az8u4bNqUmmUVsdTgPZv5KeL","Af9aCHegqZZHoBvpM43A4AEUWKrYCwgLz6DevBuyCif9","","NEIRO","2026-09-10T14:06:52.0000000+00:00","40.63556","24-48h","lotto","TSLAx","3967.5015510460507","0","0","False","False","1789049210","0","0","0"
"Dx7Mvmv5FdHwiiFVkGC4zjzm82y8jCw26GuPkK38KriX","Dhs3iXAZFiQ9QQ2wDQPe6Jq8zRhSarfmUhczKCzRzzeM","","GPUCAT","2026-09-11T11:55:05.0000000+00:00","18.83194","12-24h","keep","NVDAx","3984.7209020215655","826.0823639690036","5","False","False","1789127721","16.521647279380073","31.350871810418283","25.0806956736556"
"Dxa4xwSiodYVusMoagLjxxP751dMsMoGnRSuCYMCJEKM","HyG5wwscemBsPpujDFTnVH48Z23oczpcpL8fx45KVPJB","","CATAPULT","2026-09-10T11:45:40.0000000+00:00","42.98889","24-48h","holders","MET","4346.783886822242","0","0","False","False","1789047141","0","7.152613124111001","0"
"DxArcHNL5wPxkdYuVp39x1Bbxp5QxE9QX4HdXqb7r5zK","7pWsDoWZpSeHdwT5Dmmk9tSBYB6MEpmmV2erUtEcCo3N","","ROCK","2026-09-12T00:46:19.0000000+00:00","5.97806","00-06h","holders","BA","3960.0851967778904","0","1","False","False","1789173976","0","0","0"
"DxiPxiuGa5CwSpCJNtT4k5gsEhceWE2afureKQgg31aY","923NQjibBKtkCR7ATYFrQhUmUnbLW1sSp3PvJqhpTwUs","","APPLE","2026-09-11T13:34:43.0000000+00:00","17.17139","12-24h","dip","AAPLx","4044.9092192137678","0","1","False","False","1789133682","0","0","0"
"Dy59yREpDHYicELsJiq1Md8vA43JvjXX4xoBqWHdpT5Z","3WZUBYLzHaMULubU3rZT2BENoMe76vKdHp3U8gk4qQFh","","REBME","2026-09-11T09:20:09.0000000+00:00","21.41417","12-24h","holders","EMBER","6619.425491939291","116.26882925293013","4","False","False","1789144877","2.325376585058603","3.10033286711832","0"
"DYFBHYH3CMpMKMBiCYuxFG3LHCXaTYP8JSLd9XHBek54","3NjVyJy25X1Bmw4sYP2wXNV3mT9wHoqZuv6cpD63ZXTP","","PEPEMBER","2026-09-11T12:23:51.0000000+00:00","18.3525","12-24h","holders","EMBER","1717.7738704654896","0","1","False","False","1789129425","0","0","0"
"DyLsZzrV4fSvC6cQQiwM9zHstELXUkXSUBm9K46cCKCP","G38ZLh4HzVYT7EBSmTREpReS3nPUuhQL8rn5hXWgn3Fx","","SNACK","2026-09-10T00:47:44.0000000+00:00","53.95444","48h+","holders","QQQx","3992.630195322097","0","0","False","False","1789046851","0","55.7002856261444","0"
"DYo8WNv1yGqhRdLm9Pt6RGS6WvrAqxm7JPqw2Kp9DEUb","2YaCEv7zkkzHtTio8oWsGo5iUMqrghow1BLVt6eiTpKP","","METTY","2026-09-10T00:33:47.0000000+00:00","54.18694","48h+","burn","MET","4359.301856565811","0","0","False","False","1789000424","0","0","0"
"DYtduQAfLCV295Uwpxjb5gnaeYq4NSWhYNsTmGu1pook","7fkGo1kCJYLn6hKq5baFu9WhksmfTufkSattzKFjz49V","","HCAT","2026-09-11T13:29:44.0000000+00:00","17.25444","12-24h","keep","EMBER","2643.347462444532","0","1","False","False","1789133382","0","0","0"
"DyxTJNbXVzL6Ceq2dEVdEQ5pHqaZbxuFat85RhhFcRGp","AB4AR7NW81NqqoV3oyyNVC4M5YXLEPEB8b4NivUkiKLG","","CLANKER","2026-09-12T00:45:25.0000000+00:00","5.99306","00-06h","holders","RDDT","4011.901882564719","0","1","False","False","1789173923","0","0","0"
"DyY6RNAWStGkd5WwRw9Db5RxQuraFsjdTpi8NUDmXyd9","23ERb8oq2Hx3qfLwXbLL7tbou45vKN8cdtCDG9Ucm9uA","","PHX","2026-09-11T17:11:32.0000000+00:00","13.55778","12-24h","holders","NVDAx","4132.398736190139","1846.7526687661991","4","False","False","1789147111","55.40258006298597","55.47314284175067","44.378512515681834"
"DZtxeAwnFRwM2vPFjY48D7qyUUChccXte3sdwA1cukXc","J5WRs91rAw1Qbu4RrswN554t3v4zBky3Tf8Q1Amk4vU5","","REM","2026-09-11T10:17:00.0000000+00:00","20.46667","12-24h","holders","EMBER","5938.938847044685","1901.810679437867","65","False","False","1789167163","57.054320383136","66.45780567282682","44.61007016060505"
"DzVDPL6oHDAfic2zAr8FGN1Ufdm3H1QqY6guMYh9LTMg","5wsZYbbwXBG7iWM52Lb79Pm5pxjxfWXtN9gDDXc6EPZ2","6aLaeL6ChHGgPUUWdhdxrtCBNg9NqodpNkkvnh8m5bKi","M3M3","2026-09-09T23:57:42.0000000+00:00","54.78833","48h+","holders","MET","3488.637417808163","16092.02","283","True","False","1789193353","160.9202","1114.2463850758832","920.812570516285"
"DzyM8rCgBQSq7B4GGED6txxYS64sJeZocmcNS2TfwgC6","CGipefyMU5cSCkNy17CXZM81WzGascArbUomvRLhdnw7","","DEFENDER","2026-09-11T11:25:26.0000000+00:00","19.32611","12-24h","dip","EMBER","2166.2443476059393","307.0536717506168","10","False","False","1789125957","3.070536717506168","4.4908088263896","0"
"E19cspkmYg5a3NYopqcJkPSkj31BtnnAUStNogHz4xef","7tX2LjXrMPoVnU5zfToFNxRPFTXWr9Mqzd81mpxmCBqB","","CHEF","2026-09-10T11:41:44.0000000+00:00","43.05444","24-48h","keep","AMZNx","4056.5955136440784","0","0","False","False","1789040502","0","0","0"
"E1xqKTe6DLz3fkTVwNkhSQN2pEB9MQQfpc7GCYpj2B3h","6yY9FTiEu1ABPjW6JSa5yjm4c7K82P6NRu3inhTSaX7f","","GETLUCKY","2026-09-11T11:02:17.0000000+00:00","19.71194","12-24h","keep","ZEC","4112.812999692481","0","1","False","False","1789124535","0","0","0"
"E2hDYtkL1vJ1CpZpFc8sgpJXVkKSvRxzAo9AHjP7a3Eq","48pgxNrM7t8UVZr2wLCVWoi3UT8tPHH3HDregDeoWafQ","","SPARKS","2026-09-11T13:15:51.0000000+00:00","17.48583","12-24h","keep","EMBER","2301.5173423907195","220.81205313649593","3","False","False","1789132571","4.4162410627299185","6.14717770704","4.9177421491799995"
"E4Bf2dc81fzyFbz8AKVe18sxDdNXm8C7Z5UiWSvLGJhn","CoJkR3CgjYvxQbp6Ag5rK48bJAwv7iFBDP9sTqPnbkEg","","GPUCAT","2026-09-09T22:48:24.0000000+00:00","55.94333","48h+","keep","NVDAx","3928.3765401460273","0","0","False","False","0","0","27.841902825468722","22.27352048430039"
"E4bTZkfgdkjeUATFSndcakwY4tTxfZbzRQr4X9tAUYpV","2mGvAL3t11Fp1D5hwm9ryq5VeGoS4C4Zp57DETawNwX6","","ROCK","2026-09-11T16:47:16.0000000+00:00","13.96222","12-24h","holders","EMBER","2424.1275135196756","120.30555624206596","7","False","False","1789147036","2.406111124841319","3.1227405138420194","2.4891762775454698"
"E4dYKvsXym2GS98NWt9BuhXNN3uXGToVA4PWtxs5Msen","3ufskNn9WC9yGosZAXGRxdR6CiQzbHrAvMMsiyTSWv4o","","CIVIC","2026-09-11T13:03:51.0000000+00:00","17.68583","12-24h","holders","EMBER","2035.9193182299557","394.7344138343159","10","False","False","1789132825","3.947344138343159","6.45403338809528","1.03264534102054"
"E5EAgttAG3FFGgSoBcQuNHhdnGgCM7u7R9Sj3AvscFt","6zsFWf6djTNSf5ahupkSh1XmKfJ2dMS73UgMpJHVGweA","","FIREHORSE","2026-09-11T12:28:10.0000000+00:00","18.28056","12-24h","keep","EMBER","1859.9252391521304","36.63641980504001","10","False","False","1789169714","0.7327283961008002","0.8729228873784799","0.47687626539647004"
"E5LdmzRb6PW6mBhHaaSxgSt3i1VQZArtveUTuEt8bWkT","9HGSVBFZ8LDRJYvGWRnEoYcTvyi8KMjtTGEggxmJgv1C","","REM","2026-09-11T11:29:29.0000000+00:00","19.25861","12-24h","keep","EMBER","2414.848222008349","12349.492384981457","368","False","False","1789189663","246.98984769962914","344.6735535769126","275.73884286153003"
"E5xBiH95RF8tVWe1JnNe5chjPSFybR9PTcVjo4pKv8Aw","8aR6yMEJsQ2RAnAMAxQ4aE5h2uJ7mzz7YnJkuTivtMmi","","GOKU","2026-09-10T01:28:51.0000000+00:00","53.26917","48h+","keep","MET","4419.25297799202","0","0","False","False","1789003729","0","0","0"
"E71hRcKNRR5b3LM58Zo1a26nQLeLibgK5tyqHwUfnHbx","H7f43HCB3iZhMLBNxCpAWUu7pk8Nmy2eh7SJ5VHbKvdo","","HEXA","2026-09-11T19:17:26.0000000+00:00","11.45944","06-12h","holders","MET","3285.3652426792146","8.6751235826688","6","False","False","1789156047","0.173502471653376","0.173502471653376","0"
"E72kekccxsdEXnHHnwkSyYHL1HpiycnqX1kNZMRA6qKK","8R4RaeNso1C5jet6DJBYzk4LHM5rfP3LJroQHfFtF3hN","","COALCAT","2026-09-12T00:19:58.0000000+00:00","6.41722","06-12h","holders","EMBER","4738.729026556212","3039.943985580213","38","False","False","1789174532","60.79887971160426","60.79887971160426","34.438424791032006"
"E77JJQyTDNPmcAoBCCUnt7GYSS1r2bx2ZWtPRvVaZdnA","Hf5RqQpf7drZnTrUsi4z96RkvNjT4UrRSyDWtTcEkFey","","BEMPER","2026-09-11T15:19:36.0000000+00:00","15.42333","12-24h","bounty","EMBER","1928.0792200432968","3.63695366841","2","False","False","1789148574","0.0727390733682","0.0727390733682","0"
"E7AeoXdh76iRQRjuYxxMjDe36HBcHUnZ8kfX9rpehaBq","CKwAvDBA6FYZ43iaDyJkYMUPsxkfMcU2mWjrBzRqFqLv","","EMBY","2026-09-10T22:04:44.0000000+00:00","32.67111","24-48h","keep","MET","4145.898118345953","0","0","False","False","1789084688","0","1.5613542596703933","1.234426517316261"
"E7icdgWBS7YhHG5ZQ5AjZzTEg1wTHKRbfJeLkbnWDUzE","87Rub6nggCiPk8viwLUmA3Nr6qeNYapdZgbKzJNvmVrs","","TSLAINU","2026-09-10T01:29:57.0000000+00:00","53.25083","48h+","holders","TSLAx","4508.463080040128","0","0","False","False","1789003805","0","7.021056","1.2189954671271936"
"E7QJSBtBUywp4c2Nut8SX1u4qXHsZ1NHW4CmxULkpyPs","GG3Tf7UZjBDirvevwacr316sfaYHREBmVyyuyTRJufMd","","EMBER","2026-09-11T12:41:46.0000000+00:00","18.05389","12-24h","holders","EMBER","2172.970154379777","723.4866751648867","18","False","False","1789130568","14.469733503297736","49.100659687418215","39.2805277327454"
"E8Cxy4gthv8kXXUK2WVdYzJhT2KpUre8ukDkRWoxToLP","HDYTaRs1Jqz8xpUqQfF6RGmpViBBkWaV3T2cs6iT1gKP","","CAPCOM","2026-09-10T03:35:40.0000000+00:00","51.15556","48h+","burn","MRVLx","3743.5685397993702","0","0","False","False","1789011338","0","0","0"
"E966b1tgJouYPphWVCXtdviecpCPxyPhk5S822puUvUm","J6w5SYXJX3qnF1FF92tMawPVcKajx2JfUXTmffJusqhb","","EPEPE","2026-09-12T05:19:19.0000000+00:00","1.42806","00-06h","keep","EMBER","5473.536419901529","240.65986514706458","8","False","False","1789192045","7.219795954411937","7.219795954411937","7.106788707734051"
"EaD5LJfJ9mBuWWDo1KKBnT3XhkeNc1JJDXow5uNj3QLL","85JrQJdhca6d7PqGYMDFZxSksCBLevuQQ9Pw7tipHCpV","","METCAT","2026-09-11T09:49:55.0000000+00:00","20.91806","12-24h","holders","EMBER","5546.271329709935","15.129315484409998","3","False","False","1789135679","0.45387946453229994","0.703682532","0.4690593955199999"
"EaLPZNHrvyvxj4fptWuBJrY2SU9zoZ2eizTz5D3CqLhk","8d8Ch5uGJmy1TbBqS6bwy4qDoUh73Ue7KmYVU9F1sjxE","","EMBERBITE","2026-09-11T13:20:59.0000000+00:00","17.40028","12-24h","holders","EMBER","2350.6936711464177","0","1","False","False","1789132857","0","0","0"
"EaVnD32tcy4Dr9XwXe5CSThWSevdSopyFNMZYhwaZRFn","F2JEUpj2f8cJwj1D6FwsNLUdx63jsXnvFVrqxfZsXoZ3","","FIREWOLF","2026-09-11T12:23:51.0000000+00:00","18.3525","12-24h","holders","EMBER","1717.7738676675292","0","1","False","False","1789129426","0","0","0"
"EAW2ZXp1AurGC9KQapHhbFdqJhS7rMKboTnoSmPdbuP2","Fpfdd5EuELXoiC1Rav7xHCD3D7cZyyzWDzoFkYqaF3kV","","INFERNO","2026-09-11T12:07:04.0000000+00:00","18.63222","12-24h","keep","EMBER","1724.2194389930246","0","1","False","False","1789128418","0","0","0"
"EAZm3Bb5Ndb52rH9YpXQAbLR6d5iHDkk94zFswchgrrj","3HWX1YYFqNgaLdzi3VBA2nbo4S944PnDU8Z6AtqY1jRe","","EMBEAR","2026-09-11T14:45:57.0000000+00:00","15.98417","12-24h","holders","EMBER","2337.8992799897046","0","1","False","False","1789137955","0","0","0"
"EbTNeBNRXpNpb5PcWZaHaZnpHr6M5HFKusYwuLGXgZHN","59vxYk5PD64kFd4NmzXfomQu7YzwnkiHmrieu8gib7eN","","TCOOK","2026-09-11T14:13:47.0000000+00:00","16.52028","12-24h","keep","EMBER","2122.840132256324","0","1","False","False","1789136022","0","0","0"
"Ec3G1sF6Rct65PnjjWy1JgVPFYJcwKeXtX6oaFULDnuZ","DbwFqR1uK3mHDaPSknT6xkgmoyg7YjfquhQxBvfTqXjs","","INCOME","2026-09-10T01:45:11.0000000+00:00","52.99694","48h+","holders","GLDx","365.741315286963","0","0","False","False","1789006457","0","22.6763353084446","18.14105138023125"
"ECDsz7NcpDSC5ZvTXv8zs8n83cHfKNZLCPwhJoBzVUqd","BqFEFvVgVH8WY8Ka3CYqVzs3UGVe8PSQCv9MBAr6t4eB","","EMBERSTOCK","2026-09-11T17:36:04.0000000+00:00","13.14889","12-24h","holders","SPYx","3994.5999457781286","0","1","False","False","1789148163","0","0","0"
"EcGjQCSRi2qqTRp3ehi9fc4Y8KmABi65rBTU2uKUchr3","ATL62c3FEg8BHqseCPiswz6PVwVqphnLMEDRs52Kqvu6","","COALS","2026-09-09T23:27:38.0000000+00:00","55.28944","48h+","holders","MET","4522.747570387293","0","0","False","False","0","0","71.540011912215","55.215325992156"
"EcjgZta4845xQ94xicsRhiDrGjLWu6pKQQxtphX8ekgR","FnCRmwKY32SEeprCs4CbjAK6tvpXPoiKJiU7tn9qd2LE","","CANIGNIS","2026-09-11T13:18:15.0000000+00:00","17.44583","12-24h","holders","EMBER","2304.188882619037","0","1","False","False","1789132690","0","0","0"
"ECzR8DgQ45NL1qNSbw6phGq9o7TnDZygHpYXgNGZXKhC","HDfToGGVFG5J4o381wF7i2AsEbtuZks9WXFA7kcxiovW","","BANKED","2026-09-11T23:19:49.0000000+00:00","7.41972","06-12h","holders","MET","3738.093034978166","720.2294151393603","10","False","False","1789170610","14.404588302787207","15.364559438389247","10.894212433640961"
"Edc5eb9jfLeREtdZqGAnodsmY5c5uCaQAvUAf43zoU8s","AF181QrkbQ2XagekY8K7pUHYkZh8VYT2uLrbkiWtNjUR","","RASSING","2026-09-11T14:54:25.0000000+00:00","15.84306","12-24h","burn","EMBER","2288.019266338748","0","1","False","False","1789138464","0","0","0"
"EdCTzyYDX2xoP2Y47W8N5PASuMkDyr3jHWovjvRSsKFH","C72DivxKL43a4eHVeUZCqFHttQ6rM8z9mg7oV6yZj267","","FUCKPUMP","2026-09-11T12:03:58.0000000+00:00","18.68389","12-24h","holders","MET","3238.9706734099273","0","1","False","False","1789128232","0","0","0"
"EDcY2TVtk9bQF8sxGvFEq5KYtimChnfjbvZa4svwr9jE","BL7aj7tMzh37KZcn5uMSvzECej33HYrnPN3kjbpCvcLP","","BTC","2026-09-10T00:23:16.0000000+00:00","54.36222","48h+","holders","MET","4332.0168837715355","0","0","False","False","1788999794","0","0","0"
"EDEPYjundfLM8UMMLmJLJu5E1ed3AG7j8nKKqh2qb8Kf","7a47EdSe5MvTnnHrG7VW7CcGjBk7RBKyk4EViV5eBSn7","","REBME","2026-09-11T08:29:55.0000000+00:00","22.25139","12-24h","holders","EMBER","7775.342104743802","74.41306986961001","5","False","False","1789148932","1.4882613973922003","2.29207542501746","0"
"EDkoM2qSnKjjr3DjyQVbvz4wyFqf3CncKrFCu9MQAoDv","4UZD9xGTPvLaYFkjZ8URLnGhaiX4rN91o7vwBdeqgZon","2KqzwbeEiGBStPHNno5MiNVtkzSvEqFevJkdnZuCQgf3","FIRE","2026-09-11T10:58:52.0000000+00:00","19.76889","12-24h","holders","EMBER","7207.048680158668","153915.3","1968","True","False","1789194457","1539.1529999999998","1539.1529999999998","1256.7543621463712"
"EdUNcDXy9Vmb3jTZykonkKJetUMeM63ixcRTEyZwuTs3","GbWYX8TJvszAmPguas55NAjSkgfbkCQx2R2KuawjT1pU","","BCLAT","2026-09-11T13:13:21.0000000+00:00","17.5275","12-24h","holders","EMBER","2392.510006506167","0","1","False","False","1789132397","0","0","0"
"EE6KF9YEUpQoMqsNMHmXAzaWPDTfvQGX4TQLgwdixtmp","5maa75rYo7dNMtbAtKs72pTbVA4nZhAyjuTDg4vHbCX7","","BOOBLE","2026-09-11T11:56:01.0000000+00:00","18.81639","12-24h","keep","GOOGLx","4049.314213497084","0","0","False","False","0","0","0","0"
"EEG3RoqViRsSEK4ykw2cWqAkrS8DNzYkuZgFuBtR65R","97ZF7uL8PGNbTjvoVbYaRWuBe4HhQvQqcZkwWkoJ5oYy","","MEGA","2026-09-10T00:00:17.0000000+00:00","54.74528","48h+","lotto","ZEC","3631.411450684574","0","0","False","False","0","0","0","0"
"Ef9J9u7F8aWJRs9bk6bXAX9VPNa15EdrqT2iGdy1Xdr7","ZbfTSbSKdYC6VedemF8YDK3kbpBdJnvPbjGuTx226V8","","SOLCOIN","2026-09-11T12:07:01.0000000+00:00","18.63306","12-24h","burn","EMBER","2198.2175782076","13680.264369063429","448","False","False","1789188563","273.60528738126857","513.5725202586906","397.53366541058557"
"Egk9mPG9cFzfzc1TT6JEs5x3tUbBe7ATzX1guqakcmcB","EqMZpE96q9CTZrfRJN6KS81CTCVxRZdCNircdx1yijDW","","METGIRL","2026-09-10T00:03:44.0000000+00:00","54.68778","48h+","holders","MET","4358.895255323615","43.17683663796","1","False","False","1789160482","0.8635367327592001","36.860219808314994","28.817100105948"
"Eh89jwzkcZt25c7x38qSMUFqTEPrjCmMhRUnbqXGmgUg","GF2QqFwvTQYqepEUoDXfAFEmvCCxn14hu1UWAEpnvbup","","CATRAXES","2026-09-11T11:45:32.0000000+00:00","18.99111","12-24h","holders","EMBER","1671.368553138699","159.54653821671033","11","False","False","1789127146","3.190930764334207","6.1091885626307","0"
"EHcwGpGUf5z28p5t5xapdrDi4tiD9Vjo2BbTnZVz7Usm","FFvWoNTub7nw8QxHJhMPBygqe7tyTUnKDqrt4WYtd49J","","ACE","2026-09-11T12:39:18.0000000+00:00","18.095","12-24h","holders","EMBER","2150.55289994541","0","1","False","False","1789130351","0","0","0"
"EHGemz2PVmdHKjpzquByX2VQXfaWdCnAsMXKvdm857V8","J6ENtJaf9RYDnf6dLrc6kPYprS4PFSa44qxDtmdvEsud","","EMBERDOG","2026-09-10T07:56:54.0000000+00:00","46.80167","24-48h","holders","MET","4307.367185579798","4076.5325611485378","54","False","False","1789162217","81.53065122297076","134.35773504553558","105.397063977318"
"Ehh2qHo1iuqJrAWkYDEs9zpbWSHDgEQ9zENxHoAf6WTq","2FXXXJwwQ3HBVQa9XwF2cRYeayHSQJtYKtejUVF1yWmu","","SEPT","2026-09-12T03:05:02.0000000+00:00","3.66611","00-06h","holders","EMBER","4137.199989066818","240.65986323705215","5","False","False","1789184103","7.219795897111564","7.219795897111564","4.729845126096199"
"EhRBEy4gCbgCvW4epvhZq8dSuYhQkkv6QkjMWK5ewqSC","8qxHqLupmGVTG7C1SuXrseqNowhYtsmA4CU69yBQyfBx","","MM","2026-09-11T11:46:48.0000000+00:00","18.97","12-24h","keep","NVDAx","3984.413250999269","0","1","False","False","1789127202","0","0","0"
"EHt8F5tcJ1ujNpqknJgquQVC2tdsStL3eF4YqUSBCurY","7QYYfNw9RAs7YpwppeX4b9DzLNZnBW3zNKRfsYDU4K2i","","APPLEIGGA","2026-09-09T23:48:18.0000000+00:00","54.945","48h+","keep","AAPLon","3395.4686922732444","0","0","False","False","0","0","17.86724261815906","14.293793985288048"
"EhTZU8vj5vBgrsCGKkY5ePpu62BLcSMrHuH36Yf1gYTM","CbSoN5ssyCBvhWvATEbcKTExyPe5dNNQ6Ufqpgg3C1cP","","SOLCOIN","2026-09-11T12:09:36.0000000+00:00","18.59","12-24h","burn","EMBER","1758.573842236005","3880.433836086056","112","False","False","1789150983","38.80433836086056","62.19125358455692","46.112405364304614"
"EHuFoHxhTdcgswZtoe9c3fz9psHLXP5sPWkn64bYRu3w","Czq1rMmo2Fjmjf53H15HCqCSqMysFpJQLSqoNh8cQsvZ","","ARC","2026-09-12T01:19:19.0000000+00:00","5.42806","00-06h","keep","EMBER","4100.785982450243","243.07774530794515","5","False","False","1789177758","4.8615549061589025","4.8615549061589025","7.876956841496639"
"EHWFqSg4VJdcGE4cXRoXYh2smn92tCAx84Ue8jkDU3Yr","74YHpzLQNMMSuLrYivfqyNoWD4vhKPrT28yEmCFcazca","","BATON","2026-09-09T23:45:00.0000000+00:00","55","48h+","holders","SPYx","4016.196546449921","0","0","False","False","0","0","9.99619282778985","0"
"EhwzCtNhS4V41jeSaSd8zCwv1XhTPsQoxpRauLtNKAc4","CdQMeyJoQid53tUccrHH35L2H6gDgVgvxn1PQue5Bsfi","","UDOG","2026-09-11T12:38:03.0000000+00:00","18.11583","12-24h","holders","MU","3929.8044797569855","11.685947481884","2","False","False","1789136277","0.23371894963768","0.23371894963768","0"
"EhzdpyYepxtWJDfCWM8WmnNuATkZ59Au1A4WnzWJJRa1","4331GmarCAojsMEGfMuMx8xfEentpLm6x4P368QWWidk","","CAT","2026-09-12T03:57:17.0000000+00:00","2.79528","00-06h","keep","EMBER","4941.198123317562","361.5731923141184","7","False","False","1789185912","7.231463846282368","7.231463846282368","3.81684431721096"
"Ei1KBqzLwthE2xjyDb72AztCrZBpJvLBXBy6ahC9gDgM","H5jcvJZxR3QvP4hyfomYyn7ZreXYzmNnTKDn8YWnSBAD","","EMBERBALL","2026-09-11T19:28:46.0000000+00:00","11.27056","06-12h","lotto","EMBER","2509.1201073541893","429.4288779624715","5","False","False","1789156726","12.882866338874145","20.690220791690862","72.93694770329549"
"EJ31oMxS3x1XbwDU87bkctgWcNVkQr4A17deShm8zH1h","DpK4eYu7LVFjSg8zMZhoP9SiUiU6ttRiH2jg71MYKXZh","","EMP","2026-09-11T12:56:54.0000000+00:00","17.80167","12-24h","holders","EMBER","1946.414910550567","9.702625123410002","4","False","False","1789133231","0.19405250246820002","0.27296812637595","0.21496359948804"
"EjaZjAudmTuDVZCBL7q3UtzfKXcei733pXWVqyBWgofT","GsWb3nF79uDQD7XAHEUB4cmUaYUhetbj2Qzq39MCU7gA","","EMBERDOG","2026-09-10T04:46:43.0000000+00:00","49.97139","48h+","keep","MET","4384.794865812773","0","0","False","False","1789015601","0","0","0"
"EJdod5481dus4jDVCsvhqdGtQbvf7WmanJVoMheNE842","3XLZ4BbpeQYDqDECGpZTwYhz9ReekoQ7HcPeupfCkjVU","","NASFLY","2026-09-11T22:04:49.0000000+00:00","8.66972","06-12h","keep","QQQx","4001.9939510309387","298.295887953856","3","False","False","1789165030","5.9659177590771195","5.9659177590771195","5.75771943579798"
"EjqezUaMv683At8peen1gKQAuQSp48uuAA1m3e79aDGA","Befv7WJRSF9NpaYrb2nDiSFZec8KbtwjmJ7eRFjXJrgf","","MOONV","2026-09-11T12:00:29.0000000+00:00","18.74194","12-24h","holders","EMBER","1737.6389541970375","121.31970462322805","2","False","False","1789128267","2.426394092464561","8.055269144721674","6.298187560781647"
"EkjSedYH5Dvw2ymx1MqZcEJau1tDYr8Yq6gCPXTZb3qg","pYVxPELVTBEMFWFNvFV9BPGimK8CE2HUwXe5boRJL9D","","ELMO","2026-09-11T12:14:38.0000000+00:00","18.50611","12-24h","holders","EMBER","3188.597246158277","8563.557030777924","281","False","False","1789186341","171.27114061555847","380.7696167316809","304.7916318168961"
"EkqbFntQHowXUYuVZ5C25xvHVsftzEnBAxpScDSi1VDx","F4W6BNcWrNrAmUibBjDttagNzuFMYiW9drwuDwg3B8er","","EMBRYO","2026-09-11T19:28:55.0000000+00:00","11.26806","06-12h","holders","EMBER","2520.9332552693045","0","1","False","False","1789154933","0","0","0"
"EkQDGPcf976NQVmwqJb3bWvwRjNvUcoSSwKxtVTexm3W","AzVL3Zsda4HqY18YtzSZobFKo3mUqPjiFqs78kNcqh7G","","🔥","2026-09-11T12:27:53.0000000+00:00","18.28528","12-24h","holders","MET","3350.526886265992","0","1","False","False","1789129667","0","0","0"
"ELatafwi5udb26DKJ6GmdhLHKzwt6C44Bdovox2P3SvG","FMntyTufvmAiTVnoHdzhatCoGekt5uKPutQfKHkCxz5U","","GATO","2026-09-10T00:21:57.0000000+00:00","54.38417","48h+","keep","MET","4315.395236648968","0","0","False","False","1788999715","0","0","0"
"EM6UN9RxwafJ4dx9KHMkcS7ejkAqVTT3mJagMGJ5TbPR","34EAS83wnFfVwWk6fA7SPcM6jxFQAwJB3qnd5qvAUmYQ","","METH","2026-09-11T12:15:28.0000000+00:00","18.49222","12-24h","holders","MET","3322.5246459416085","0","1","False","False","1789128922","0","0","0"
"ENhWukZSzvYneu273Cf8gSkxEeVT4epnva78kiwJi8mj","FJ7nEHEVea5Y7tHJBPJDw6VxSPWAg3yXMqQg58cJXysX","","STOCKY","2026-09-11T09:20:35.0000000+00:00","21.40694","12-24h","holders","EMBER","6492.0585085271705","5.41011975","2","False","False","1789118850","0.054101197499999996","0.4269088767110984","0.48211321683510006"
"ENhzgaJFA1tznD6D5Ck1T4yHDhy85ohptaskEUg3qCDP","5bPGgwrCj7av9zV8RyN6x7zzWvgXdRNcUrAmp4ejc8sj","","REM","2026-09-12T01:44:33.0000000+00:00","5.0075","00-06h","holders","EMBER","3745.1224042606596","243.0777453238619","5","False","False","1789179273","4.861554906477238","4.861554906477238","0"
"EnwAd4CnxJ2JeW5cES7SioCdz66N9QebHws6NGti11GJ","DwrATiJDxWVqbZ24E44LaY6TiS3S2ymh4iqwmDjiQJZ9","","FIRE","2026-09-11T11:36:05.0000000+00:00","19.14861","12-24h","holders","EMBER","2321.731643512602","194.76947761475486","9","False","False","1789126967","3.895389552295097","26.638913471218903","21.3111307552056"
"EojotdYXXsseJXEjuPbmP7SxsZZq17CXJuYujii9swp9","3rJmULZypYahKD4qA1Yx91V6yMmVgyTSDnoxwTFVANm2","","MONEYPEPE","2026-09-12T04:05:58.0000000+00:00","2.65056","00-06h","keep","MET","4054.9975426636815","212.03973657650002","3","False","False","1789187759","4.24079473153","4.24079473153","3.308791460658"
"EPkCsUNGLZJMRMjQKXzYEcDvVNUb6e38VAzZz3mm2mLw","ESFjSVvB8cQBfUswEi4ExGdkwzvUKhpMW7j6ZsaobBex","","KIMCHI","2026-09-10T00:51:34.0000000+00:00","53.89056","48h+","keep","QQQx","3992.6857479811615","0","0","False","False","1789001492","0","0","0"
"Epp9m3Lh1uvA9MDUbLbnxyMkv9bkYSjxP4VFH6DdMrxr","4FuGRMQoFAVEzWgMZHzTH3JsvWWJezTMRKJmkg19b9f3","","MUZZY","2026-09-12T06:11:43.0000000+00:00","0.55472","00-06h","keep","ZEC","4020.7103606103456","0","1","False","False","1789193502","0","0","0"
"EpPfNkKPtsvCwYoFdiBLZEPpDhVbf6Xbc61oYa5XbKMV","6mRLdH2AfJ3Cd4oX9f3vfQUxXPFm4v6mBRhuPKoGDzXJ","","CHADIZARD","2026-09-11T11:58:56.0000000+00:00","18.76778","12-24h","keep","EMBER","1691.5092432941651","0","0","False","False","0","0","0","0"
"EPtwJd1KyzTwJGdUdqh9pdZJ5mpHJj2C2a2B2zH3WcjB","8ZAFbFHfdNVmXZvSjct5ZkzQJeAV7JZWQEiMe2dmAvDm","","METH","2026-09-11T11:53:09.0000000+00:00","18.86417","12-24h","holders","MET","3241.11683700986","0","0","False","False","0","0","0","0"
"eq4PqMrGu9Qe35HX7LVm6U2fMmccEdcd3E3XuP37kx5","3TNT8DgofkkKT7smsbRczPmSMDTkoL7ymDuE4KjQyj3w","","ORDINAL","2026-09-12T03:47:31.0000000+00:00","2.95806","00-06h","keep","EMBER","4893.839549951358","942.370298144404","9","False","False","1789185912","18.847405962888082","18.847405962888082","49.11451085026255"
"EQaMqQCG36daGdWEUa29huuCUwjZCKS2jRGvGHxwSih1","FBtxTGgBdQmdh37kJ4wykXYTgEYSNV8k8iZc7QiCXzNy","","KET","2026-09-09T23:57:27.0000000+00:00","54.7925","48h+","keep","MET","4341.306860092318","10.564998999319998","0","False","False","0","0.21129997998639996","41.830253572486","33.463380114046"
"EQBeZBNv8Pxb69YuTNw4U8R3YmsZLpw8dqHsAhTR6f2n","BmHG7BSZLAk2hZRSD8tgNX991dBgguJ6fYvdZmGh9fsC","","EMBEAR","2026-09-11T13:25:49.0000000+00:00","17.31972","12-24h","holders","EMBER","2625.781870106452","258.59480774516857","23","False","False","1789140655","5.171896154903371","7.399955996085141","1.0315143379272"
"EQbMSVGQDBwQK42pcwXdxYWW4HRCuer8qwBf8kPS4wx9","Erg92KDatCzjZMfzjuaFnPCeapWYFHjngWR194MY6xMg","","MIDORI","2026-09-10T00:39:09.0000000+00:00","54.0975","48h+","keep","MSFTx","3997.648312098751","0","0","False","False","1789000746","0","0","0"
"EqkRVP2UYjgZQ4o8YBAdzPoKtnbQBqkzaLTjkEEkF9az","B1zyXttA8ggmHieuDwTpNwa7XH8Nc5eZzbYZD7P4xBpQ","","CHURRO","2026-09-11T11:50:11.0000000+00:00","18.91361","12-24h","keep","EMBER","1882.5055742916416","266.2429776879392","3","False","False","1789127421","7.987289330638175","15.164181966378301","12.230670847359999"
"EQWdqh2TUPjRvgtMjWapUABU6puZj5nqt3iGcAGrfqmm","2bYuYQPD5rE2f7J6KZ5gMAuXC4mp6KLod5MuwHoWvce5","","APPLEIGGA","2026-09-09T23:50:01.0000000+00:00","54.91639","48h+","keep","AAPLx","4189.50393674999","0","0","False","False","0","0","0","0"
"EqZg1kKtXJbroRADAxmrsqVVMfSoY8JYh4BXkBAC4AL3","3SFJbkBfPvgDjeH7j2rJkJf9RDF3F74gvRCVswyUBfEM","","HELLMO","2026-09-11T13:30:45.0000000+00:00","17.2375","12-24h","holders","EMBER","2932.5989341300424","23429.50929480038","691","False","False","1789192748","468.5901858960076","701.1466108224805","553.7104039837608"
"ERBXGn8zP4XAgFi1NM8qZoTnZm7mmcXWQ5EHsZQTUwGM","EjnmiMVGt9y1AfqN2DN1AUKLm2NjHvBcZCvsEn23S51L","","EKERMIT","2026-09-11T16:13:16.0000000+00:00","14.52889","12-24h","holders","EMBER","2210.2384901906316","867.2062458428087","19","False","False","1789145000","17.344124916856174","24.850300143328592","18.93616254836858"
"ERe1F3E3VPzodCQfrYAQyZT28iUdsFKe4fRo1B6n5LLu","88AQ6ANd5PaZC8YP5ae3Fj3N4bRQiWks7ffX1Nv9h7mH","","FINEDOGE","2026-09-11T14:04:33.0000000+00:00","16.67417","12-24h","holders","EMBER","2010.0332642470146","34.8688379835","3","False","False","1789135537","1.046065139505","1.7060947935800803","0.8872009898445683"
"ErMHqhMFYVL6b52Nu268L7BmxocKhs2dCghQfXWonKcp","7P95q3ocAuefRYLK3Y2sTrnGpBwY3bx7UwheqhhE7yB","","TROW","2026-09-11T11:53:31.0000000+00:00","18.85806","12-24h","holders","EMBER","1801.2049008809588","221.9134142594807","5","False","False","1789127804","6.657402427784421","21.52296340124391","17.133577162709997"
"ERTBy4GUf98gWCC4AXdN6h5vETYCDBccoaGRafxg6JrT","ELPdZUJzkMxFj4zMSx1HfyT9MCRpWxjRA7Zg2cHLboRs","","EMBER","2026-09-11T11:43:18.0000000+00:00","19.02833","12-24h","keep","MCDx","3987.769235970391","381.4107106353144","5","False","False","1789127014","7.628214212706288","7.628214212706288","4.9489662697887"
"Es3wPNQf2gAAKw9HZT4CFwfaKQKvB5JgxfDZYYAwZmua","DshHhwxuvhvRJP3NGYSPr4o2Lr5xCqgNdkCGsfPch8aU","","COPEMBER","2026-09-11T12:43:15.0000000+00:00","18.02917","12-24h","keep","EMBER","2232.8062856380857","0","1","False","False","1789130592","0","0","0"
"ESdKrsi4KzejrWLspg2suFNRqJFnVjT3MJGpU4VQe45L","ZiqB85XLzrfDxvssf7URy2V1RUtSk1tg4KXjoPcmGJC","","BAILIFF","2026-09-11T09:55:01.0000000+00:00","20.83306","12-24h","keep","HOODx","3982.002072730896","0","1","False","False","1789120499","0","0","0"
"EsT1Sf15CPhdMo6eJYz4DUKEdpeSbmwFz1nXa8gXE2hE","J5vBS1BjrFjc2XMUZJeUN1ShqamigvMV6nHyZbkVXPY2","","NVDG","2026-09-10T07:24:36.0000000+00:00","47.34","24-48h","holders","NVDAx","3932.7264497603137","0","0","False","False","1789028828","0","23.6042954545051","18.88628136914765"
"ET3qwozKpXGdsppCTQnerERqywY5fxBoD1cjGCQkft6P","7DFJCcjwhzNz6xdFXTmzV96XkJjuwWpeZY1MVwbr1uAn","","MERCURIAL","2026-09-11T10:46:30.0000000+00:00","19.975","12-24h","holders","MET","3573.677448426966","0","1","False","False","1789123586","0","0","0"
"EtBUb3SpQ2nY5EsQNfF3hsWSVYej97JHZ9u6gAqtY3CF","6U9SZ3w4MeXJyRH3HBgzAi9kHR6K3pcd4X6PnerxhFA","","BONFIRE","2026-09-11T12:01:30.0000000+00:00","18.725","12-24h","holders","EMBER","1822.1247508989989","7690.7246985971615","260","False","False","1789172187","76.90724698597161","136.99792889570585","106.36252834961246"
"EtcJ9dizXmC6PCfeQcNnCYDZHjWULDqAn1hytTGoNQTA","9uq99nEDmhk85mfUmAueZuQkuiSYgC2nX2vHM9mWhnkJ","","CAL","2026-09-12T04:24:25.0000000+00:00","2.34306","00-06h","keep","EMBER","5013.913973880309","255.1528341506832","7","False","False","1789188866","5.103056683013664","5.103056683013664","5.440706504862339"
"EtuzWkmKF2To2KJTGz9pnMfkeGb3spmBZLqSChsz8fNR","3ZQfZZiQjnCgysemQdEVyPVhp7E3bLkvT6rnajWGVrmC","","EFLY","2026-09-11T11:47:21.0000000+00:00","18.96083","12-24h","burn","MET","3291.3105663640886","0","1","False","False","1789127236","0","0","0"
"EV3nmztQ5rVdrAGNdxg2cTC69wWfpjmRgeobc8XxZaFs","DmbPHTM5HvdkN8CwWkkaEuDw92XWxckWU57Raja1B7ri","","EMBER","2026-09-11T11:47:25.0000000+00:00","18.95972","12-24h","keep","MCDx","3987.9821079455896","0","1","False","False","1789127240","0","0","0"
"Ev6ytFwYMBx1ssmXAhQzmra7f48fRCaBJzt14UT6yeaN","59TCENyek4yhGd8s8nA3mtoBDZbD853AzG8zQn3FXWyG","","MCORE","2026-09-10T00:05:36.0000000+00:00","54.65667","48h+","keep","MET","4298.900654095101","0","0","False","False","1788999503","0","43.855206436272","35.084164985099996"
"EveF4Ds5bgPCFQjnYZBEZhFjon3XNJboj4HgsTqGbWBE","62fsya9ZZqeK8um8AMHGEWY4o3ST5ojgAUKYTRfoJ41s","","M3M3","2026-09-10T00:17:47.0000000+00:00","54.45361","48h+","holders","MET","4378.393705652933","0","0","False","False","1789000556","0","15.943308902597998","12.754616997882"
"EVgNq44WLNC4ePagugwh6cstnbQdjtGVyH55uJdAy5s1","8zE3rxdumXnfiJsrGe4TFs8UVsiFMP4shxzDBGBEz539","","RAM","2026-09-09T23:55:57.0000000+00:00","54.8175","48h+","holders","MU","3813.2273647705847","0","0","False","False","0","0","9.344388318595001","6.897827891611437"
"EVHXKSNHtYUXTHcxwKgc4Fn8jPZpaHjVVSWtqguWjsRg","Fe9dwyKLmM6hLZ5Gk2S6kpiB8zDrSyfskzq4L76U7yzS","","METTY","2026-09-11T11:54:36.0000000+00:00","18.84","12-24h","keep","EMBER","1747.3183723941647","0","0","False","False","0","0","0","0"
"EvR53rchwAgXJrfX8T4UUMs79aduvgR51Uvk6FNXHmoW","83bHHoKzPNkgF1jCawLrikezgRRiySwEj6FmShLcEEuk","","MERCURIAL","2026-09-11T10:24:42.0000000+00:00","20.33833","12-24h","keep","MET","3626.5481577061555","0","1","False","False","1789122279","0","0","0"
"EVxHztAvjTqPP34XfYZ4Sq29waZvU4et3k7WZq2BKANY","58SQj7R49axyKLhcVN1vnX3rC3sCQMPCfGH3UCZAytSD","","METHANE","2026-09-11T11:56:37.0000000+00:00","18.80639","12-24h","holders","EMBER","1696.8840964132535","177.5360353771932","5","False","False","1789127900","3.5507207075438636","16.113333418739998","12.890666721959999"
"EvY9Q3XtLeiqP8r69WWfkzbr8udzmXky2BhrjEbfM3Wi","Fa1ZvqPeR2osaZu6AwwYdnTA2pDdNUB6LDrF1RcqJQgE","","COLLIDER","2026-09-11T18:43:12.0000000+00:00","12.03","12-24h","holders","MET","3355.2467405775733","816.9191625460559","13","False","False","1789152494","16.33838325092112","16.33838325092112","12.527412430686999"
"EwdWab3BQw1A2VjexYTCFJn9Tjq5Vr7bfhWpp2Wu5r43","22KuScp2BETwXoM3NdBtNHrZsTRVsD1YmR3yzrdU5PeX","","CUM","2026-09-11T12:11:33.0000000+00:00","18.5575","12-24h","holders","MET","3256.7066025738177","778.0949805264576","11","False","False","1789138984","7.780949805264576","50.12917741461763","37.233704826"
"EWHE19XTrUsypGi2aMiS4aQFdVfE3KCCMaqMvExHzimp","J4Q4axVc2rqSoZnFMC6C87F2SkvLMJsTRArATpYQiRdB","","PHOEBE","2026-09-11T17:17:35.0000000+00:00","13.45694","12-24h","holders","EMBER","2180.6307727932544","0","1","False","False","1789147054","0","0","0"
"EwMRxygkkSz7hhJ2q5oLTRiday7RUUXy1h7bHUKUsZ3M","AcYwsn6S4mjgN2QsARE9nPayiBwEYyuE5pxqyXzzeG8v","","SHARK","2026-09-10T21:49:28.0000000+00:00","32.92556","24-48h","holders","PONS","4415.201743425465","1.0373584038999997","0","False","False","1789077800","0.020747168077999995","8.36439066548775","2.4208826822664102"
"EWqzF8NSLSCAwGaWtCfX1riZVFWt4DiT1nFiYbwT7G1r","4wp1nfh6qgZv2ftdpN1mm6EpWz39SYiqta4eG1cngest","5hZF6NAVm5FF2bVEKE6MbaTSzdpf1QzvyNw5i9ZNijz8","CHURRO","2026-09-10T01:37:00.0000000+00:00","53.13333","48h+","holders","MET","26799.821451055723","181030.88","2437","True","False","1789195481","1810.3088","1810.3088","1302.9913115679512"
"Ex1CntYeAxqLqRtSYrD5r8MV3oemWe4om8QvqJPqRYqu","7PxJQsYcXw962LtdqZJeSyEXQPvRFBDXJ7tjy6KPYN1V","","BEERUS","2026-09-11T07:38:44.0000000+00:00","23.10444","12-24h","holders","EMBER","9535.657408135523","40.45164088296999","65","False","False","1789165816","0.8090328176593998","0.9660046785658801","0.46878069308623"
"ExdwTCTG6oS2zJwHJAq7NXU8NUZizBA2Df8QRZ3hJ7SD","5RDHMYcMKb2ywmaaEsQMiKBQjUGw4yx2hFMeSvdSae1a","","EINU","2026-09-11T13:02:49.0000000+00:00","17.70306","12-24h","keep","EMBER","1970.0324986517576","27.88177035513","4","False","False","1789148509","0.5576354071026001","0.78925192880158","0.48112225530273806"
"EXFDGYDEV7y2P4TFTCnViKAyf888cZmpS4cakUuXYKkg","B3YtJNAAJv9XaQKY4b2xY62iVukwc6V8t3XuFz6gzp4n","","EMBERFART","2026-09-11T11:57:36.0000000+00:00","18.79","12-24h","burn","EMBER","1678.1873810879433","0","0","False","False","0","0","0","0"
"EXH4nHvWEtgzvMrZxJmAVMCKv7nL2RKABQ9nXTok9jgS","8gc5Wj35hDS6iQ1EfZnERtjs9EwbM5nh7iGwf7wajn7y","","EMBURN","2026-09-12T06:34:16.0000000+00:00","0.17889","00-06h","keep","EMBER","3958.3092629525604","236.67430787854","4","False","False","1789194976","4.7334861575708","4.7334861575708","0"
"ExonamkNm31NJshjnFyGaxp8v2VxqtY6RjZ5baagsz2H","GNZcqEEvqh6wDz8hKYVmaJnowQFnZkP2T55rcb3gqVyc","","BANG","2026-09-12T02:58:00.0000000+00:00","3.78333","00-06h","keep","EMBER","4108.460229181761","243.0793389108743","9","False","False","1789191970","4.861586778217486","4.861586778217486","32.98324105466395"
"ExzWZX6itQUAE6TkfPZkVqnyMct71HBRb9pFQxSp239q","C7QMEhYzLCPQD8Ko62tAqesujuAZ1nSYAdKCxdTsoet7","","EMBERNUT","2026-09-11T09:33:24.0000000+00:00","21.19333","12-24h","holders","EMBER","6909.595519737872","65.25004818029","7","False","False","1789120459","1.9575014454086999","1.9575014454086999","0"
"EYn7vyXkbFWusxmp5R3E7KxmYpYvGuZY3kstV4H69oMu","FT5HwZ3QqWfU4HLirTvr6TGFhcj3tS4JKZnBggmd7T5v","","MIDORI","2026-09-10T00:08:38.0000000+00:00","54.60611","48h+","holders","MSFTx","4005.0498038902015","188.40453718159486","2","False","False","1789120327","1.8840453718159487","13.032331568887038","10.4728208489848"
"EynU2P7WkyBcCKX4HWR4yq2eLToKmPqZxJk4WYe5EE9G","AYs8E2yZX7ouehNguHQ6wv5zgEsJUcsws7AQ9t6Cfnxn","","REBEM","2026-09-11T11:54:34.0000000+00:00","18.84056","12-24h","holders","EMBER","1744.2742223170787","0","0","False","False","0","0","0","0"
"Ezwn8bxTG3KdBptbJqD7JutY4jwjCnaNSth4dD9uaMh8","DT62NaWcAYFppHaJZo2YPmSd3VmWVu2dZhZ8BFwGCg8z","","CATAS","2026-09-11T09:53:31.0000000+00:00","20.85806","12-24h","holders","EMBER","8724.434438323593","5845.895035147303","72","False","False","1789184678","58.45895035147303","58.45895035147303","35.82380548564498"
"EZzVTdmymFEQaE6MuG6uxi3DfnKD7MTnjWryG5N3Xnzk","FiCrprWQvJiHBNt9NiJscnJwSR5TRiMcx9qfqduqH77g","","BAILIFF","2026-09-11T10:01:53.0000000+00:00","20.71861","12-24h","keep","HOODx","3981.0516416835","7.240167300721284","3","False","False","1789122021","0.14480334601442568","0.14480334601442568","0"
"F12Taea94GKNLDmi9mkdQ2sE1XGTZwZEBCbbkVQCY6xr","ADyRqiicX1PgfBofpGv44X4PF6BdhTAC8GR78LRVV3NJ","","METDOG","2026-09-11T08:51:04.0000000+00:00","21.89889","12-24h","holders","MET","5061.795781444042","6080.442889741362","120","False","False","1789183914","121.60885779482723","121.60885779482723","86.659931227389"
"F13CtRBTNJFojGUL5L5N675pkpPYUapFzo4hSi5kkaVZ","FqvC6c7Ght8vJp8P9pLWpBr9fT2Qum2b3s6E9a6e2U3J","","ETH","2026-09-11T12:06:37.0000000+00:00","18.63972","12-24h","holders","HOODx","3990.990331248147","238.07378704369643","6","False","False","1789132921","7.1422136113108925","7.1422136113108925","3.9404496926303603"
"F1HCYuLtthsRJ3ynxbsMnnwy57TGTbLXaYDGaYmABFdG","Grjkdw5h77iLKuaZoMiihkpuUtBRevM15YA1DL3RxzwL","","REBME","2026-09-11T00:52:30.0000000+00:00","29.875","24-48h","holders","EMBER","20210.18297496126","2660.984248516827","18","False","False","1789151855","53.21968497033654","53.21968497033654","26.29018055339604"
"F1vizhkwwsnEaGqmWQbe1XPkYTEhCdZU92JVCr7MXUZ2","6SusVSxqxD4XGnNzmRWjKWJFwwUgG4FCChf9nBBm4d44","","METH","2026-09-11T12:51:27.0000000+00:00","17.8925","12-24h","keep","MET","3298.9998476213564","0.67561584","1","False","False","1789131110","0.020268475199999997","0.020268475199999997","0"
"F1WHWjYAwT79mjdsnVqJAcm3xCcqTTdWM61FTLmAvvgy","GsXXgTtb5bAbg5x9yonLMAxev1DeeMpJ4WFM1fSZ6Say","","DMT","2026-09-10T10:13:26.0000000+00:00","44.52611","24-48h","keep","AAPLx","4171.923272012628","73.3998541748966","5","False","False","1789133351","1.467997083497932","1.6252728803681302","1.3012669196119"
"F254h2A9BHzq9e26eH3XGxjGVZY9F3G13spDLuNp3KQh","7EtQUmsPkbBtzkraExqUChetAJU7JFH6gHfCgyDzJYWy","","GMET","2026-09-10T00:09:14.0000000+00:00","54.59611","48h+","holders","MET","4714.59661702171","16890.645385528205","249","False","False","1789179030","506.7193615658461","608.1621854539585","484.9256897043187"
"F2mTKX6dwdTnZXsAu24JDv9LkLZDW3T4fbwz7Mt8ZjoN","6WiDf1BTy69vNDrUMkcQ5nn1FhL2P9LF9rktf5ywuMhH","","COMET","2026-09-09T23:46:18.0000000+00:00","54.97833","48h+","holders","MET","4386.796494306548","3304.9025705518725","46","False","False","1789138501","66.09805141103745","122.57561241711397","97.96270552595999"
"F2n28goG1tzmCtNGsNkvNcaNw9XxeBAFkbEUTWAKmHc","B6EX2pvVkC1KdbfDBRzGnSPkYBT188GXqLu7VtTBYNsT","","OSAMA","2026-09-11T12:56:23.0000000+00:00","17.81028","12-24h","holders","EMBER","1987.2125286620392","119.76384464763322","2","False","False","1789149179","1.197638446476332","1.6334335172799999","0.49657536639999994"
"F2odXgw2QybB4KBQeWaH58r4DyNQxSGLZKgzq6WjSq3M","2tkrzvJeJRn7sxcN6fD9mjCewcUKVgY2LXgZesxQ3sMZ","9bN917GhLQtEe2DALgBPSNQN1UefJgruVWrS6kmSAv7A","METSUMI","2026-09-09T22:43:25.0000000+00:00","56.02639","48h+","holders","MET","20685.279289603528","306229.42","3073","True","False","1789194980","3062.2942","4124.871305113624","3489.399385360829"
"F3kbDHFbbdVtLcVVi56iHS2BquaqJT85aLkczAZGsohf","2utni5MLTwAB1Hvi9fLecWjLzMVthEdNX5SqT619ArrP","","EDOG","2026-09-11T10:54:17.0000000+00:00","19.84528","12-24h","holders","EMBER","4428.010933486821","0","1","False","False","1789124055","0","0","0"
"f3NJoYstfQtMVWztstDRryxjsN3xkQEqiWHkYtpTgX7","3CGfDH1HprCw4YaPmP6YgcXhi8nBrVK7mYX5yTJcpdqo","","CATON","2026-09-10T00:07:10.0000000+00:00","54.63056","48h+","keep","MET","4278.458950725084","0","0","False","False","1788998877","0","19.47341088","15.578728704"
"F49Cg4tGCdRzj3cKWpZHtZZcasfBMHf7BEY51qi3ew6F","EcNvvp48xLWRyHZDD6Nayenueg4fL6CcHV2hwp8qydUE","5EYyqYA2646vtVf9xq4LdRBrUfuFXyBjnaBqWrSm8fFq","EMBERDOG","2026-09-10T08:01:14.0000000+00:00","46.72944","24-48h","keep","MET","25315.432732787653","310426.33","5234","True","False","1789194777","3104.2633","3104.2633","1815.8765853750358"
"F4BSpZXGn45FvV8AhsRdc8CkPPz4ERqEmPgjce1zK7L2","FW75SF3xkD6EDpQfBocUKNJhBADyqdqvk427btG44QbL","","PHOENIX","2026-09-11T12:16:09.0000000+00:00","18.48083","12-24h","keep","EMBER","1903.69912412624","0","1","False","False","1789128963","0","0","0"
"F4pHBb1rFLot6B8ywW3BJTNjugXzfFiZF5U8LjKMUeUn","GWduscJCsR86sMd8gQtNh9kXCMDjGwMs7PiusHDjsJ9a","","ELMO","2026-09-11T14:50:43.0000000+00:00","15.90472","12-24h","holders","MET","3418.3477031317184","0","1","False","False","1789138237","0","0","0"
"F5BTugrogKHu9LrkZ3HWVcADVzPxZFbAXSN1SPpE47rD","ExjhaJemH7ZpktBUXCZK1EXrY5No7nAbe3iwovpEq4g4","","CAT","2026-09-09T23:36:54.0000000+00:00","55.135","48h+","holders","NVDAx","3921.0345653772033","0","0","False","False","0","0","9.424377911591568","7.392878209652103"
"F5nf7CuMEnX7WR24nzXBzURbMFxC89QuVcdvmEDpUzx","J3SwVfgS7bfVXmk8VruFz5xaJaD5dTQB22J8cSyKGYjY","","GPU","2026-09-11T12:17:01.0000000+00:00","18.46639","12-24h","keep","NVDAx","3994.634003333759","575.8961165847766","5","False","False","1789129242","11.517922331695532","11.517922331695532","7.47493388257416"
"F62NovwFLVDcmwYL1CHfCPF4o2HWXe5eSzHG1HtoWmox","EddZ898KhaK7VcjCXoHjTmqJ9FJZ8b9ZDfK17WmrP8y3","","PYRO","2026-09-11T11:42:29.0000000+00:00","19.04194","12-24h","burn","EMBER","1480.1895958435985","0","1","False","False","1789126948","0","0","0"
"F6qGZ1XNhEkEGSMnugMDyjBqDyAcwK3J6J8YvQEAeQsw","4698UP7NRepfyuSvWFDdf4LzejsEzcC9uBJzmmJyt1nG","","MCORE","2026-09-10T11:25:36.0000000+00:00","43.32333","24-48h","keep","MET","4341.8838510574615","0","0","False","False","1789039534","0","0","0"
"F6VHDEBaGemPRYiGCyi5jxtQgM5MkvAuBy8KFezi3snE","B55CeuKU7D3zzBvet62rUfHvkXtaAys4z6KoWWvcLuVF","","FW","2026-09-11T11:53:31.0000000+00:00","18.85806","12-24h","keep","EMBER","1763.7091395781329","0","0","False","False","0","0","0","0"
"F7qjgzTGBpUtmRwX1BGYMEcQyFqdwtdE6qptC5LLhJiS","CfT9nfb8MTyZb73xg8mSwjRKMRAksSCDhw7x1vrncRX5","","GEMBER","2026-09-11T12:00:32.0000000+00:00","18.74111","12-24h","holders","EMBER","2476.9740691159545","8571.381416856062","303","False","False","1789166801","171.42762833712123","288.1764030456317","225.3118527353281"
"F8qFhuzrEHUxWZyTvoR76MgJbPDrgtmhdMSmdDKaEvqc","A3jqYE2ACReHUpMfuwg4acXqXjEKKmxLirAowabb7xgg","","HORNY","2026-09-10T12:26:17.0000000+00:00","42.31194","24-48h","holders","HIMSon","9744.773816689407","133.17216502107647","9","False","False","1789164304","2.663443300421529","2.663443300421529","0.31965617950287945"
"FABMVvXa6DAdLMvUAPHsKY6xkzWmYySbRHSZA9NffrWt","FY8pcecNCnZLDoESjqMrukUPyj48z6MJZzj1ZAb6FtPy","","BINMET","2026-09-10T00:06:48.0000000+00:00","54.63667","48h+","keep","MET","4278.458901802815","0","0","False","False","1788998874","0","29.06259048","23.250072384"
"FAN276DLtYoAPHGQjgjfHi8UaBxKhPtdUbXSPKtNStwe","3DA1qy4M1qJT4ExRz7Wzv242xoMbAG19MT4hJcd7cy9F","","DUO","2026-09-11T14:02:30.0000000+00:00","16.70833","12-24h","holders","PONS","3870.518333750074","19.5485989343645","2","False","False","1789135462","0.39097197868729","0.39097197868729","0.24151701772621997"
"FawhmC6nA89YB4dmemDbqjeP61NezD17LZjEXZ7Wui1V","5octP3tFANoVEgbDaojkVyLcBrLC2kPgmNQAjqFXq38E","","TORCH","2026-09-12T04:29:41.0000000+00:00","2.25528","00-06h","holders","EMBER","5248.339439953754","245.52042618400117","5","False","False","1789189182","2.4552042618400116","2.4552042618400116","0"
"FaYk9dKwUkwv6YqVwe8FhEyk6vm2s31fTr5yv6bvij21","Ejb3Lrz1kvsNZcjW7GrWsmeHjFBziDHdDbamH3aY8WfE","","EMBERLADEN","2026-09-11T13:07:15.0000000+00:00","17.62917","12-24h","keep","MET","3359.8909285052696","0","1","False","False","1789132029","0","0","0"
"FaZbEzeomU3TpnJbo5k3hGA68ZAdx9ig5nWVfA3Earid","3HZiaaRS3jdPQiBMCtR5yMzW6EMBR8GGBVrgkitcyEDi","","911","2026-09-11T12:00:37.0000000+00:00","18.73972","12-24h","holders","EMBER","1737.6389541970357","93.60972241108323","2","False","False","1789134111","1.8721944482216646","2.8654265376","0"
"Fb2qbLj2UxPsAH5kY2nTp7JD4EJijUTjJBV2tYMDxBsF","NaYV8f2pRurcZUn1uvingKTp1ThsCjQuwYv9nHECyhG","","REBME","2026-09-11T14:15:59.0000000+00:00","16.48361","12-24h","holders","EMBER","2092.104079821753","1.21652432091","4","False","False","1789148731","0.0121652432091","0.0121652432091","0"
"Fba5i5jXWQQRrkmxZsUP7DqsiZJsMSPGeQRb9LTgkG3u","F8hgXNKAq5cq7Nfv7HQQzrXsKaGCF6hHiZvn68VZdHHb","","PVP","2026-09-11T13:50:08.0000000+00:00","16.91444","12-24h","holders","GMEx","3972.599543893907","0.10199370292636001","2","False","False","1789134619","0.0030598110877908","0.0030598110877908","0"
"FbMYC1ehCGJ4c76W56prtgsjw8gLSVJpXi8KkwmjCKFs","XeeYFhDAPWwrdCMVjgvpiCs4EDjs47i2YXqpArcn2FM","","CRIMEDOG","2026-09-10T00:17:04.0000000+00:00","54.46556","48h+","holders","MET","4365.647290485837","0","0","False","False","1789066440","0","29.383018707098","22.860233507727"
"FbTncy6nL9wup3JPaEKahF2XMiHYKL5AQ9ro1hpP7CuH","9Jo2iNsUtUjvmu6ezEPtVqfafLCNUMm6xFM1VemcnKxs","","CHURRO","2026-09-10T00:31:31.0000000+00:00","54.22472","48h+","holders","MET","4359.301873014219","0","0","False","False","1789000289","0","0","0"
"FCJisEQwHUVrJAwtKZyAkwNxugQVf16xVisqJWWw9SV6","CUBPc24jV4rjKutdczhFexBZVosWdnkExDhoefSfPqG6","","BCLAT","2026-09-11T12:57:37.0000000+00:00","17.78972","12-24h","holders","EMBER","2025.439454694446","0","1","False","False","1789131453","0","0","0"
"FCk39hhjWtgEXnMKyRbZnNsZWYsD8w1dVeiMdwe6vwxa","FmrSndXofHLZuhJhY7jYASDroNnpZ9NzC7L4JFcZp3hP","","BIGM","2026-09-11T15:28:40.0000000+00:00","15.27222","12-24h","holders","EMBER","2026.056376749279","23.03241267809","5","False","False","1789164215","0.46064825356180006","0.69649230832674","0.49077353207953"
"FcQoakyJKs6rdCHy7AkDgHL8SwLomcmWBR9wi4mrzhKs","HEmERBN38GEYtnMa6r2EW8xAaa4ak3jhPXj5SCv8DtkM","","M3M3","2026-09-11T08:35:49.0000000+00:00","22.15306","12-24h","holders","MET","3666.250699632677","350.674724856162","7","False","False","1789115808","7.013494497123241","7.013494497123241","0"
"FcwyxcNfxiq5W34LHPSF53iLmSRA5C2gyP7vGcLp6GdZ","Fwn1FAxK7vuaGiHBJU5QJ6faMJtaFEYy4qNggvkTWAKu","","REMBE","2026-09-11T12:10:18.0000000+00:00","18.57833","12-24h","holders","EMBER","1741.2300625488988","103.8642514544447","5","False","False","1789128624","2.077285029088894","113.32373682167999","85.9478541985982"
"FcZTv5YhyvwRyDv3J38TQw8QCmjpFv7zkkWur3bps4gc","JBYRsspdST7A9kERSJ1JABy7Ly7WD9Qz2RhwHxUgF5s3","","SPCX","2026-09-11T13:21:14.0000000+00:00","17.39611","12-24h","bounty","SPCXx","3989.9744161700514","97.79875864946473","3","False","False","1789132880","1.9559751729892947","1.9559751729892947","0"
"Fd2WFLW6aXd1zXY2q3fCspip2BLc1ZyhDA1dY7J9MQ9p","cmDmcJrUzXhZAeGBDKJp2XMowTKJ5XdC9KUHKA7WY7C","","ZACH","2026-09-11T14:59:07.0000000+00:00","15.76472","12-24h","keep","EMBER","2230.1214706750093","524.0390654396508","8","False","False","1789141248","15.721171963189523","24.946602303364127","19.95728182408978"
"FDCFKk8r34Gtiy5NvmqL9tguNTbEz3Hf7qZ5WhX6Jyu","52fWFjng8uecPykAnWNDRLEeZedwYVq4WdPBy3CZVEX1","","STOKE","2026-09-11T22:58:13.0000000+00:00","7.77972","06-12h","holders","EMBER","4942.1118364941485","0","1","False","False","1789167491","0","0","0"
"FdL2nogMTbEadZnnY7kBNes3wFDrFiczLBvzjY9vXYWd","59nLN5nAmrTJ8V7w9qAJaScu5KDhWWZmWUzMhuzgV2FK","","BURN","2026-09-11T11:22:54.0000000+00:00","19.36833","12-24h","burn","EMBER","3477.030807697097","45003.595186416496","1276","False","False","1789188543","450.035951864165","674.441127830605","544.5556087090408"
"FdmafzSUeqCUYecP7eJ8yLweQsoKDhJCjZibBH5NBu8x","EqTp4fNLzmFNaPCx4am3NWsNoFZfDPoPm5SnfR5UGPF3","","EFLY","2026-09-11T11:30:58.0000000+00:00","19.23389","12-24h","holders","EMBER","2340.22346210462","136.8436061334619","3","False","False","1789126321","2.736872122669238","21.527515631537902","17.22201250523032"
"FdWpmc385cy4ZbWaFTVyuBvmVp2E6orXorMqEaRNYkSU","GoB1uQULeXPfsmHaCZjq48uDDntpHzadcoaB1yrP6zK5","","GPUCAT","2026-09-11T11:44:16.0000000+00:00","19.01222","12-24h","holders","NVDAx","3984.3007083173866","1184.4553671468382","16","False","False","1789127206","11.844553671468383","11.844553671468383","0"
"FeA3mP2SJvHmzYru2HrGg8sF9Bg2sfMkcJQqeQkaoYHt","FJub1y39JBTZuVKeLpXrYjst8EFD7zzR7GTx1781SNmT","","EMBEAR","2026-09-11T14:12:56.0000000+00:00","16.53444","12-24h","holders","EMBER","2064.4288289333326","0.31179999999999997","2","False","False","1789138284","0.009353999999999998","0.009353999999999998","0"
"FEHkSDCojw3UtbioyahiLV3ymqxECkPn6CDMJn6RXf3r","J39pBYZZVLjWoZKiDm8ENwHrtp8s4DgYncNXL47yVwJh","","METCAT","2026-09-11T09:57:54.0000000+00:00","20.785","12-24h","holders","EMBER","6553.290741664593","15.281317984409998","3","False","False","1789135826","0.30562635968819996","0.5134630767999999","0.18094867199999998"
"FesuufBFcLGAytgTvPSd3JgUhx25EAS5kVQmRf6Lx1ZB","BbivmoWAcW9psE2NJqbTeLu4CHUwMiGLQXHgDiE9yDn6","","CHARMANDER","2026-09-11T10:09:56.0000000+00:00","20.58444","12-24h","holders","EMBER","5747.624886335903","0","1","False","False","1789121395","0","0","0"
"FFC3obUfwokDMpK2KDESxbDZ4yHwbK6pzLCsLaAaXYEX","67QTCvDqM9ib6HCtpYkJnjcM3kj1M5HakVSMyJHAsbfW","","ZEMCAT","2026-09-10T00:18:09.0000000+00:00","54.4475","48h+","holders","ZEC","3654.53038156698","0","0","False","False","1789000449","0","22.1107790877823","16.644728958066253"
"FFKet39sXcTC5iFoFq3mJnx11Crt4WoZHiukeneQiGJm","5sZ4cchs6PLTyvJ1sn6voaro3LFuYNsf15PpPDFJwzhc","","ASSTEROID","2026-09-11T08:39:11.0000000+00:00","22.09694","12-24h","holders","MET","4663.244045799818","4181.573144268707","55","False","False","1789179625","83.63146288537415","83.63146288537415","55.11209773422"
"FFnXuXiMD1DfgF1L4ysPxX4cNrNP5Bzq8sKSh42KRecE","6BSMGnCsGZEX6ZwM1RTWpXqYrcB49mzCNXpP5cBuM15d","","GICAT","2026-09-11T13:59:25.0000000+00:00","16.75972","12-24h","holders","EMBER","1979.6505137102988","102.14026735413056","3","False","False","1789136487","2.042805347082611","3.2793880597417204","0"
"Fft2jV1mtFJuwMNqUQgHRk6zhAqrKGAyBx7VtumTxwq1","H38mqcBdwdU5XLHwf4k9pyJZ5dwsnXnxn4U9dRfzosmd","","MSTRBALL","2026-09-10T00:10:32.0000000+00:00","54.57444","48h+","lotto","MSTRx","3915.040739120473","0","0","False","False","1788999515","0","2.0449907247856105","0"
"FgjttZb4V5NwNKsNAm69pqbp4PrQzawyomdmzkvXoWQ9","6hEEZceNPoMeLNRFPGfeoqExA8CYLeqLd8xvyi4aVQNK","","FIREDUCK","2026-09-11T12:25:45.0000000+00:00","18.32083","12-24h","holders","EMBER","1759.731654895085","3134.783085134882","84","False","False","1789140080","31.347830851348824","52.844277134675345","41.723673283412616"
"FgZ21YLo8FPnjneBWfomXZE2vgSEC8hdufpx3ZLZq6Dq","128pcvEXHEUDszDSygh2gq1Vc1n1N1fucDhd4oAy17gy","","REMEMBER","2026-09-11T11:58:17.0000000+00:00","18.77861","12-24h","holders","EMBER","1724.4607690518405","1859.9477884109526","47","False","False","1789131220","18.599477884109525","123.41194072725916","97.60058443252154"
"FHFqTvqtykmdFxmmrR2x9s2QqyF9vbUUcHrVksxf7XBY","9uhxJc4e3dK5oDX49b9L3knUU5bEfnHe1UkPgwmag8jj","","EMBERDOG","2026-09-11T12:30:47.0000000+00:00","18.23694","12-24h","holders","MET","3309.221957746587","232.562995662214","4","False","False","1789130500","4.65125991324428","7.6101586177922","0"
"FhiLsPki6cHv2a35TNkiy1LFhcgQXtzcjmkyhbj5pi9J","B9ziWWtPX6VpcqQN4cvHJw1hkrpz5s6sGEJmYKpf1K6","","METHEORA","2026-09-11T12:04:53.0000000+00:00","18.66861","12-24h","holders","MET","3230.8720848390008","0","1","False","False","1789128281","0","0","0"
"FHjwTHjTtg4jfaaKVT8rqdppdRgspeB2gSq5ZJGJca1t","Fs8GySJmiVujb7Xv2A6jsJbCVt2yLtgr6XqaoKNgeGfb","","DICK","2026-09-11T12:24:25.0000000+00:00","18.34306","12-24h","holders","MET","3344.1756154794093","15.772614650532002","1","False","False","1789129494","0.31545229301064004","0.624609386","0.48306977735570994"
"FhmoDEXE4UnG8H6HcXcK74hyi5ZFy3is6E3nB94G9ae6","DAL5FiJfMX4BHNMAaizPsQ4ZmLGdNM57hCv7kmmRjqa3","","BINLADEN","2026-09-09T23:56:09.0000000+00:00","54.81417","48h+","keep","MET","4334.103597019604","0","0","False","False","0","0","38.369712557946","30.695769964398"
"FhStayR6uepvxMKygF4eY2NX8rUFLMikAcQEaBSsi37w","GJFrw6GRny4hEMU9E7LrS7tuGs8jgfPRBBKVDKbPYKS9","","NIGGAMET","2026-09-10T00:13:11.0000000+00:00","54.53028","48h+","holders","MET","4305.07137400178","0","0","False","False","1788999507","0","10.511343341037","8.409074508912"
"Fhy5QnNj2RVh7jUQ6bbDVMaHpXRM54ppa3c5TWcJX23K","4cKBWCygv5aMLVy2W3aB172XiPS3Brbz6bVJ1dy9wgW8","","METCAT","2026-09-11T16:03:01.0000000+00:00","14.69972","12-24h","holders","MET","3451.5895210905396","11441.264455666053","167","False","False","1789185303","228.82528911332105","291.835499138844","231.67129521854497"
"FJ74jZH8HPm6FLrasDycy8JktiMGbxVNgcdohGJVEWsy","3iVLVBg2S11BgjzH5i6HrDMqi3VJi2XF5hD5x5Aha8GM","","MOON","2026-09-11T12:40:26.0000000+00:00","18.07611","12-24h","keep","EMBER","2098.1005323249697","165.1561037300009","5","False","False","1789130433","4.954683111900026","7.38011642028315","5.91306613825668"
"FKJVqsDbzfMbCSvBMEHSedXMFvpM4doigagyM5nWq7VF","8dDhfgnU53ZNqtWcSFf9mkJo41JjuNuxex6HvucPPdSk","","EMBERMAN","2026-09-11T12:15:49.0000000+00:00","18.48639","12-24h","holders","MET","3384.5264797412756","33.79785","1","False","False","1789129003","0.6759569999999999","0.6759569999999999","0.48299904"
"FkmEJAWxwUGdpXcn5DwXNyzYbKK9AkhhoSuaeNqxKur1","7gNCh9RL51m7h3J3g8hQEiSjFsBPv82ri1p9K8tT4nyF","","MEAT","2026-09-11T11:35:47.0000000+00:00","19.15361","12-24h","holders","MET","3440.5803378737914","480.20027741155405","6","False","False","1789126632","9.60400554823108","9.60400554823108","0"
"FKWmz5JmGJrGTbPrkVkrPX3hafXNMNUAN9APX4DqfDWU","9QDBk3iytGpvdePo4pfYKb2vGLrvwi1NeiXTmTfMaHpB","","JSON","2026-09-11T08:19:09.0000000+00:00","22.43083","12-24h","holders","TTWO","3949.7870127157585","0","1","False","False","1789114747","0","0","0"
"FLootBnqRxG1zgBvZrT8NCBbMWEb3bSfBUEoBDxjHYzQ","Det3hSHQxuXwwi2DWxvGgbdjvoQKzTVFiVd2zjJX5JK2","","SUPERNOVA","2026-09-11T11:15:42.0000000+00:00","19.48833","12-24h","keep","EMBER","1929.0667070811753","143.31114113853783","3","False","False","1789125374","2.866222822770757","3.9071988874151993","3.1257590884493998"
"FLXt5owfwFR9heftPKVhrRg1wj8MHQuVgYuhBHQesXpb","7F29DwckSf8zzXNqoCoVtwkQcNvXqwhfP8LRpXibiXWA","","MAD","2026-09-11T17:38:15.0000000+00:00","13.1125","12-24h","keep","EMBER","2212.2725869782503","10607.053913602178","10","False","False","1789148313","212.14107827204356","380.8319121255873","304.66552969490203"
"FMKwWNeLLeU6DdzUddFp2DmU8YMehuBSyxT6Y8Gft2NP","5Mn1LAcmRXKCHQmbqWDs5PmueyGuZRj8QxDJbz3JKG9d","","EMBERMAN","2026-09-11T12:25:20.0000000+00:00","18.32778","12-24h","holders","MET","3372.4496069177117","0","1","False","False","1789129514","0","0","0"
"FmLazhYBmjCi2Za6rgaWGnSVdd3Su77RSia5Y9AyQbkb","97vXsYbJ1z46dxRuCbiPikRvPK3ayQj5aWN8hvzJvXuo","","EMBERWHEEL","2026-09-11T11:47:01.0000000+00:00","18.96639","12-24h","holders","EMBER","1689.0967365860733","2404.6365385005433","58","False","False","1789189552","48.09273077001087","71.66274144090535","52.507734102026554"
"Fmw6PQfKqm8Zub6FTDRd7bzjvqfEVU6td7xNYjxtydUY","2SzkcpX6uduZPwbMF2MmQM18zDiET4JkomzFHQGrJbt8","","BADDIE","2026-09-11T12:12:24.0000000+00:00","18.54333","12-24h","holders","EMBER","1795.5513742830624","415.9144475245533","11","False","False","1789128783","12.477433425736598","22.651921561665002","17.8316620918364"
"Fn8aCAx6M1PKe6vTacfKktqwhY2zDeC5Q23fKUjgU8wX","DPXD8VTJ9ky9wcNSiL6umiuZyQJqo5CbkKkjyLD3JZ47","","JENSEN","2026-09-10T03:09:57.0000000+00:00","51.58417","48h+","keep","NVDAx","3928.580900254196","0","0","False","False","1789010265","0","13.8765820375","11.10126563"
"FnCMdFcQJNUfS4NKue6ZjSRzncqpwqHgGdG35WPhrbj8","GqMrCKcQXGvoSvTca3tKqvfapwxKrdEvBdy5aHYSb6n9","","JOHN","2026-09-12T00:48:12.0000000+00:00","5.94667","00-06h","holders","RBLXx","4000.0039859752096","0","1","False","False","1789174090","0","0","0"
"Fnkihzmk1KCfXvd13nLMbx3KAtYXyZgdpSVwFemNan2J","CWQ6NeVfVjbA42PwcKD7XWTHPC1viVGk56GVB6qDUKSo","","LCAT","2026-09-11T11:31:14.0000000+00:00","19.22944","12-24h","keep","EMBER","2340.2234621046664","1232.9000372258263","43","False","False","1789126372","24.658000744516524","40.5854181900155","32.4683345520124"
"FnnpTLvQ1LwEEnqkfWgxaBSUw4dHvKway2Ts5mhjmTKp","83VDaHNxQHEYpzcH2MCdpYUViXZBpZELDxqzxrCxEDBv","","EMB","2026-09-11T12:57:38.0000000+00:00","17.78944","12-24h","holders","EMBER","2164.138230391112","20728.51482817372","495","False","False","1789186820","207.2851482817372","320.19408011051746","264.0969983657858"
"FNpMaYXrBbCzEtHTuC35PxW1xV4MHR1DHAbTtByu2rmG","CnqRMufV91ud1hAGuZq3EP1n7eMpswmZjA7Rq6ePEDmF","","FAMILY","2026-09-09T23:58:35.0000000+00:00","54.77361","48h+","keep","MET","4336.192321617534","0","0","False","False","0","0","25.581948179634","20.465558420769"
"FNTskWJvpJmnSKnZmEPvZqPPJpFWYojLew4oY6Hc3uLa","36u9b8qdzPrbq6ViYqj69cZb3NwXmjMDHzDYZN14pZNC","","HASHCAT","2026-09-11T20:52:39.0000000+00:00","9.8725","06-12h","keep","EMBER","3087.953219667937","1185.3941582169725","2","False","False","1789159957","23.70788316433945","27.98362607771442","22.38690085841406"
"FnWrLC7U2A2cM52VNbxeQnJTzDYCh3L1uTf8ksecFNhg","4jtwxcWjXcq5eXUSfS9xACLdu2SVreMJocfLC9MZvTuh","","BLAZY","2026-09-11T12:35:30.0000000+00:00","18.15833","12-24h","keep","EMBER","2231.400957673245","0","1","False","False","1789130124","0","0","0"
"Fo2wgXD6SJGSY1U37BweU48U2ZAUUPDD1JB4yvJ753su","9mmfEKSUGaEvbgz7ziT6747z2MCzu56soXpX4BG6XYXD","","FIRESTONE","2026-09-09T23:31:56.0000000+00:00","55.21778","48h+","keep","GMEx","4260.207834314365","0","0","False","False","0","0","41.509163747764305","33.2073309582343"
"Fo38Ehu6GGVzaL6cK2yaqtm9DzvHSuBXC7VGkZRhRhx8","CdqvzpUee6cP3BbGoa1vguEvbwteV51ia63WGe6hrxmq","","MEAT","2026-09-11T11:34:35.0000000+00:00","19.17361","12-24h","holders","MET","3455.5896274303477","0","1","False","False","1789126474","0","0","0"
"FofwzsmJuz1fULY8SCF4nYB1zyCUpGdD9EsxcD1wi1wD","HuUxusvT9CGTW4XCFHvfSUCnS47wfczCNBTJSnBipLNv","","SEPT","2026-09-11T11:02:12.0000000+00:00","19.71333","12-24h","holders","EMBER","3765.400818361339","0","1","False","False","1789124528","0","0","0"
"FozJAiFjbaqXFpedZchobqzCwsZQYWx8JkB1GKNdxNLe","ASr8aRq3yipZpmX8HEf98vL6EZemgSnDHS1A2MGezdnG","P6D78NGUuEUGgbwvznXpQpLUWz1aaX4fMtrgcYeWWp5","BURNCOIN","2026-09-09T23:00:18.0000000+00:00","55.745","48h+","burn","MET","3735.019294437337","13630.04","261","True","False","1789187280","136.3004","420.14569216078263","340.6839684173137"
"fPgNVDFTEtZVdeaKRYKps1GBi9Mnase29NPZq7ohHro","J8T1LEBnDqpwwhD2AVEd6EWjmn4uwnsSwe7R2cPQh8o8","","SMOKE","2026-09-11T17:51:33.0000000+00:00","12.89083","12-24h","keep","EMBER","2304.9261670329274","0","1","False","False","1789149092","0","0","0"
"FpmtDYHX1an8HViDwaEKfiq1Gh1vnDkQbQwRgCHZCr3g","J38px2vSX1QRoDebexLaVPVGPFCw3rKxLTQPc1yZePki","","CLANKER","2026-09-10T01:17:39.0000000+00:00","53.45583","48h+","holders","BOT","74901583.50777735","0.160663896","0","False","True","1789003274","0.00160663896","0.00160663896","0"
"FpNnooZ5yafoPsEZ9F3oWi4EbnUPkmiuhzsegpPUiRz4","GwP68uB1yoc2rJjVYXFERjy3r6kTF8iff33bDMQv6sFU","","IRS","2026-09-10T01:12:30.0000000+00:00","53.54167","48h+","holders","SPYx","4012.0617589868643","0","0","False","False","1789029114","0","76.22800536048253","60.2595468076898"
"FPWbsKFfqrcqtaEd6aZV8jh16enfb9nndA9LhMnfpVWy","AYupRXXvGRx6afGiyMH7JQSp1UanPXYzc7TyUiJC8zZN","","DATACENTER","2026-09-10T00:34:59.0000000+00:00","54.16694","48h+","keep","MU","3813.2667677010286","0","0","False","False","1789000497","0","0","0"
"FQmDJU7AJtE8QvWD6GjmeGtbKWTZwbmnUfstMtxDBp6Y","EPC7bVXR7HktLAxWpiXY5X3KqtUWfLMoimh4YsbDyEkG","","METBIN","2026-09-10T00:05:27.0000000+00:00","54.65917","48h+","keep","MET","4298.900654095063","0","0","False","False","1788998735","0","38.25099769491","30.600798155928"
"FQV3SmTJL3wvbDkrtMvof1epMAqu7hCbhZgh7UX3v9wj","7R6QTBMzJUfEGuvGys5o5Xd5cNTz72GvaGGGShQ5dHc1","","METCAT","2026-09-11T11:53:37.0000000+00:00","18.85639","12-24h","holders","MET","3241.116794251781","0","0","False","False","0","0","0","0"
"FrWPMMMBaQAwibeKGciuwSLD6Gfkxh3kdEM9naF7cvHJ","C9k5L6T6xHVPPFTogsmXV7KVLE6xpJ25EQqBvxVYEnsB","","MEOWTEOR","2026-09-09T23:27:26.0000000+00:00","55.29278","48h+","holders","MET","10381.58230547023","30889.293341450728","574","False","False","1789194446","308.8929334145073","768.6960495939644","601.2898637284899"
"FsdG6CZDuCn69XiD31eEVr9SBqLC95F8fZvebff6r1HW","2DBbsX7SPxnXQwB3kna1rFf2dyWZiXkiWkbegCDtp2C3","","LEMBER","2026-09-11T11:17:14.0000000+00:00","19.46278","12-24h","keep","EMBER","2382.0716184375065","204.7360152654955","4","False","False","1789125504","4.0947203053099095","11.72176058138048","9.3774084428994"
"FSGPeURTDZMGjB1pesXMgodErhyEGugf2Wwfd6Q3T3fR","Bpm1Ry1XNNtayb3WYP2VjVtHCUGcuWNNDMZz2DtBKf63","","EMBEROR","2026-09-11T12:28:15.0000000+00:00","18.27917","12-24h","holders","EMBER","1898.909999909722","169.84979841684356","6","False","False","1789130645","3.396995968336871","5.17049492586235","0"
"FsiDU4zcDKvuZRk3Ft4RHnRczKh4TdSi5GpdynkCuCTS","BiKZooEsfbmWb3Ho2THRu3ugy1g1yk5WffcaCRRopxiG","","TEST","2026-09-11T16:28:22.0000000+00:00","14.27722","12-24h","keep","EMBER","2324.3107979689767","119.7585986704185","15","False","False","1789151683","3.5927579601125545","4.97541370249228","3.50310971493334"
"FSKy4vWThZLFiW2i7RPMhb4NhRrGr3A2ascu4b6JZ2ug","C8Sn3Br1VoWMjzRdEkwe6XeXCgDQ4HDdaF99i8WDGoYG","","FLAME","2026-09-11T15:33:40.0000000+00:00","15.18889","12-24h","holders","EMBER","2086.8599229026177","573.5979496922027","5","False","False","1789140845","11.471958993844055","22.73455192378748","18.18764152641276"
"FThnv9baGD9ggDgnePspHh6r2paLLSCtjmcGnTkkPMC8","H48q7raoXHq6mtaccvMRLawhS6NubcX4XzCKeX1Z9GtB","","RUGGOD","2026-09-11T17:58:44.0000000+00:00","12.77111","12-24h","keep","EMBER","2320.2847999825726","0","1","False","False","1789149522","0","0","0"
"FtLD42oPKP8HRFaByEyYZqtqJW4aJjMT6Tvy4swJGMJh","HW2akniXVPBXhuxCi19unVdVHCT72zdnXXVWs6yQfTtZ","","SUPERNOVA","2026-09-11T11:19:29.0000000+00:00","19.42528","12-24h","keep","EMBER","2293.794622528916","287.1063628195597","5","False","False","1789125623","5.7421272563911945","12.335277524660889","10.187607556399831"
"FTsXsHdBBypX5grFpmp8oTWBfCppThzJG4DNzBsbN9xW","BTFyDSjCzfm7FWd4YTQJZETq1PAW7DBpqiyKgpU2xCGr","","TRIPLET","2026-09-10T00:08:22.0000000+00:00","54.61056","48h+","keep","MU","3790.4077795678413","0","0","False","False","1788998900","0","0","0"
"FTVznbFHUKXCRJCtKGiqHKr5EQJ4ddutAD9TFm3u91Dq","BBbgHxJihJKtE9LoFEeysPrpfReURXESCqkX7PLLQCfB","","RIP","2026-09-11T12:16:41.0000000+00:00","18.47194","12-24h","keep","NVDAx","3994.50385906578","0","1","False","False","1789128996","0","0","0"
"FTw9C3629UeLztkUZfp5ppFcqDgaNhznxjBZQ5kpx4q2","CHyWyCD9rWaWEWSAT8WVdoSnNYSM96CR6zKQwDk3KyFU","","REMEMBER","2026-09-11T10:36:32.0000000+00:00","20.14111","12-24h","holders","EMBER","5611.892864716181","178.1924795563358","11","False","False","1789133493","5.345774386690073","5.345774386690073","0"
"FUckXnSU5YZbiEfDsQCwXsFHaYqZog1VQ8bz5LGhKafA","DQeQSQwbKH9oQFnDZfoVxjvMhmrG2YHocKQxUAxeYYDq","","CHILLEMBER","2026-09-10T09:52:39.0000000+00:00","44.8725","24-48h","burn","SPYx","4008.195844103044","0","0","False","False","1789033957","0","0","0"
"FUFSH1zrtjx7FvxP8HLZxsWg5kkgcjiQhAC9PSaekh6Q","AoN4iQefbc42qPe5ddeatRTeusqWsEUZvdyDP4m71EHW","","METBALL","2026-09-09T23:38:15.0000000+00:00","55.1125","48h+","lotto","MET","4471.967724032819","0","0","False","False","0","0","50.75109979863","39.974435946983995"
"FW3ETyvj8HtvrcnVrTRKQz7qFiAbEX4XBiXGpZvUhnPK","4duvmesBm77ZW3aSjXGBJzsd3wiCHdhqhivBsHPzNZE7","","SLIQ","2026-09-10T00:18:18.0000000+00:00","54.445","48h+","keep","SPYx","4011.015976765034","0","0","False","False","1788999495","0","0","0"
"FW9GYZweud5z1mGYPuFc9rjLWxbUCaXit2HB5cdVnpGQ","2KtW9i71qkNkBoLxsBqxw1Z2pRsAj5f7b8rLtHWEw3Yk","","EMB","2026-09-11T13:11:04.0000000+00:00","17.56556","12-24h","holders","EMBER","2519.032145201379","85.48608968301001","3","False","False","1789132548","1.7097217936602","14.198641071359999","11.358912846119999"
"FwbiCa4geD29Hetuo8AzC8CivtaF9guVcA3wQYXDcYy1","FzYKPEz81z5qj24bmVJVNpQsqg5jHX8A7WABPdSZHbr5","","SUSCAT","2026-09-11T14:13:14.0000000+00:00","16.52944","12-24h","holders","ZEC","265.1406288370075","20.534533784408172","15","False","False","1789137014","0.4106906756881634","6.66333236744436","0.35910653185545843"
"FwPNtFJfAveYD2c1Ud1iM6jWu1m7qGbDokvUxrkGLGNa","FEmigvsS48dqASqz2EeNXFxFEu5wiRRcSu4c7GEWuyJr","","METTY","2026-09-09T22:40:40.0000000+00:00","56.07222","48h+","keep","MET","5185.52701069544","675.3264208062012","13","False","False","1789157884","13.506528416124024","991.967317677646","793.609117214755"
"FWS4rEjUujqEnK6HARjA9nvNArz6AaDNcoGNA6uBsN8D","kGJ6dntgYvsmyv9PWTKavtpEABt5UHnS3HjJtiEde9R","","APPLECAT","2026-09-10T02:13:09.0000000+00:00","52.53083","48h+","holders","AAPLx","4189.44538660136","0","0","False","False","1789006387","0","0","0"
"FWxzTKdFW1gmdEEP64KJHobaVmFKQP9UuWPh8zAbbAud","9jHKuz95zMJysSHwuFSvmifMSUwmA9to13RkD5qP9gbK","45kJ8Ahx4XU14vxc7nJSqDuebaZPUP938RbB3hMjsTtZ","TSLAINU","2026-09-10T01:23:35.0000000+00:00","53.35694","48h+","holders","TSLAx","28696.846402669136","123558.5956820725","351","True","False","1789194742","1235.585956820725","1235.585956820725","810.4551970138572"
"FXLuJ9GbhMF8H5MmGbZPcQ5wimZHeUM2JPmuMaSzAePC","F5T28vTx4mMv2m9Tx8QraExvamL2ZiPiB9xZjy41G1WJ","","METEORISM","2026-09-11T12:34:17.0000000+00:00","18.17861","12-24h","keep","MET","3304.885608853154","15.480952892022001","1","False","False","1789130528","0.30961905784044","0.623965189616","0.49719212108"
"FXNqnXR2tNtPV9Z3pb67EEsXvjduvzoDVkE8jA4TZUWu","9QfgB4WQaNmyZoEr1fZtfs87NbH4U5TEpbrTmYxa1G64","","BERNIE","2026-09-11T12:07:06.0000000+00:00","18.63167","12-24h","keep","EMBER","1724.219441745094","0","1","False","False","1789128424","0","0","0"
"FyAh6JpW4xhCLh5UrzofJN1TgUqXMEc5aHZZrRDSRSkP","CEHuh2TobtmtyBzheKhAftbwrBGH5nFg3e8YxfTwcfk4","","EHODL","2026-09-11T15:52:23.0000000+00:00","14.87694","12-24h","holders","EMBER","2056.011034597228","0","1","False","False","1789141942","0","0","0"
"FyGvibJVnkpuL2KoQ6mv3tXwn5VbdEepPx2eTQMYGb3W","FzLrPCMhtGdgWiGQXmrWKm56mw6QHkxQXVQazqxZ2rq3","","TRIPLEE","2026-09-11T20:09:36.0000000+00:00","10.59","06-12h","holders","MET","3344.5999389873655","4.04359886209232","3","False","False","1789192140","0.12130796586276957","0.12130796586276957","0"
"FYkgrdDohB2HFgUsacQonmwUKkSzL9pzUYritfYK9SQy","89BvJ3HxmTau1gv8KfMNg9DKHghyjxqBb1knaRMkcd6t","","EMBERLITE","2026-09-11T13:02:42.0000000+00:00","17.705","12-24h","keep","EMBER","1970.0281965748072","23.34393503578","1","False","False","1789131769","0.7003180510734","2.02740959472116","1.62192766502988"
"FyPFhhunr9uRRQ9qbWgiJRLkdguMpzvaq5pJPHoFkMFp","AuG3tFZ1ioTSExnG9jhacQaHaEXEXTVm9J5FVuxc2Wji","","STOCKEMBER","2026-09-10T01:17:08.0000000+00:00","53.46444","48h+","holders","NVDAx","3932.9813907914454","0","0","False","False","1789029100","0","11.69118332083155","0"
"FyQA8dSUksvbCoAQduSUfhp7Bnebih23yU37JXdK4ZmP","s149Vz7GLgyTto7VBbXJicZugd3WLnUaahgAKxtmBLX","","HOME","2026-09-11T15:18:59.0000000+00:00","15.43361","12-24h","keep","EMBER","1924.8643313409102","0","1","False","False","1789139928","0","0","0"
"Fz3YS7YUHNtZt7gnH35yoDouP5widSHWCYPRrMft9xmz","Cj8LEAcpVwKpy6CTm35ZTaMEoqSb67hRtoU1Gw5btJwC","","MUPP","2026-09-11T16:09:03.0000000+00:00","14.59917","12-24h","holders","MU","3983.87096494354","0","1","False","False","1789142942","0","0","0"
"FzCwetRYkUwU4z8WXy82ujGjhbsVgqLGX1P47FCN7c5U","D4quygyXbXaX85Lt5px35crB7wi1eVRabSuM9e7GGbHx","","EMBER","2026-09-11T09:58:05.0000000+00:00","20.78194","12-24h","holders","EMBER","6553.3033468437825","0","1","False","False","1789120682","0","0","0"
"FzUMaD5FbUSADmhS5Ynz8UAAf1kq1Gd3PAwE7D4rHcPv","ANJRYn15hc2sZ9yWSrYXKDUYF6gN7i4wZyMpPVssinfM","","MINER","2026-09-11T12:32:14.0000000+00:00","18.21278","12-24h","holders","MET","3380.1704944364183","130.89878707809402","6","False","False","1789130386","2.6179757415618803","2.6179757415618803","0"
"G1bGyD4jft7sh6hFQPjBDNbeyhQ8ZVFpzpZTUpi2oZh1","5zrGLALWFDKMH9khHeqkMUNYhg7ryq5Upg4qPMjdeJMy","","ASSBURN","2026-09-11T12:11:16.0000000+00:00","18.56222","12-24h","keep","EMBER","1673.7852982929064","7.717439734409999","2","False","False","1789128850","0.07717439734409999","0.07717439734409999","0"
"G2QK1jcweGpUrbnmb6dNATqo4dC5onB2uJVdzoJqqUyt","2BQvpy7grSwR4eTMczpSCaT1Cb4L34XT8hJuWSbw9YJH","","BLUSHIE","2026-09-09T23:20:30.0000000+00:00","55.40833","48h+","holders","MET","4668.219295707463","94.34522301442","1","False","False","1789142575","1.8869044602884","41.73128510889","31.934872482975"
"G2RrBJNTUQxTApbEX1kJBr6Zzxdq9BY4uQYNoxknkQHi","BFP3Uav8QJBPWa4ypTer9tDBFKQ6rwqrQfYFFKZYLCbM","","CUMMIES","2026-09-11T18:33:35.0000000+00:00","12.19028","12-24h","holders","EMBER","2170.339520140706","3588.840019282141","56","False","False","1789151692","107.66520057846422","198.80778746075956","159.04622995713285"
"G3Dko1oEiiteyihxVVpuQ4BL1EZ7KXa8Wm5VNEofRW2q","C76A3hiav5RxmTaTf5KxH48nxEXmHe3tRAuSRyC33jbE","","SEPT","2026-09-11T12:21:01.0000000+00:00","18.39972","12-24h","holders","EMBER","1780.3104188543377","58.590819091810005","2","False","False","1789129610","1.7577245727543","13.57141117024","10.703349507045"
"G3GT49Qy2V5sWQ8KNHtU7eN6zq8yHrHUYPGTvX32eZLV","CRS7ezTszbio7dPYrmxg5srmJ4GgQKAMcR8fV63ezXGF","","DONORS","2026-09-12T00:01:46.0000000+00:00","6.72056","06-12h","holders","HOODx","3995.8405109129258","176.59897828551757","2","False","False","1789171501","3.5319795657103517","3.5491262770026504","2.5553704262472503"
"G46v6oKcihpQjWg6bmCT9GL8mKmwqfzrmKTryLJ2AJgY","4sW9aYyHUtEreBcDg3BHmmXqK48RY4qsGp6LkZjat7kc","","METEORGUY","2026-09-11T12:17:28.0000000+00:00","18.45889","12-24h","holders","EMBER","1931.4702116400215","134.3052789504418","5","False","False","1789129209","1.3430527895044178","25.569464433581405","18.826413942798602"
"G4Ky9vTfSbkR1ogHrHcHxjVQmdHjr8imhpqwYvEePyTb","63jmNK5MVg3moD2rYuVqfRfHXuKX8KVjabdJ7RyR4uB9","","DEX","2026-09-09T23:12:37.0000000+00:00","55.53972","48h+","keep","MET","4542.915597214295","0","0","False","False","0","0","45.424526082474","36.339620743040996"
"G4rzL3zh1bJboZ689PUVMAyzprxkYdm8pcMyjMMrF4ZN","4jP5fFZUbTCgNsg6pykpeSeUhS4VkA3r2RMbsVjVCBtP","","ALT","2026-09-11T16:42:36.0000000+00:00","14.04","12-24h","holders","COINx","3947.388075440319","0","1","False","False","1789144955","0","0","0"
"G5bRo7izpSMsXG1oecLseNGLxn3C7i21FdLMPm7aGmfC","HrrM4y6FZUSZumFHPSzYxMkoTkWBjzmBzsgGSEqnbuki","","EMBERDOG","2026-09-11T12:45:18.0000000+00:00","17.995","12-24h","keep","EMBER","2229.418027577794","0","1","False","False","1789130713","0","0","0"
"G9bXY6t41D7mMTsx1S1DjcXHmCJTShAxmYaEzsYRenzd","8UEXH65oBR1eqHjTp2ZwBTdDN8PKAHcVqyKphAaPX19H","","DOGECHAN","2026-09-10T00:09:38.0000000+00:00","54.58944","48h+","holders","DOGE","4625.820770420145","8522.582240530868","288","False","False","1789191942","255.67746721592601","255.67746721592601","172.81746556530032"
"G9f4Rg1W8sipi8YVoWVsPrPdKmxG95tAqUCzEKbgGrG2","7683aqjrSuurddJgoSrUJ6tSzCtcFSwjqnHMUT6Z9aSk","","SPYCAT","2026-09-09T23:53:24.0000000+00:00","54.86","48h+","holders","SPYx","4015.4110204713256","0","0","False","False","1789035817","0","9.8099505007142","0"
"GaaVDa2pgKX1GsLNuCG6jFxAmRhR9A6J6QVkpTJvwcrF","FaNHHKKhGWHXebQvR7VNi7GAyRxwDLRUtcG8XU9UJEgC","","META","2026-09-10T00:24:17.0000000+00:00","54.34528","48h+","holders","METAx","3995.238454202288","0","0","False","False","1788999855","0","0","0"
"GagBzYSyuic4p2fQ4zQkPyWvepeu5ra7UWKDDaUiR7x9","4wzu2hL8MHjXmocxT93YZ4FGPY2hyq2jaBCLDL7ag6G6","","UPTEMBER","2026-09-11T12:34:43.0000000+00:00","18.17139","12-24h","holders","EMBER","2143.623705917227","3621.4833448066747","103","False","False","1789158748","72.4296668961335","137.3996769922094","106.34589410622108"
"GAhneEukBhjJuogzfhtmUxMbhpVE5wB2BjYKkfyZnQpw","EJ4ovoyoPsRMg7LCgjBAgRp9PrsdAZmwxQYVDkB5FQFv","","FAKEPEPE","2026-09-12T03:39:57.0000000+00:00","3.08417","00-06h","keep","ZEC","236.3689925746058","17.812777675576267","3","False","False","1789184812","0.3562555535115254","4.873490061574611","21.5482668484338"
"GAocPxDyKcHKHLsjkfDXoMfUNHA2NBLczDM6bWw9bUeB","3sy1avXbbEeX4PfSxjTnSi5NfFQnahpaVN3W3ssKu6Sw","","CHARIZARD","2026-09-11T18:51:27.0000000+00:00","11.8925","06-12h","holders","EMBER","2334.2674530123095","0","1","False","False","1789152686","0","0","0"
"GaZFFDhcZAKasph53JHzhksysNR6iCeLeSQrefKPQ3dD","D9EKPfmVBU6y4x82rNBUsB2RaTnWWhDpBRTQbmunsoKY","9y9U1iyjFjVJVbbAjUhXmBfdj1XMcC7NnVbsWpGd9dHk","BABYEMBER","2026-09-10T14:40:09.0000000+00:00","40.08083","24-48h","holders","MET","6882.807322611792","126905.26","2221","True","False","1789194919","1269.0526","1269.0526","800.2209452970221"
"GB5R15eceJTENy825Zn9BpXae8FSD88nJiE1efKvqsqR","CLjb9is4q4mfwbLTEKdn8qC4Ji3L5dbFVCk3K4TcMs3Z","","EAI","2026-09-11T13:19:55.0000000+00:00","17.41806","12-24h","holders","EMBER","2339.1697023045344","0","1","False","False","1789132789","0","0","0"
"GBc6MqYESgireVzMxmVoASZEJsxe8phDWrM5T8Wf8nT4","7wFuyCFVACYeHeCHazUJL8ahHf6FeGoy1jP6aVWReFyY","","nig","2026-09-11T12:46:25.0000000+00:00","17.97639","12-24h","keep","AMC","4117.713474918707","0","1","False","False","1789130782","0","0","0"
"GBk87U4Ek737xDHe6mp5ZpdFE4BMeP3H4QgTaf99G9Yd","JA9kYfUJLGR8gvt1hEJZKnd8yJC4TjFuzngD2rAZ9hj5","","WATERGIRL","2026-09-11T11:50:13.0000000+00:00","18.91306","12-24h","keep","EMBER","1882.5055627115266","1107.4546786691724","48","False","False","1789127806","22.149093573383446","116.93054699040698","96.76099780635568"
"GBPqTCEktoK6vkCKiHMJjMfkgsj8kaSka1tCaXSkhhtH","4yrm7GM73QiAF7fTmzMQFiXJnrc47yQeQkjkbsp8gNUd","","EPUMP","2026-09-11T12:52:10.0000000+00:00","17.88056","12-24h","holders","EMBER","2093.666550496727","27.42138073998","2","False","False","1789134529","0.5484276147996","0.7401310945157976","0.47727013042733"
"GBZuJW7mUuLCghqraGHUmGjJfXLWzA9NLY4XtnaZEFjf","35UvTubWseKgCT89Gi9LDbVK1SRX8wFgULsKLL1foYsv","","ALON","2026-09-11T10:15:09.0000000+00:00","20.4975","12-24h","holders","RAY","4026.5565259130753","0","1","False","False","1789121707","0","0","0"
"Gc3mMM7xGesyvQGJGuDxgwY2oRpsxeqUDPyFtx3VebW4","EMam5djLuSGX5uvXQxKjL2HaD2GYipXeQMid3rttMZmS","","PYRO","2026-09-12T04:56:17.0000000+00:00","1.81194","00-06h","holders","EMBER","4871.361319547727","0","1","False","False","1789188975","0","0","0"
"GCaPd165QKuWPDHmBihytwvJ3qUGb3phFxwVQFdsRsbu","GXvYSncVQPhWHWQHTEezvpPbFCsc2RU4ivy7Sots9hH1","","EPUMP","2026-09-11T12:59:45.0000000+00:00","17.75417","12-24h","holders","EMBER","1963.3775695039224","0","1","False","False","1789131579","0","0","0"
"GCGYckVb1vMyNZnFnn4T3s6jbqyW9RM372hV5D56oZHe","CiXWC8L3rN8DXgSz8s7fo1YWZ41j9Vu9hP3NUMtnajZc","","DISASTER","2026-09-11T11:25:26.0000000+00:00","19.32611","12-24h","keep","MET","3225.7016087251664","1152.975271328131","34","False","False","1789131385","23.05950542656262","112.07095505841599","89.65676367730399"
"GCvV9NQ1mJSXXnBfjEmoSeE7phBSEoRG2PPEN1CE5kot","4FPNt1njcBVYSafh1ZNeJcpXyowc5bR8ZFFp6SpHLtZN","","TULIP","2026-09-10T13:12:31.0000000+00:00","41.54139","24-48h","burn","MCDx","3951.7846809366783","0","0","False","False","1789045949","0","0","0"
"Gdb68hJmzaaZPsppTvtYa56vsXJUzdWAA9HSTqGW7GNd","7MU3nyR1cqsLopYBPnEAkVsj8f5o3N9CjpqtFbXGxqfW","","EMBERDOR","2026-09-11T11:02:48.0000000+00:00","19.70333","12-24h","holders","EMBER","3765.6109491347984","18.03797845209","4","False","False","1789146280","0.36075956904180007","0.6007432851445099","0.4209245745239"
"GdMAuWK6AjKcxK7i6gwN99CRR7nPbuU96EEeGGfCFm1q","HpmmXFV5EAYypHaApoPeCfhJJonc81365skirEVijjxh","","BHGP","2026-09-10T00:30:28.0000000+00:00","54.24222","48h+","holders","NVDAx","3927.558877451603","6.916518073600001","0","False","False","1789000640","0.207495542208","0.207495542208","0"
"Gee2dpWWsd6cB3SdC6JVGocR3jppFNn9P2HXmQtTRUuD","6dv8Wuu3d7kmvXRPkYLYGk3sqqtkmhskopnUJYnZuQJE","","AURA","2026-09-11T13:23:37.0000000+00:00","17.35639","12-24h","holders","EMBER","2345.625515930998","1.16681796","1","False","False","1789133029","0.0350045388","0.0350045388","0"
"GekVH91G9Cc8iHo6UnwxjbFSk5nFCagHXZgmi2T9fcrE","6196fjPw9iRaMFGFZfRvbheHVZrjZbaXnuQAZCyVP6dP","","WOMAN","2026-09-12T05:14:26.0000000+00:00","1.50944","00-06h","keep","MET","4065.764926541819","261.353805041896","5","False","False","1789191866","5.22707610083792","5.22707610083792","9.853814482379999"
"GeoZdY6ES27YNLpmp3PqFSEa7njdb6pD85W7D1zL6CqY","H8zj96ttnFY4DX3rBjytv9SPCvUt9oq1QbToRDHQYH6w","","911","2026-09-11T11:57:53.0000000+00:00","18.78528","12-24h","holders","EMBER","1669.5766589027899","0","0","False","False","0","0","0","0"
"Gesod5n1xu69r8fiXr6JVgkb7FfHtAPUCx9YL8bDftuT","2zgbtioVFjsmoHr4WUfYZ5GYjhGwK2tXYmbDry9TqJKk","","EM","2026-09-10T14:11:09.0000000+00:00","40.56417","24-48h","keep","MET","4169.920760214701","0","0","False","False","1789049523","0","6.201809501855999","4.961447514856"
"GeTzdYg9UeUnqsxy3eeVQLqQTMuWqWiMavh1RyEVTubE","4g2kTx55tnaP7eNkNPBDFTUHoPERWqQiX9AHnMQpofex","","EDOG","2026-09-10T00:16:39.0000000+00:00","54.4725","48h+","holders","SPCXx","4105.900803010546","0","0","False","False","1788999397","0","0","0"
"GF93hP4Ce7HFAjtZYS1dusUhsCCkEcHNGhtJKWMRWgsR","EX8pnDQjSuYLGv33jv8hUZPTX3vXLmMKzLjoY6Tqn5d2","","OILCAT","2026-09-11T15:44:07.0000000+00:00","15.01472","12-24h","holders","USOon","3760.0660436840444","352.7273378725134","10","False","False","1789184381","7.054546757450267","7.054546757450267","0"
"GFE34mLfUcnxymtx3DqUWHAMURxjxiNjoZDcgyqz2nvR","BwFj6nXqJ1uwKULUccXogGU1VCgSZaQT6ReqZm14woZZ","","TERMINUS","2026-09-11T12:44:43.0000000+00:00","18.00472","12-24h","holders","SPCXx","4237.739777020743","174.8048401442257","4","False","False","1789138811","1.748048401442257","1.748048401442257","0"
"Gffjb55Mo1cJsXAb5YAfHLbAgcsFCcEydLL7vyWZxcck","2R5VuNWoDjUo2Hmmb6YMHCEwDXmbQqE1a7m8GRV4BXkP","","MET","2026-09-11T12:45:45.0000000+00:00","17.9875","12-24h","holders","MET","3270.3356556555505","349.84264024528","11","False","False","1789130852","6.9968528049056005","6.9968528049056005","0"
"GgodUyHMdXuEjuGvhRKzZNLcZ8wYxG1SS6hKH7DZLPAS","5s58T9HmAbPfkj5T2T64u1eCZfvUQtSBcmE7iisvByaD","","GAYCAT","2026-09-10T17:09:16.0000000+00:00","37.59556","24-48h","keep","CASHCAT","3984.620803509088","0","0","False","False","1789060587","0","0.31341118441696","0.25036277270004"
"GGw2Cn4Bf6QUQ1Nr5nauE4SUGJt18kLt8acgUdnHXiS3","9uSUcuH3M4wwZdkKiBtmthu4RNQC8p3rxnrKRj5pyD8U","","GROK","2026-09-10T00:03:29.0000000+00:00","54.69194","48h+","keep","SPCXx","4107.867645162722","0","0","False","False","0","0","14.1110453977499","11.288835731231002"
"Gh1eYg7x5oz85HB6fcnpQrjaqxVJv4qTso6hBxtXCb8f","8Xgby2J5piKEtNtpXL8L6bPPenty1fvCiwTr8SSuiB6e","","CACHECAT","2026-09-11T16:12:53.0000000+00:00","14.53528","12-24h","holders","MU","3988.537999351609","0","1","False","False","1789143172","0","0","0"
"Gh95vwsysda8iZKudjj4ijoQxgTcYmzxsYWbPjoFtqco","3Twe88qy1S3FjD9YojmvoyfLMdRcmPVh45Y2uqcR9mvn","","GEGG","2026-09-11T18:34:54.0000000+00:00","12.16833","12-24h","holders","GLDx","4002.8293412194844","7509.1872562794015","3","False","False","1789151698","225.27561768838203","225.27561768838203","180.08293946168374"
"GHAW79tEoyvqPZLTqwmvx6DpMPJfSJW5tgdPXrv9MWtk","Cj4imVfNHms9mtYXpnSYKmMU2LY3Xfj2bvhaXDgbu1yU","","AGI","2026-09-11T17:41:37.0000000+00:00","13.05639","12-24h","keep","EMBER","2297.7668278264277","0","1","False","False","1789148494","0","0","0"
"GHBZbDV4j9f2CFFtCvbDbRAYEA2om2CcvZ6WSnFhvdNt","G5cQP2Ak8wJJdchqNVwh4nvQwRwZK5fgDMRJwUgv2LBq","","ALBERT","2026-09-10T02:22:37.0000000+00:00","52.37306","48h+","keep","SPCXx","4105.66818206306","0","0","False","False","1789006956","0","0","0"
"GHcha5wmPV629D2aUnXsAz8x5EgEXTwPzC2YvuFJua5u","GAiu9ASdXLLHqzhJhWh35ndqu1bUMsp1ZE9hM35Sc1oH","2kXGtRwAM7VFYAtkXKZbzeXpbe6WwAWnoC65eMTQPDeD","METCAT","2026-09-09T22:46:02.0000000+00:00","55.98278","48h+","holders","MET","135009.86004018862","1231127.51","9547","True","False","1789194827","12311.2751","12311.2751","7792.549669045"
"GHKLAjvoDnWvbzBrgxxv7iXyh86J23WJxokxaWPyJzxo","5nPSYsENgu16FnMkcVTCjDsivegdfE5rCfyN1Bn5RtcD","","PEPE","2026-09-11T12:58:01.0000000+00:00","17.78306","12-24h","keep","EMBER","1972.8867077267414","26.652294797619998","9","False","False","1789148530","0.5330458959523999","0.7531242029294201","0.45976893150951"
"GhNwhuo1ycmmY5Kr3DrZNUAonscHD9io12B7cLGReEkg","7U9rYhYoziePuw37ZwGhm9jvq5p2nzm6bp2DadtLKts3","","TIGHTS","2026-09-11T11:45:11.0000000+00:00","18.99694","12-24h","holders","HOODx","3983.357370538459","95.59494046797855","3","False","False","1789136224","1.9118988093595708","1.9118988093595708","0"
"GhT2Q2Ne3kQWDDMm5791YeKn25LqyzHcFS3kHLwhT5wU","FDxxKyPx2K9jAvrX4fxa9czTMfMkamzt2Qtr83cqimhB","","TUK","2026-09-12T01:30:02.0000000+00:00","5.24944","00-06h","holders","MET","3912.5482356931025","713.1259430082114","11","False","False","1789179126","7.131259430082114","7.131259430082114","5.328266212448"
"GJjy9bZz7xcSWqL4CDFZirBdgBoJbpMvfc3W7HNtXPpw","8aW8n1gdXZ7g6NVkpL6SHA2yRh4zDGcR2JhGuJMEgTtA","","SPACEXAI","2026-09-10T00:05:20.0000000+00:00","54.66111","48h+","keep","SPCXx","4107.867645162714","0","0","False","False","1788999129","0","1.3924076720240002","1.1139261376192"
"Gjw7sAWgMwy5jiiHejg7j2QmfPh97faAh77ebypJBU3X","CMKW9qo8f9um5kMyPL114UjmfatzYHhRqCF1d9AW6DsT","","JUGGERNAUT","2026-09-11T12:30:36.0000000+00:00","18.24","12-24h","holders","HOODx","3952.802130243457","414.75494952754246","6","False","False","1789129849","8.29509899055085","14.01408312831584","9.72564417935982"
"GjzRfywidjUqqpo81Q5z8PyUrLQVJTS9wRWk5JhuH8FB","6HuZxcKMgPytQ2czUmTgK1GCaAZvb1DiGXMQgrwu9X3d","","3DOG","2026-09-10T00:18:28.0000000+00:00","54.44222","48h+","split","MET","4372.011207715873","0","0","False","False","1789002962","0","2.7903629599229998","2.2322902863390004"
"Gk69Vawmv83ssSG8KcKJfndwJyxwKHd5kpNT7XcjGYiq","7q4RNZKD2YkYE79BNDibKwx7hWLvAnY1ub2CPSGBmiuQ","","FROST","2026-09-11T12:38:18.0000000+00:00","18.11167","12-24h","holders","EMBER","2243.0462128068525","107.06559006102408","4","False","False","1789172464","2.1413118012204815","2.1413118012204815","0"
"GkcqaFPm7qnEZt1hCZxYnpMjD9SuS1udBdw6VFoxDoZ4","DXLF3tMXH2wKig5Ea5B65w26ArnNVBnJQJjKyW5GSsZk","","PEPSI","2026-09-10T13:54:48.0000000+00:00","40.83667","24-48h","holders","KOx","3992.716064923625","0","0","False","False","1789048486","0","0","0"
"GKE171xbnSMUU4Qpieaho75qnhN3VfrCWAwbKDRBqw4v","J8o4AXoUaXPzHfhZHCo9Y5bzoqhYRWwJuhAacZXvtZnL","","MET","2026-09-11T11:51:03.0000000+00:00","18.89917","12-24h","holders","MET","3226.8055242272335","18009.393687873468","289","False","False","1789180239","360.18787375746933","360.18787375746933","282.24646120387297"
"GKQxXGRWeEiVGToG2cFjCbh9y5ZQgzXqbJ8yF6niyUJW","3kMWagdzfZeaqUMjPU7k8xZwLkchaQdLJHgBNjvrJygr","","CPI","2026-09-11T11:46:16.0000000+00:00","18.97889","12-24h","bounty","EMBER","1653.4699090072766","0","1","False","False","1789127172","0","0","0"
"GKx1X3JP2nPo5WA4Ez9Lrpobpj5u4Roj53wn15hKgykb","GPBP8USsTatRC8eSoZeYLDFRCE1enb71XxyrAVpjrajL","","EMBER","2026-09-11T11:20:09.0000000+00:00","19.41417","12-24h","holders","EMBER","2256.4937655559297","2111.8051297334277","58","False","False","1789146807","63.35415389200282","236.87570485799714","189.52478083916026"
"GL6SsUE4xXiqbYj3pBNK4y8CzVpCrfE7Jg5hqZHgBasy","FJM28ZNqFMXmoHq5XXE53k3DQRHDuT9d4uNMryoKmTLA","","FLAREON","2026-09-11T12:43:32.0000000+00:00","18.02444","12-24h","holders","EMBER","2232.8062856251854","0","1","False","False","1789130602","0","0","0"
"GMAZmfJgFhjT74JGA1P5YqDK8sGhELRGsaezf36hEpHC","hSnjECM1FFCjMytCJMickC8bg3LntyqgJX1ewK8N55V","","FGHFGH","2026-09-11T12:46:21.0000000+00:00","17.9775","12-24h","holders","EMBER","2264.741452065052","127.56792859573424","12","False","False","1789130807","2.5513585719146845","15.48450574907547","12.38760458258379"
"GmgajYTGRvRfjaxEdGsRiZVkQkbEf4c96MyTBwGiRY5S","GuGjTm1ZFAg8jcy2BbherUUUzvGa7RgahfAVFRmEVd41","","EMBERCOIN","2026-09-11T13:08:16.0000000+00:00","17.61222","12-24h","holders","EMBER","2109.458677740372","807.5532387718804","54","False","False","1789133125","16.151064775437607","29.3765149971475","23.501211997718"
"GmqHmmkQxYjj2itTozG6oPctTjsQucmXd26AqmQsAX72","BKww3G9xerv2zW3ZvctVqebUYtX716AtdWbYVSPmkSM9","","GPUCAT","2026-09-11T12:06:38.0000000+00:00","18.63944","12-24h","holders","EMBER","1724.2194417534827","0","1","False","False","1789128392","0","0","0"
"GN1D1xAbAmMP7qzSC1PSgoxS8veNiQrsPEMz5UrGWiuA","AwPacKNkaSae57KKqxDi4HKHrJE4qjecdn7rD11Vsnzq","","WST","2026-09-11T13:52:23.0000000+00:00","16.87694","12-24h","keep","EMBER","2111.6996945044198","93.60972241108323","2","False","False","1789134839","1.8721944482216646","2.997034128","2.4044207616"
"GNfdWFQEsFmWe1Nw3BM6xnLiW1bA3VP2HcorZKK9HVgg","8MNsbeftT4THyogek3NUEnEDgtx3ZkWr555u2tjwHwqp","","STOKE","2026-09-11T22:46:14.0000000+00:00","7.97944","06-12h","holders","EMBER","4942.111831758458","0","1","False","False","1789166773","0","0","0"
"GNRcCCtWEB1yRMvcbPQCt7mzs3TNXhWjhi5V3UbTcHNS","6fvGiAMTURnB3UagkYLNCy5HLUwB53eh2rU6udBrekG","","BTC","2026-09-11T13:05:35.0000000+00:00","17.65694","12-24h","burn","EMBER","2046.5850604805494","56.964796715229994","9","False","False","1789148484","1.7089439014568997","2.388802564134034","0"
"GnubMrd8SFrS78kBPGqhPB8PcdQX98rCR2J3ofv8vexr","59JCM5aQaPbzCk5cBcbshjEvzvREsmdSZJWE7gnSgzqB","","GPUCAT","2026-09-10T00:03:45.0000000+00:00","54.6875","48h+","holders","NVDAx","3921.384909901551","0","0","False","False","0","0","0","0"
"GnznhNty3Xtmmv4wYGHs1Pe5zwk1KUySaN1fJYhJQh9k","CNQpFpugSfc6BeiubacH25puB7C4otE3GzNbWPpj3EWq","","FLINT","2026-09-11T11:59:03.0000000+00:00","18.76583","12-24h","keep","EMBER","1689.0574555956343","3.1791564520000004","0","False","False","0","0.06358312904","0.06358312904","0"
"Go7d31tZpmms9Z8fSMBfyZmW1f2V2f3tuaorVyZibcMw","HoNsaFgqJ5LvXTehCKvP4MVUU2MivFiEwdD7UqU7oALA","","VOID","2026-09-11T18:07:55.0000000+00:00","12.61806","12-24h","lotto","NVDAx","3998.378504339303","0","1","False","False","1789150073","0","0","0"
"God2CVfNqm98N2tqANJ8b56qtmZ1rnxcGzWtmk7FvvCo","2zThXRnw6pAM7nhZE2PRthPDNWnzgJHpR7iUgCCbS42N","","ARMY","2026-09-11T09:50:41.0000000+00:00","20.90528","12-24h","keep","MET","3700.097099342","0","1","False","False","1789120238","0","0","0"
"GoUv6w6CmYmS2wvL25PFs4h4NojwFEpdV2iw7NSV1YJd","3FnFbrsLG6GoBUgbSPiV5UGrkn1qdueswxaswJnckC9y","","ECAT","2026-09-10T23:56:51.0000000+00:00","30.8025","24-48h","holders","EMBER","17501.60905806305","0","0","False","False","1789095451","0","33.15862801565698","36.329888009991315"
"GoWsNmQmLWHaMDbL2aFojn9M6YkLTUoTAB95yZ7L64ag","2BpZKwpQ61RpHtA7Sx3K9iCwM342qsfYKMwBfTPjxT4o","","dfhfdh","2026-09-11T12:37:06.0000000+00:00","18.13167","12-24h","keep","MET","3306.845280896178","0","1","False","False","1789130221","0","0","0"
"Gp15ySFpUAFGDxywy43fDKVSeayg3bt78SToqXXEKBTK","6PxA6FfWpj9k5nmWFXdwfMiwMpgb16ZorypWkaftYoXK","","EDOG","2026-09-11T08:09:14.0000000+00:00","22.59611","12-24h","holders","EMBER","9345.79734374321","45.95405846853999","5","False","False","1789149186","0.9190811693707999","1.2547160336178","0.4661889936804"
"Gp54MdhDvJHb4dURkoSVp4X3WxLiu2SmXZDBVNfBddpa","399KQ93i6J39C2JCERnDjiWVfFzWyfVnWgrxottGo2wT","","EMBERFROG","2026-09-11T11:13:55.0000000+00:00","19.51806","12-24h","keep","EMBER","2479.6917375600706","349.10987654765756","43","False","False","1789163458","10.473296296429726","13.057443133201554","10.43129706533628"
"Gp8uMXkEAztvYFnQG6AsuPTHYXEtHQU5oBcixYYnkBML","CchjrsJZowxvjUTBqJ1fwbhdaopywMZbdqNRRs2TmcCp","","METBOY","2026-09-10T01:57:47.0000000+00:00","52.78694","48h+","holders","MET","4495.920411251569","189.417708295676","3","False","False","1789154114","1.8941770829567597","4.5547267331870405","2.396872982872"
"GpFXikez9z5dvUwhSHXXv44J1yBS9BTVdra5V31HRiV8","hheHxm3kFWALu7pDuRFkf8wBjuG89cNSdzhKpaze8JM","","MOMO","2026-09-10T21:44:14.0000000+00:00","33.01278","24-48h","keep","ZEC","3988.4614395672634","0","0","False","False","1789076652","0","0","0"
"GpvoE1dBNz9PYfMSBqEWxL1WbfgFsG4GAaSYfAGKzdnS","E4F1WM5z8opYk6uRWquXGj8gctwsamP6Uqo2jACL58iu","","YC","2026-09-11T12:23:41.0000000+00:00","18.35528","12-24h","keep","EMBER","1717.773878760123","0","1","False","False","1789129416","0","0","0"
"GpyuJQf5PN3EcbEs89UMhPCRK9uLZgEBWUehqYnqBw7F","4kzWB6RaFuYRxHJ4WX8dhWBKdxik2X7WTMfkyB2DwULS","","MPEPE","2026-09-10T00:41:32.0000000+00:00","54.05778","48h+","keep","MET","4344.567391049615","0","0","False","False","1789000903","0","0.003175493706","0.0025403130059999997"
"GpZ5BUkz3q6mRSY23wHEgTN7BoEDrMoGezw8H9Ekhui2","7F3KAvg3VBHSmgKgMb551jsNs3cF4xCFRXgcPRgDCdsr","","QQQ","2026-09-11T21:55:22.0000000+00:00","8.82722","06-12h","keep","QQQx","4002.2470901972843","416.62707914153725","9","False","False","1789165030","8.332541582830745","8.332541582830745","7.451228316026825"
"GQEfBm1LEA83ZZt1NLPsyqmmX9zVszw3V3hx8STH5QHo","B42Ag9DTUKw2QGHTUkArKEaSKtnhZzeFQousxxmLw8Wi","","VAULT","2026-09-11T15:02:05.0000000+00:00","15.71528","12-24h","holders","EMBER","2128.8580565754887","0","1","False","False","1789138923","0","0","0"
"GqMVVHBi1GN2tAgoo6M482ALmrNLAERsDN6q1NPouMJU","6jM2CUeKzzm3rGcR6Q8VgfjzsaDi3gu46J6yUCdcF7uk","","MCRODCK","2026-09-11T13:59:00.0000000+00:00","16.76667","12-24h","holders","NVDAx","3965.7634112860605","0","1","False","False","1789135138","0","0","0"
"GrbkUvjFjKCiD4LiLzBhCpYy3r5xELQVcatFwqo5XE6H","DSjhyweyZsbKxqUnSj9mwEi73eQGQi6EMdbQhwrSunSW","","TUK","2026-09-12T01:10:13.0000000+00:00","5.57972","00-06h","holders","MET","3893.5890049865457","300.23148503278003","7","False","False","1789177213","6.004629700655601","6.004629700655601","0"
"GSEdLmyVMXJitkFxe2z873QETEvqyYXSAMKnZZDcxQqb","Fx9vyvZ8aqqVacB4HfTMVNgJQT4NJ9ZJhBAGEJVVy8Xh","","CHAR","2026-09-11T09:42:45.0000000+00:00","21.0375","12-24h","holders","EMBER","6081.179163586994","0","1","False","False","1789119763","0","0","0"
"GsP1pK84NA5sK2ySsbPEwdAqyyQ16r8E81Bvpch1HhfS","J9qNdiCpATeFiqFgKwaaRAQgbsgRH9aC7UU2MEzykBfS","","CUCU","2026-09-11T12:09:21.0000000+00:00","18.59417","12-24h","holders","EMBER","1819.0774433991608","3348.157529494267","114","False","False","1789158182","66.96315058988533","121.2743655431535","86.07733873554541"
"GSu7V3jfsnzqCGp9maE1Nkaj4sugL46AC3hLuHpYWN6y","FhAG3FaTHCmYzT6WBwxQrKJdnCwaffmBjXAJMsPnWQ7f","","TOAST","2026-09-11T15:19:38.0000000+00:00","15.42278","12-24h","keep","NVDAx","3974.089412945429","0","1","False","False","1789139973","0","0","0"
"GTEcA5MUAe6oAgWpcbWkTsiLfpLBnAj91R4t9824P1e7","H6HzZkReLWbvsqgLyuxx8hWhzoFDpnV1RZFey64ZbZN","","TEST","2026-09-11T16:26:23.0000000+00:00","14.31028","12-24h","holders","EMBER","2306.001383607142","0","1","False","False","1789143979","0","0","0"
"GtfvUSGz1e6s8LMthrt3UzEFMbstGrHQ9Yb278NprPNN","6HDwoXyQ8PBKPtKtxBwCqE5qrWZy2FzUTNedwFJKneZg","","SAT","2026-09-12T05:22:21.0000000+00:00","1.3775","00-06h","keep","EMBER","5540.758311651577","243.0777453238619","5","False","False","1789192343","4.861554906477238","4.861554906477238","2.3266003727175"
"GTorvXhoRz1jKHyhcccn7AcTKkVGr998h1vzvvM5G2Tu","DSYRB1QRrxwyWJeTXybxNN9SbDiDDQQEsR5NoEjJFa4B","","FIRE","2026-09-11T11:44:55.0000000+00:00","19.00139","12-24h","keep","EMBER","1637.0583850770472","0","1","False","False","1789127093","0","0","0"
"GtotvrLK2FMUF3VPkiRGFZtN1NpprfNUHUTD4MvUE8XZ","GmrU8sT8R57Rb7jtoBMetDJ8sA44DusFBhz4UzRznbLT","","EMBERS","2026-09-10T00:29:16.0000000+00:00","54.26222","48h+","lotto","GLDx","362.9091578132634","0","0","False","False","1789001152","0","2.4124872584884502","1.9312441567829592"
"GTXDEoC5w8Ct1MkYYdmZ55Tp3PRGn4Ss2DZirNXUBpkR","CfoZtWzC83AYWytz6azHumGnckYpdD6pwZXRKCBbaZi2","","EMBY","2026-09-11T09:34:50.0000000+00:00","21.16944","12-24h","holders","EMBER","13406.867657584944","63408.76363679556","1507","False","False","1789195459","1268.175272735911","2373.6198379735206","1999.635578458573"
"GtxSKvRYgWZodXDmixHhvZinhtmXG3ai8U5KcqBjb7kY","5TCe7H75uqErLErBR56QApTNMQfKiMMbneBizBY8qsa9","","METH","2026-09-11T12:52:47.0000000+00:00","17.87028","12-24h","keep","MET","3294.137608150919","29.549324612961996","4","False","False","1789133975","0.5909864922592399","0.5909864922592399","0.44273306628900005"
"Gty8BaggVH9nhRr8fxszEJikDfNFS7chdU5keFRUFGXC","cwd8fcZpD1zaZVqNFWmV8Hvzi9SxgKQcrdxRThGuWEV","","MC","2026-09-11T03:15:27.0000000+00:00","27.4925","24-48h","holders","MET","4240.495279779817","0","0","False","False","1789105145","0","0.506939875659","0.423316545135"
"GuD4y774XstwEzsF3myD5Wih2FzF8Dqp8W56DQsarBQY","9Z8H4qx2xWpGtxw3zGeuorwU6x4eMEsmRz7vGT55LfU6","","METH","2026-09-11T12:02:39.0000000+00:00","18.70583","12-24h","holders","MET","3263.9667723013326","236.69412397948798","3","False","False","1789129576","4.733882479589759","10.14851940867","0"
"GUEzDvdB4gLeZC6wAd9CpKkjVq49HiPUXYCedfvqvoTa","5MtY8VntNqtgpTGX3ommMwNGTo8WoVLARSxinPVJJCjm","","EMBERCAT","2026-09-10T08:06:18.0000000+00:00","46.645","24-48h","holders","ZEC","3719.2951067332892","0","0","False","False","1789027576","0","0","0"
"Guxg35aYknVxWZTyAd2oBdh8grMprPGSGuM2K8fAFn6G","Brp7szRhT7kvLs4L3eAQgdNdYCQi3SKybNbSVjc3SRqx","","MEMBER","2026-09-11T12:23:13.0000000+00:00","18.36306","12-24h","holders","EMBER","1717.7738704654896","0","1","False","False","1789129387","0","0","0"
"Gv35akPUtKEhQsRkJ6dMmTFPSaAZ7Vt4NiX197ZqpsgC","6kQtNzQp5YsAYyBpiwkapRGaMe4k6b84RGdbTW95GtS3","","EMCAT","2026-09-10T07:25:37.0000000+00:00","47.32306","24-48h","holders","SPYx","4029.4666567299073","27.84924323332488","1","False","False","1789111869","0.5569848646664977","14.462211638426332","11.570708619930501"
"GVm95ChJA2tub7JcWnkHAQhR5t2BeWB5wrvuoRiFqnzK","ZXjfrY2k8QHsjbCoXhnERY1aAx9oTK4UGnQEo7Kz74S","","MOLTRES","2026-09-11T13:06:57.0000000+00:00","17.63417","12-24h","holders","EMBER","2092.4710885311015","0","1","False","False","1789132011","0","0","0"
"Gvqq3ae4ufVEMAKSFU6fRfA75AxAcdbW2cH3ka32sB63","CZd42qEVJiy4ZWNEt9xjVqm6qkiWTpRNMsmGGe5eoESM","","DONTBUY","2026-09-11T18:20:16.0000000+00:00","12.41222","12-24h","keep","EMBER","2238.066187945408","0","1","False","False","1789150815","0","0","0"
"GwBMZALVcRG9djkBkPXyJQJvNoDQbKst4nC4RTkh64VA","Adrs26VhpymzQRLVMNxkeUaX7n5jiSSqva9QsfUiECY3","","MBAPE","2026-09-11T11:55:01.0000000+00:00","18.83306","12-24h","holders","EMBER","1781.35708195663","630.9834900250249","24","False","False","1789128195","18.929504700750748","30.56827827206791","24.45462260499258"
"GWS4HVwb6DKHJuLApHV7P3cLDFJs9PAUnZeA9ou5vw4x","7LFHHHXhqviSkaCdC9v3xyagmBmQKFCXv3Rskn4tc5iF","7hWQC332Z3vcnPdCUvLtSpfS18tMdbEQxWMvd1kDqDDD","FIREBALL","2026-09-11T11:39:21.0000000+00:00","19.09417","12-24h","holders","EMBER","1550.083547888249","32260.21615742591","495","True","False","1789191040","322.6021615742591","371.85238920808587","290.7044212511044"
"GX86eR5SEQyoQ4TZ7fDcLuQJeFmLTRrFyBJcivBRKrr3","8vFYtMymnuFFBVx5c4D6X8xBR3o6x3rshLxDCtHfJFub","","GMBR","2026-09-11T15:05:16.0000000+00:00","15.66222","12-24h","holders","EMBER","2113.80411918403","0","1","False","False","1789139113","0","0","0"
"GXSaHudM49Ka1TJXy4FHnkw5omWcVcGsNYJ4k7bDyMFj","AGq6oPQ4xw1ZJ6g8Ccq3DzFVsm1WdTc85MNsrVdAxtuW","","LW","2026-09-09T23:47:25.0000000+00:00","54.95972","48h+","keep","MET","4820.243684585482","3887.272931718342","81","False","False","1789172411","77.74545863436684","212.96582266970822","170.39629611074096"
"GXx1EcoRQqEYXDss6UHXtL3K6y4sUTCC4YUYSPpQyrup","8ztToo9sv1ukRPczA1cMcF4PwV9NUvfZ7RSBcyDm6Axm","","CATON","2026-09-11T10:35:13.0000000+00:00","20.16306","12-24h","keep","MET","3520.1796217682318","0","1","False","False","1789122911","0","0","0"
"GXYuvezCC7DJaB3mxptCYZDYH7GU7W8vcEMmZeTjFFzd","vK9RBc8oxaZP4bgkiLxmqjduBaKdujD5CSLqYERgJEG","","BALL","2026-09-11T19:37:51.0000000+00:00","11.11917","06-12h","lotto","EMBER","2463.8907338166546","0","1","False","False","1789155469","0","0","0"
"Gy42zW2krZ6xTWR54iZCDVXVYkAAYiyVUbboVmTHR4E8","8oZLtcgzK7rNovjUQ1RiUH3vxYQk1XFUcUW2hXSEk46E","","RYZEMBER","2026-09-12T02:57:00.0000000+00:00","3.8","00-06h","holders","AMDx","3967.29921066386","0","1","False","False","1789181817","0","0","0"
"Gy9nzAtHxPBrqCkJERqNqXHDyhSrRUH8uN9P87JExFjf","3Q6CcsZKcutrcAbr3nRTcYNjsaidehD1Pg1FN45Grnn3","8vL7c2jRzbSXELfh9DVdy8nELaZJ65jjX2uyPiP6oniT","SEPT","2026-09-11T09:41:11.0000000+00:00","21.06361","12-24h","holders","EMBER","15850.430356923993","388134.8","4210","True","False","1789194833","3881.348","3881.348","2790.5603707085334"
"GYbjt4NGqcxDTD2vJDpbxQbLPUi3Nh6N44Dkid6EBcRs","J4c1a2CQePMweEV8cbCLLnX3KZdtTwwJgyPsVGGJ3zT2","","EDELGUY","2026-09-11T16:08:14.0000000+00:00","14.61278","12-24h","holders","EMBER","2186.170333908815","0","1","False","False","1789142891","0","0","0"
"GydC3XjHkafvj1kN1fLWBB1oGBu1xkhXYxRYmpKWh1mJ","3MPKzPa8fN7uf4CVZpEBtgpMjaFAWJtc2hpw7RMDsC6y","","MCAT","2026-09-11T13:21:25.0000000+00:00","17.39306","12-24h","dip","MET","3556.992775718401","154.71459820765202","3","False","False","1789137427","3.0942919641530406","3.0942919641530406","0"
"GyLmcBMLYCY7PMd56AatPDzX3kRW3aEZ4zugCnKFGKKp","3aj81pBV23ZqFUSfhpGNwkgpEr1vSVt2LESLXHCji1Kw","","ELEMENT","2026-09-11T13:39:39.0000000+00:00","17.08917","12-24h","holders","EMBER","2391.102842245248","0","1","False","False","1789133978","0","0","0"
"GyobhNbnGtN5ZpNvTzKFgw6gZM5J6wseCev7zDeAkBTL","ArgT3VbvBMRBJNXaWVTZpNtwPqpDi2YS2gjhgofr8k3r","","MACAQUE","2026-09-11T23:28:21.0000000+00:00","7.2775","06-12h","holders","MET","3767.499587938826","0","1","False","False","1789169299","0","0","0"
"GZGGf1R86agv9CSZjLv4sdvwf5sNKdtmz9VWR998ZZh4","GKHQhkHLxemb2vvapWameUVD8VKv5xQd2Kjs7bWy5m3j","","EMBERDOGE","2026-09-11T11:19:15.0000000+00:00","19.42917","12-24h","holders","EMBER","2293.794262249432","219.68074954495486","3","False","False","1789129983","6.590422486348646","24.392550329022132","19.877538621543145"
"GZRHoAohcjvZg6amAcLncoi7aNLLakx8LUnjxQSoQnFD","8wkT2Vt9XoLj4FuXK9YXyby7g8SuvPVroTm3jGEMpEUG","","ABCD","2026-09-11T18:43:05.0000000+00:00","12.03194","12-24h","holders","GOOGLx","4026.7444512198767","8980.938081720695","10","False","False","1789153206","179.6187616344139","179.8835237702166","143.90579266809638"
"H14GpnnEgprFjy7zBn1sLXxounoHRDy3Ze3BcwzNNQJA","6y28Gcci8kLqW5ku8v9XRNC5X98acYEhYhd1rZDbbey4","","GOAT","2026-09-11T07:51:15.0000000+00:00","22.89583","12-24h","keep","GPRO","3775.675667893024","0","1","False","False","1789113072","0","0","0"
"H1o6sHcUUGkU4r4WhPiREHBJENoyAnRN77VWkJRMUodM","3idf5LnHhxd3w7oW5hK6wUCtGyMUFCVyoVFDZ4aoNw3d","","SUNCOIN","2026-09-12T02:18:47.0000000+00:00","4.43694","00-06h","holders","MET","3973.4468457430594","261.353804816538","5","False","False","1789181326","5.22707609633076","5.22707609633076","1.6859726497240002"
"H1xTdQP3JY4mec45qdGijaEExvtmUeCZgQDjzoCdwsoe","9zryHqkevMo1njr3MmNqZ12qH4GUTDepLhWcSWYCYk28","","KILNLET","2026-09-11T11:53:08.0000000+00:00","18.86444","12-24h","holders","MET","3242.339775094527","229.68766939134798","2","False","False","1789127781","4.593753387826959","8.991367757205","5.340847098296001"
"H39qYZoRKmUngd3M5zFHc2oHjdKvzoMGiULX3MYCNzdz","EKgbHJpJSF5y4iXKFiV8j973qrTbYh3MSEDy4oAMAhgu","","FINE","2026-09-11T12:24:40.0000000+00:00","18.33889","12-24h","keep","EMBER","1788.9826571925785","0","1","False","False","1789129474","0","0","0"
"H3XxV3vSrkSXT8buS7qMnif6ghsPwEQtJgHc8sCKp8Aw","DUKxGeHYi5WqTzKva4KyFEERdY551rqq4Pq9NcaSscQV","","FIRE","2026-09-11T11:33:51.0000000+00:00","19.18583","12-24h","holders","EMBER","2236.875468304558","8136.476485739013","218","False","False","1789175584","162.72952971478026","359.49961938869995","264.6995453973333"
"H3zqEBGLc4xCkANd2z44szBSbJKxbLrqZVpcWG3Ne4Dc","AWdmRseCaDz43KaFqKic6UM2yv6tWDKTjAtdF97ypBEV","","EMBERAI","2026-09-09T23:57:33.0000000+00:00","54.79083","48h+","keep","NVDAx","3922.261186011784","0","0","False","False","0","0","2.0714380089052957","1.657148631049651"
"H4hmZpdHatXhiGogbfhKLLRctoonyQCZcbNqm6uKjLBK","HxBz4aq7yD9UeCZySnZ249x9c1r53JPuKU1hiLGPtPDD","","WOOD","2026-09-11T11:58:45.0000000+00:00","18.77083","12-24h","keep","EMBER","1691.5092432941651","0","0","False","False","0","0","0","0"
"H5kK1D85cWKZ3i3AqGxrsXeEq6Susgrsrcqd2PGx13Ev","9wePL4uMBPN65FbwVF7yHsGjgfDX8YAshdjm5ko2cUzJ","","SEMBER","2026-09-11T12:28:28.0000000+00:00","18.27556","12-24h","keep","EMBER","1910.9981546629235","0","1","False","False","1789129702","0","0","0"
"H6QG1QoQasmH62vCkG4wRAagqJzXWUCPdhoHt5JZe2cx","PFKgpSM6opL3J9ArfC8Tpua85bB8fwS3YmQB5dHMLEo","","LIKELI","2026-09-10T13:17:40.0000000+00:00","41.45556","24-48h","lotto","HOODx","4068.7150055571237","0","0","False","False","1789047936","0","1.1569039812198398","0"
"H6sqWttSuRUTSVn9uBFZTooiHbEBdroREZx8iWiXXp1o","FATC6CwdpfnXQEMdC4BWhEhbytURtLEYTSZrHizEajxg","","TUK","2026-09-12T01:07:27.0000000+00:00","5.62583","00-06h","holders","MET","3910.7680935908743","263.98014114609197","5","False","False","1789177048","2.6398014114609194","2.6398014114609194","0"
"H6wheLR9VyxVScWg716pyVNCWJHzsErJszgGbRjq97TJ","83YifE8Hat6PBaEynezbrGAnpWJX6TEa4n4FoV2xVx3g","","BABYEMBER","2026-09-11T08:53:35.0000000+00:00","21.85694","12-24h","holders","EMBER","7118.688300450479","98.26866693169944","7","False","False","1789149421","0.9826866693169944","1.41153008819528","0.49580682483802857"
"H7iDVUHEZ5bktn7CoxPB9WQSG2kQAqN67BY3x4hzRn3m","F7uy9mbTsY26GaFLLXES6n46L3Gzav8efKPg1pVtQNXQ","","FLAME","2026-09-10T00:06:31.0000000+00:00","54.64139","48h+","holders","MET","4298.9006540950895","0","0","False","False","1788998971","0","74.89722323529601","11.983555742235"
"H7tMmtnn3bxRDdisQv4AEmFoqtHr8mwDi15Xs5Fbjauz","5rPDoKNBPBM7wGts6Rik1DYJV8y1nxQtzaBTZjgWJy5B","","AIR","2026-09-11T11:08:09.0000000+00:00","19.61417","12-24h","holders","FARTCOIN","36644.46304662694","32018.99101669798","497","False","False","1789195495","960.5697305009394","960.5697305009394","580.9271736828294"
"H8HejWWAyZU98FAkuFFW8uCMiGPY7n5doefBu6FWrqYK","9Mf1nvp2VbhHBMUHW4VMJhtcAh8QJg898hWvGxTNUtNn","","MERCURIAL","2026-09-11T13:11:16.0000000+00:00","17.56222","12-24h","keep","MET","3429.6881611630456","0","1","False","False","1789132270","0","0","0"
"H8o25UMz1sEb99NDtHuMkXg8cQpPZqfCRN72EL49RA9k","3QcvUiZ6QhDdDYfMnfaR7P9Rk3wJ1G14ty23rXaNJQJ9","","EMBERCHAN","2026-09-11T12:09:05.0000000+00:00","18.59861","12-24h","holders","EMBER","1649.2849712913646","4502.683829021122","161","False","False","1789192977","90.05367658042243","158.9146715296851","125.9935194247328"
"H8X7Z8CLDnggGeXeteLHpU7wzqTDDGVP59nQAp7R3u67","AwvVGHPyXmAYBxAgDaQbpEXB2Wxc9rb589Xx1z9J6i8W","","AID","2026-09-11T15:02:31.0000000+00:00","15.70806","12-24h","keep","MET","3335.200350020784","0","1","False","False","1789138948","0","0","0"
"H91FgwzRaXmkTmxnoHAWrwKmDmE6cU3Dq7YrHJaPH7Lm","BotpC3Xgx4ASqBMu8zdvW7PkCWSq7HP6NZjB8LqDz6PP","","FIRE","2026-09-11T12:52:50.0000000+00:00","17.86944","12-24h","holders","EMBER","2119.5029197605504","1164.6972578620882","35","False","False","1789131250","23.293945157241765","36.58377002284","29.26701599616"
"H9EBKDCHp3PK2qrTXPmpv6ddNq6dAhKPSmGfH7qxwUQg","5vdHtZgkb5zJhCxJNgG4xDXzbGMFfcNcrJWWhtfXEjW5","","EMBRYO","2026-09-11T19:41:13.0000000+00:00","11.06306","06-12h","holders","EMBER","2374.1647426075283","67.39493938449999","5","False","False","1789193914","1.34789878769","1.8927241736557199","0"
"H9KozqgSLGVGcamirwRJPXvtipbKPnG4Ybuk1EU77zzV","HGGZTXk49k6ScRqzCNQubFyNPhaXb3yyiD6WeSNNoBX8","","DIVCAT","2026-09-12T04:19:09.0000000+00:00","2.43083","00-06h","burn","EMBER","8747.869009535783","6956.987664151079","107","False","False","1789189775","69.56987664151079","69.56987664151079","109.78664945457516"
"Ha7AZzqcLmwFcyKF65botwhxCkqHQVSz5fsNiu9otBds","D6JAxwNHDCwNrZqrFuoZcgTc7WoubyMVmgJDqupnNhP1","","CUMET","2026-09-11T12:03:35.0000000+00:00","18.69028","12-24h","holders","EMBER","1821.1410541207465","1894.653238963992","59","False","False","1789134863","37.89306477927984","76.10671385046004","58.695608468857266"
"HajYJRcKeGYF37d9PnN13ohzS6GNGp9GEux7pgdiKpQJ","J1TsBMUJapq4LYgfaxPUNxo5TEArpeJ6Vms4gvyy1Rki","","MRNACAT","2026-09-11T13:44:51.0000000+00:00","17.0025","12-24h","holders","MRNA","4224.9712836953195","2758.526891094","50","False","False","1789139750","55.170537821879996","55.170537821879996","36.431243331056"
"HakJebZch8vCsPZqXsWR54vrWZGQT6kGTnCHgGcXqpvc","HMEBKzoWrSDGBFypjBbRKPNAUS1NRSZVjoMpvgToudkz","","BURNLESS","2026-09-11T15:18:03.0000000+00:00","15.44917","12-24h","burn","EMBER","1924.8643313419102","0","1","False","False","1789139880","0","0","0"
"HaxvHDt1H95taCmN6TR4hAU4Des3BNPvmM3H61xB938A","BUeqVgCGoLQBFnXaApwP8zg8jxeEy3DHbfN4bc6jrxvW","","COAL","2026-09-11T11:17:14.0000000+00:00","19.46278","12-24h","keep","MET","4032.8500529930375","24674.10519365622","452","False","False","1789192841","493.48210387312446","632.3853493620389","504.208311174279"
"HaYCcJcsqBsZcbgv8tMqd7fXn8KgbbQ823aEWTGQznez","FQwtQomVAvCGpnqMY7ZzhyTQdiCfV8fw82vWHVt7eURo","","EMBERFROG","2026-09-11T11:36:19.0000000+00:00","19.14472","12-24h","holders","EMBER","2263.4099994535363","3.10225656322","5","False","False","1789127131","0.0930676968966","0.0930676968966","0"
"HBAY74bApKubmapDgJQx45TLMztS5Qgc9kFon1aSF2eU","5HBHk92biE2QciKxfhdDWpS7xBttnsXhBshrQ1hP9CMF","","REBME","2026-09-10T07:26:24.0000000+00:00","47.31","24-48h","holders","MET","4301.245827577299","397.967759565684","3","False","False","1789121935","7.95935519131368","9.895761678193077","2.198460197288"
"HBGBSdc6vL3S9gaBVmdu2SeVj1UoaJzwogPYixYbE5kx","8XFvRP7nHE9pNzCnEmr7jppg3kvyKkY3yJ9v5seS2xCJ","","NOBRAKE","2026-09-10T11:13:35.0000000+00:00","43.52361","24-48h","holders","TSLAx","3998.3675932571578","0","0","False","False","1789039653","0","0.31837276955972","0.25512672139649994"
"HbsVc7wcHifvpd7TKbUD3ybDFnDPrczQKYpDA9uRjNwp","4DafdGU4Yg76zaD3tfEwUWUDMBaWDiJaseKSGtED9a8W","","MEMBER","2026-09-11T12:12:29.0000000+00:00","18.54194","12-24h","holders","EMBER","1758.6940627069696","0.003118","2","False","False","1789128785","6.236E-05","6.236E-05","0"
"HcnfSyNzzbLZQrssUjasCEUrD5wBevu44AnhU6awmCSo","FnA9dr3ZUuhzk622epQMNbhqBSMASeYmP9UJhaAokXGp","","EPEPE","2026-09-11T11:56:50.0000000+00:00","18.80278","12-24h","holders","EMBER","1664.4595221917189","0","0","False","False","0","0","0","0"
"HCPfZbhz1ay77EAh4AfkdK9a8RDaLNuSfXPcLsTEgFbU","J8hGKYRTUe54ia5FxvvBraYfC2xyVWiKZ9Mv5uJGawnS","","XYZ","2026-09-11T11:14:03.0000000+00:00","19.51583","12-24h","keep","JUP","4358.454734876283","0","1","False","False","1789125242","0","0","0"
"Hd7NYfwCC1z1dcmbf2joSwknBTstPXxjehv1xmjPrgJk","AikFciu1hBLRLipxkjQQySViVCXuWSNDMHduAv2in5K3","","HINOKAMI","2026-09-11T12:11:00.0000000+00:00","18.56667","12-24h","keep","EMBER","1676.2149146296288","0","1","False","False","1789128655","0","0","0"
"Hd9ZJN8QNe5DNyysrKpSGwfUXf9yxMbjLmHquBjbLdRf","GXtx3LR3uZCRrJDPstuFrfVvfLTFhqExgQkom5GvauiD","","CRAMER","2026-09-11T11:30:56.0000000+00:00","19.23444","12-24h","holders","NVDAx","3982.640539871505","286.1604043810793","4","False","False","1789127546","5.723208087621585","5.723208087621585","0"
"HDPCPzQHNC1GL9dQxWT2TqeAPN1E3yETzVM266Cg8eit","BnHBvtugnAJgYr5UxbEAie2PxdHmgstwjUeFWZ2VXosi","","NAKHLA","2026-09-11T09:58:30.0000000+00:00","20.775","12-24h","holders","MET","3680.9315643029618","0","1","False","False","1789120708","0","0","0"
"HDZJH7RCiHLJrk1BS51rEvny8JQWw3z1dMNq6Rpcv9Gs","7snuMWZDA8Kgm4L5Ntp9T3usQdx8yBp8zgpVyiNEHUNw","","FRIES","2026-09-12T00:45:07.0000000+00:00","5.99806","00-06h","holders","GRND","3976.473889298594","0","1","False","False","1789173905","0","0","0"
"HE1Mkn1tiFQAzrq3NfvF7GhJkbhvuMrUT9FrqNWGVDU4","AnNWvabUJEiCD7pt9xBUMvbzviMRretxEKSqqqSU6ETp","","ORDI","2026-09-12T03:14:39.0000000+00:00","3.50583","00-06h","keep","EMBER","3980.0978922959744","4524.855098294464","71","False","False","1789183423","90.49710196588929","90.49710196588929","678.6263837207391"
"HE9zj9EyXWtK2fuXhrNDbrn4fB68m52MNiSoXNoFjy6i","iK8cXpQgKQYYHnrugofkaQG1BycBjx9kJ8fgj5u44mh","","EMBEER","2026-09-11T15:53:27.0000000+00:00","14.85917","12-24h","holders","EMBER","2076.3867529853555","0","1","False","False","1789142006","0","0","0"
"HEGmBKTobqnkBhGbWFHE9d2nAJVarhp1dB3wzyiuENKR","7kjhbADFZUPQihPQBeTtrC1fCSmRnUhWDQT2NgPmRGx7","","ELAY","2026-09-11T12:34:59.0000000+00:00","18.16694","12-24h","holders","EMBER","2179.350685387217","0","1","False","False","1789130096","0","0","0"
"HEQgPwbRhqvsFV3QGmrHwBzvGtLeYXUfmpuJT8HhpEKf","7pAwv6rPdnmWFYAu2eyfNg3yyNoa8z7P1t2CZRJxo4Lg","","UNIPCS","2026-09-11T12:23:41.0000000+00:00","18.35528","12-24h","keep","EMBER","1668.7769260214498","5748.665103545903","204","False","False","1789162352","172.45995310637707","295.72927315756937","237.73134276542936"
"HeueGiK1sjRRepsDoCikPv3tiQQUTakBoB4NwsRhaYfK","C1ietFfxfATV4oEx8jDboBWrDhEgdp75FX4uV1ep7jdz","","CCC","2026-09-11T13:36:16.0000000+00:00","17.14556","12-24h","holders","KOx","3965.4782842323243","0","1","False","False","1789133771","0","0","0"
"HEvcSkSm6c1i1ra12s6nZSQk1XxiYA4a94Q5goYYXJBH","2tnikq4Xr6kzyUK1Yxw7G5d3SgJFr5RjS86gKCEAXSaV","","FBALL","2026-09-11T14:24:09.0000000+00:00","16.3475","12-24h","keep","EMBER","2490.5735243385593","9.642614552","1","False","False","1789136710","0.19285229103999998","0.3900428308592","0.27723170466857594"
"HFytGWdQwiEYavZmtavchSmKyDLUKASwBj9WcnzQEDPN","2m1uUiXvr7huwvvvZzNrFrJwVSUgFSWnVRi4bBvQJyvk","","FROST","2026-09-11T11:05:08.0000000+00:00","19.66444","12-24h","keep","MET","3371.0384021950335","0","1","False","False","1789124704","0","0","0"
"Hg3BcaX99CaYByfXfAtnPUyT8bpRV1JqMrDLFz6DUXn5","73zYMBc5Ue1SiuozEmjB2y3SU9o5LV9sVM8V487j42KS","","EMBER","2026-09-11T11:58:17.0000000+00:00","18.77861","12-24h","holders","EMBER","1691.5092432941651","0","0","False","False","0","0","0","0"
"HG99CijPSHMJShL3UrvCHduXrvNU9nqzHyghWKKLGRrZ","Cv1TBtJbuujr6Gfrze9tSbVm8h3LYquCnzybsfcXzsyx","","EMBERAI","2026-09-09T23:55:07.0000000+00:00","54.83139","48h+","keep","ZEC","3628.5606564078394","0","0","False","False","0","0","0","0"
"Hga9Y185A2qX76kizhD9XkMDV94TdzaJhAur8XWxPPgu","6nEvyafCHU5VJr5j7sGmiwNztv3joNqpqF6G2AE3kSAJ","","MOONV","2026-09-11T12:06:56.0000000+00:00","18.63444","12-24h","keep","EMBER","1757.8081716106549","123.05406862389326","3","False","False","1789128413","2.461081372477865","3.7311246376174303","2.90303779164476"
"Hgg82CV5WARk4hxuiobhegK7obYMUQfbkyFKSV5pWeba","GyThWupX9zmGqX8QNXpqosvfLzFcaaFzpRSUEtVjQXVS","","REMBECAT","2026-09-11T11:30:51.0000000+00:00","19.23583","12-24h","keep","EMBER","2292.1829241415717","0","0","False","False","0","0","0","0"
"HGvutDBguuVeBn1QvgQQUCMBRTsa4DuNDL7aNu1eBR6y","8vcNTRK6gqzL5Z6awHjiSxJhHeFptLC2npLv3DUk5p5d","","RASSING","2026-09-11T15:13:26.0000000+00:00","15.52611","12-24h","keep","EMBER","1989.7153390784285","0","1","False","False","1789139604","0","0","0"
"Hh8PgM9KFXaVe7xDhJ2AyQMwkDPT48zP4kLS6eJW9Awr","667fh3gmC93mHc2yaCUT5yr6BUnHf3AFea4ZrqcQ415Q","","GAMBLE","2026-09-11T12:05:30.0000000+00:00","18.65833","12-24h","holders","EMBER","1982.3116018727274","333.46413448370174","11","False","False","1789128347","10.003924034511051","14.63004712748228","10.264409164398081"
"HHB9hhFRs8jX62kKxeoRTgh11WRDZTNtbiqkRW8C1TeV","GBJ8kVQ9okXr9MoEoJj7XZRWHdUct3z9P7VdWWRsktU7","","MET","2026-09-11T11:34:59.0000000+00:00","19.16694","12-24h","holders","EMBER","2206.8315818878987","1212.040835849691","21","False","False","1789126513","24.240816716993816","37.07284633067327","29.577644349782382"
"HhZ5ydV5Szoqd1gsaiQB7sm9zRbRq72rsvwXfQoALYka","9WPYTJtBcGbDe59QCFHbuXNSm1Ms2nZ1M3X9eAXByhXB","Ax9ARCJqBSE5m7RkKriu12aypJVwbQM3P16NfCJ6iuhz","MC","2026-09-11T14:48:28.0000000+00:00","15.94222","12-24h","holders","MSFTx","3630.2280609974946","67844.65831643461","395","True","False","1789189900","678.4465831643462","678.4465831643462","187.06173096640097"
"HiU9dkS6s1SZR1AEk8B8BkB2TYWfa5aRmqjemBoV199D","2mZNAfJDXEUaKcNj7ghyYMKn3efcFwsvwnBU9EE2hjtq","","CALCIFER","2026-09-11T12:48:37.0000000+00:00","17.93972","12-24h","burn","EMBER","2335.0678704490856","7089.4689786430035","169","False","False","1789157745","141.78937957286007","209.70940657313756","169.53805304624595"
"HJELSmZxF8pceoPSbTL1P5YqL5CiCpJkVGcuzTuBU6BM","8sh9teXzL4p5d3yUSEzur7NTWKztZFu2jLa6XeHk1mnE","","METEOR","2026-09-10T01:11:15.0000000+00:00","53.5625","48h+","holders","MET","4404.111142358071","0","0","False","False","1789002990","0","0.635005517","0.5119949844239999"
"HjizDB4rCsyxRLw61e9tCezLcyd5XE8uV3wRH7tkgeBm","J1UJspYGtZwaHjvBjyW33n75WGVxS8sXg2szy2CuUEsY","","METEOR","2026-09-09T23:31:03.0000000+00:00","55.2325","48h+","holders","MET","4542.701825910046","75.292658989044","2","False","False","1789157824","2.25877976967132","41.977429004691","20.14916605599"
"Hjt5YZ8uaLiBZ6qpNWmDNVxdW4GuunUA4nhHoyJJDP3J","4ERZd5Cwr8MfsqKrfWvPJk5djXkDN3aKqJsnQ4WEMha6","","EMPURR","2026-09-11T14:12:51.0000000+00:00","16.53583","12-24h","holders","EMBER","2107.181264390818","407.8506535310126","4","False","False","1789136031","8.157013070620252","16.088768520066004","12.871014809774001"
"HkGnx2VWxipAf4fXY8GWeZTuuEJqAieXPoGcR6QVBrrd","39qLFnj695VxpVQ4LZgyynEzUaNN8tiEa6JSgFtcxg2s","","MEATORA","2026-09-10T00:22:09.0000000+00:00","54.38083","48h+","holders","MET","4315.395236648985","0","0","False","False","1789000032","0","10.996676523479","8.744741896737"
"HKij32Hfjuh7pZqPUGhidaTjTvyNaMGLYmM1r16YhMco","4kcmU3LpVtR4GgXUiuwrNZmvaMA9tBixoufXuD2zW6Af","","EMBERFART","2026-09-11T11:54:43.0000000+00:00","18.83806","12-24h","lotto","EMBER","1747.3183723941647","0","0","False","False","0","0","0","0"
"HKjoto3xhuFD8qnbVeUK3zbrCL9RraXe6xKwNTn3Siyq","7u3odPENVtbyJf2HxmUsKbmKkNnPVtBvfXNgMuAyk2pi","","SEPT","2026-09-11T11:49:38.0000000+00:00","18.92278","12-24h","holders","EMBER","1789.0197603469483","0","1","False","False","1789127373","0","0","0"
"HKjQF9G2HNTwviAheA7VCK21iV7kRFqtZx5BxeqFBoix","41eCQrTgbfTDaTjWqrrxs3sKBeC2ukfoxyGDnYZdDn7b","HFUHhEYRLGJU6AccLxsumpwy7PNZEcW2L64cEnZtpQ6c","DLMM","2026-09-10T00:35:04.0000000+00:00","54.16556","48h+","lotto","MET","6303.439437862788","205776.83672495114","988","True","False","1789192838","2057.7683672495114","2057.7683672495114","5611.6423410718935"
"HKk61qwWhzSnPUsXqLE2ZtkpfBkr8KQ8SqaGQvFgF47u","8d8CpHkq1cEczfT1mAvjoiUhvcexqCDctejzndu1Xhc8","","EMBERCAT","2026-09-11T00:11:25.0000000+00:00","30.55972","24-48h","holders","EMBER","17443.2977298492","203.69506045779804","8","False","False","1789131818","6.110851813733941","9.77336356170115","6.70026535491596"
"HKmwr6Y8s5tN6ctEpNYLEXuPtzS4p2kYjPqCP8oM6r6U","6XYGBhgASxLTedsWrAqkzfUhasCnQDbH7tMpBoET4Fmz","8Y52Kps2dNSStjocaEG1xhjBRESAAWVct7oVnmB7ZCLS","URANUS","2026-09-09T23:33:31.0000000+00:00","55.19139","48h+","holders","JUP","47292.91892842686","535752.0767683755","3691","True","False","1789194905","5357.5207676837545","5357.5207676837545","3301.8455170746265"
"HkVKTxQjt1zXucJcpeQJkxjsiW7GgxrkWCnv2hWcKYX1","426oN2b2W5tkhgHNFa4PC9Vkt9dWHfzdhcCr8bUBfKZ9","","3286","2026-09-11T12:06:21.0000000+00:00","18.64417","12-24h","holders","MET","3239.1357702810888","153.22704768443802","3","False","False","1789128465","3.0645409536887604","38.322055886579996","30.922728466032"
"HkZDVYCAGRdu6ZMuKN5pF2u7vi3wiTry18Ltg5vvQVoC","46CEz159hBrxMvfEHVMnKbUhdDnAShwDsS8AsiZH5rfc","","FLOR","2026-09-11T12:09:03.0000000+00:00","18.59917","12-24h","burn","ZEC","245.03793441017544","12.749208461757316","5","False","False","1789128553","0.12749208461757316","147.72198564776355","0"
"HLRWxHUZew2G9jLLKZRdxDeRDDf3VEyciDAexon6Ho8u","GKkNWafDHsD8ocDGzRgBPyJxivFgY1xnTrXGteCDbSDW","","FIELDS","2026-09-11T19:20:14.0000000+00:00","11.41278","06-12h","holders","NVDAx","4001.1134350353623","0","1","False","False","1789154412","0","0","0"
"HLyq6jyAWGgkENQhzFrpkxKGndZLvTdkPGNiPZBL5JR9","4aChqDdNnjAVXgsfQRj5f5G66tVWcp1PnmzBE3efZMit","","MEMBER","2026-09-11T12:27:13.0000000+00:00","18.29639","12-24h","holders","EMBER","1881.9311927140848","0","1","False","False","1789129632","0","0","0"
"HMgVuFdN6cbhfV2ZndWfQ3SqvQCsWCEX77Ai51VQu9U2","F258LExQM6AafWGoPGSQXEibwiN6Gqn2pPgAqs8gwga2","","TEST","2026-09-10T00:26:26.0000000+00:00","54.30944","48h+","holders","MET","4350.870004230028","0","0","False","False","1788999984","0","0","0"
"HmQAB44TTCLZQFq2JKPA5SdqjnNMzo8YrEy4XoQ1mSrz","CBQJtqxB7fngnAMoS8yHztWPyVYx1hzX7JiZePmHtCVw","","TITTY","2026-09-12T06:17:19.0000000+00:00","0.46139","00-06h","holders","JUP","4009.343321838608","296.748014329","3","False","False","1789193963","8.90244042987","8.90244042987","5.202091385036001"
"HMUAhyWzxcE9NYktxpR6P16G39JG1atUdjFnYwxzhRuE","9XfJ1dyw9L13d5jTKFCCCsrmMmmnmHKkhVmTLBVcVEN","","EMBERPA","2026-09-11T20:28:57.0000000+00:00","10.2675","06-12h","holders","EMBER","3022.3467249669156","305.78455028284515","8","False","False","1789161066","6.1156910056569025","6.2429287754885","0"
"HnhKDg7kxsjo3rhz1mTfmCEeDo7PYB6LBkKXgNWg9AqW","BP8fEhA8SimkaZHi6h2GNoLo5JfdTsEyyBC2eQgNPv24","","METAMINE","2026-09-11T12:14:41.0000000+00:00","18.50528","12-24h","holders","MET","3322.524689276856","0","1","False","False","1789128872","0","0","0"
"HNrUMKGr1ZyqUTGdxTBsjLd2q1LaD4JAb2bJguWb9Lnt","EwaXnm6dQKg26g5NkwUpGwkmpMjekGUcQpEdsMwiCfN4","","EGG","2026-09-11T01:46:52.0000000+00:00","28.96889","24-48h","holders","EMBER","22282.472213452053","166.3886269669249","196","False","False","1789195076","3.3277725393384983","4.129526931500201","3.9082844967341"
"HnS5QtyNLj6EPCiLCeHMX15UTe1H4AANu6so8RNTVZCt","B8xJF9vbKvoXa8e8gLUhCLkwntC2GG9PhTCttRgoPgA8","","JEWPITER","2026-09-09T23:41:20.0000000+00:00","55.06111","48h+","keep","JUP","8001.683194962031","7161.576263267011","130","False","False","1789195018","71.61576263267011","101.37693828039183","80.29737511321036"
"HnTXG8r4tibYgYk7cgu1FigD2TAXmg4HH2UMYiUdJSx1","GoAhf2aDeVqKKRtMEVxziQGs7tNP5bmfzwxfGoB8pMMJ","","CURVE","2026-09-11T09:46:19.0000000+00:00","20.97806","12-24h","holders","EMBER","5836.4542413127965","0","1","False","False","1789119975","0","0","0"
"HNyGMURNy9ug42N8f1fAmpzY6gUWj5U6cUw6UCUxLjNG","4cMUWDE8mxPFD4fLqUhvFq2RyAG4DM8eEWj3WxfaFq8U","","ZEMCAT","2026-09-10T00:20:05.0000000+00:00","54.41528","48h+","holders","ZEC","3650.495032815031","0","0","False","False","1789001261","0","11.696930471999998","0"
"HNzLKWREcwRd37JYeoEkcP7uVN8afJrCMrZ7Hocrtvbp","FwcKBVzfwsca6q8UsCumK2EiNVAndpCdjR8fM15MHVuC","","NOV","2026-09-11T11:27:29.0000000+00:00","19.29194","12-24h","holders","EMBER","2166.0402026130396","3652.4408360098355","91","False","False","1789194489","73.04881672019671","98.4229974318357","72.64810042111442"
"HoNaua8ZfHVyaJcSt64y9tPCnBRPXoYAsd46chpwZV5n","ZSMGf3XkdvkeqbMZ8KS7r9T7sBedfML1qXu71yuZyFH","","CHURRO","2026-09-10T00:23:49.0000000+00:00","54.35306","48h+","holders","MET","4332.016933303375","0","0","False","False","1788999827","0","0","0"
"Hot4uP9qK3kS5DQk8r3E5mAuMCc7vVd1g6hs8QxQYkDg","58F54B7NniMeG893na4M4dwMQ6khNq9XK1dhu8b6B1KM","","COMET","2026-09-11T11:58:26.0000000+00:00","18.77611","12-24h","holders","MET","3264.571984776451","1303.46312354468","22","False","False","1789129501","26.069262470893598","29.2683550028238","23.41468400225904"
"Hp876WCWRhkirxdwNfrkP8BuYGTWq8yYF6ZuvQ9H2AfQ","AzJgwTpVGRtXvA8kEEuo3HtMqJ2WisbnJWWZia2GSycg","","EMBER","2026-09-11T12:05:42.0000000+00:00","18.655","12-24h","keep","EMBER","1944.432995532072","0","1","False","False","1789128336","0","0","0"
"HpHHq6ojsDX3ZYtSvnxKYqJhG2sMyey7oEB7f41LPY4w","5pSyJLH1oeTiYpjZYVXLBGT2e36jju399YHhMwyYX3L1","","VOID","2026-09-11T18:03:09.0000000+00:00","12.6975","12-24h","holders","NVDAx","3996.9060862072615","0","1","False","False","1789149788","0","0","0"
"HQ1WDhFakZaZ17ATY3n8fo4k3nP1XfqG5PKmY7bVHFSU","6A1LZrQrtxeU8RdmQdzunKmava6VEmxGw6MGLnRR2Arx","","MACAQUE","2026-09-11T23:33:01.0000000+00:00","7.19972","06-12h","holders","MET","3775.846737792321","0","1","False","False","1789169579","0","0","0"
"HQmHu4jWiwx41kzniDZXYAUtsGRPBCQ4VVEbUT1mZ8zk","4i1CrD7Y3hWDxU8ickiLcG8pXvZ1DodLzoVgwXktdb5K","","CHARIZARD","2026-09-11T10:50:10.0000000+00:00","19.91389","12-24h","keep","MET","3498.429736460678","1.64937959896032","3","False","False","1789123812","0.0329875919792064","0.0329875919792064","0"
"HqRYbLJyAMrHASyPH2vQUhunKq17Rf8XhYYctyfJrAbx","5CDg2P4MPqECvaN2DtjEWNAU7TMJtm9tpXbRtZfFUCTE","","BROKER","2026-09-11T15:06:41.0000000+00:00","15.63861","12-24h","holders","EMBER","2037.5498882569311","0","1","False","False","1789139195","0","0","0"
"Hr4koxoyAF9SeWkBLrkdPP8ATAgT5H8sSKw74CvgsaQB","7uKPrPGrmDL3PUvvpVQSu487gt9P81vtx9NNyC5yJanh","","DONUT","2026-09-11T17:06:49.0000000+00:00","13.63639","12-24h","keep","MET","3282.805668541726","0","1","False","False","1789146407","0","0","0"
"HR4VrzQ6hnPk5v3UVKwgKSKoTvVoU2yfmDB5bTg7ztx9","49CFdFfwei1GwhijN5ZwWobE9gmekVAUMfWKkwY3gmpQ","","AIRFRYER","2026-09-12T02:01:52.0000000+00:00","4.71889","00-06h","holders","MET","3950.2704334023433","261.353805041896","5","False","False","1789180313","5.22707610083792","5.22707610083792","3.042628109352"
"HRktL7WyMWWufZrjujWtrTZN1SmeFMTZu6eTGsmkyhYe","Eg44sUm75koxcmFE9eGUGmRFQnXtxQxyiW5uYaGzonZU","","RMBR","2026-09-11T15:52:26.0000000+00:00","14.87611","12-24h","holders","MU","3965.368697209208","97.021620627615","3","False","False","1789141960","2.9106486188284495","2.9106486188284495","0.8924279278992933"
"HrPnarYB7ZgJSucxvbaDu58JEuRnEQ5WxLg2uRGYcRV1","4gXMeERTXrH5Pnzjjz7a23ESpdbnjhA8sdf1HzpTAPr7","","ZERO","2026-09-10T14:59:52.0000000+00:00","39.75222","24-48h","holders","MET","4137.698832559614","0","0","False","False","1789095864","0","56.632747783965996","40.057830614101775"
"hRqmqM7mLrKEoE5iA4UpLSG1Kf5X8eJhpTzrZdmmWSF","2TQ3VjSaumx4sdRiy9FoEFSCFZoFK3DZpE2ccBGLpeC1","","M3M3","2026-09-10T00:08:31.0000000+00:00","54.60806","48h+","keep","MET","4294.796691737986","0","0","False","False","1788999004","0","19.626990401865","15.701592321491999"
"HRYZUJuLTRWBK2dm3ZHAUp93b6pHumDMu2Bk8wHR9SaN","GyPubxtt1VgkpmBssaoAiZu6b9xSHB2f67pmGPeqiB1v","","METH","2026-09-11T12:52:28.0000000+00:00","17.87556","12-24h","holders","MET","3306.4806911198066","4.9747654927511995","2","False","False","1789131339","0.099495309855024","0.099495309855024","0"
"HS4hDC9WV8MnouSeCAF9kgkzFZgfMHggdAfa2WVQL9Jg","CA2LmG1y9AyR6sDWZ1eh4u7UVnSXdZQ5tmFQLA3aeMKD","Df5hvGMyBfHRgXgx1Sw3NShEoNui32m1FKNwUDSZsAmv","FLAME","2026-09-10T06:58:16.0000000+00:00","47.77889","24-48h","dip","MET","21827.305216826837","123279.14736203477","779","True","False","1789193620","1232.7914736203477","1232.7914736203477","6290.530615040672"
"HSD79qU6tvXecZDwQsfEt5sm7C9gKtxcAppqkzh3ExEY","4PRrgv7m3dbra26abz6yLxnTvbmQAfumugLvHCBi5vqB","","EMBERFLY","2026-09-11T15:44:54.0000000+00:00","15.00167","12-24h","keep","MET","3398.7870380291893","0","1","False","False","1789141492","0","0","0"
"HsMwxycQG6FiPeAuWNfjCh2UZik9FEx2K6pnHp6yr1FB","GQ1zgVsSB6VvLPGgrqE1cnqsi9D86Ap139RUuUfXc4LF","","YOU","2026-09-11T12:26:32.0000000+00:00","18.30778","12-24h","keep","EMBER","1864.9284632284098","0","1","False","False","1789129586","0","0","0"
"HspMt2eNEpdHeExYD6AdjZKnAidRKj6YtVUtypfeHGiu","Dsz6ue2wAPKMQTVxB3a3DgGd9tQfC6tXWW58mfGBJhwi","","EMBERCHAN","2026-09-11T13:29:56.0000000+00:00","17.25111","12-24h","keep","MET","3523.278058360579","60.86832002977727","5","False","False","1789133961","0.6086832002977727","0.6086832002977727","0.45609111600900004"
"HT1qzSMTkj9eHFCAYVk2sh9jCr3TAYm9tZfZ78kj8roY","Af4zBZjdGEBnAXDNaQbBXVkBjztPLv7tLRazZiQFqTke","","DICK","2026-09-11T12:33:11.0000000+00:00","18.19694","12-24h","holders","MET","3340.592084431758","159.449544214744","3","False","False","1789130011","3.18899088429488","3.18899088429488","0"
"HT9LKbhFNSxPf33DbnNYLQPMXg96PXPsa95C9meDC6sy","GPos6w5mu2U6U1ZPGnVeBCytHsepu3u9x9P7JMJ3Twcd","","REMBER","2026-09-11T13:24:29.0000000+00:00","17.34194","12-24h","holders","EMBER","2412.5948837467104","0","1","False","False","1789133064","0","0","0"
"HtDdGu473Jh3grGSqXEwnDh2gnxfk8s1sNbtZMCfojm6","AXfi8jW1b3YoYZppJVYXiUwmgffM2RKDx8ifeCmsa7ij","","GPUCAT","2026-09-09T23:17:36.0000000+00:00","55.45667","48h+","holders","NVDAx","3924.1797658009777","0","0","False","False","0","0","22.36781672421937","17.894253379375495"
"HTizfXZ8Sd4V5DjaeanCHJ4yqYbM9wEddrL4B8HkP8j8","9Pz7Ld2ATNeq5nRzsorVyVgo65KnaEc8zA5Qd9ntiJ6r","","MIDX","2026-09-11T18:16:39.0000000+00:00","12.4725","12-24h","holders","MET","3372.17676858191","1653.145268566754","11","False","False","1789151861","33.062905371335084","39.141359034144","31.313086908144"
"HtNPGo4ptd2ZpiN6XZ73duwxZRSRBM51rnG8maJNnVyf","8N3L32ZbNDweq8vExHcpAxB5x2QE26SvcRGkzKW9FvKd","4UTUdzCcGFaSuen5RM5JQpqWvHH4kH53iSLk4pPvp117","MEOWTEORA","2026-09-09T23:14:44.0000000+00:00","55.50444","48h+","burn","MET","13284.25225793698","81280.2942441048","740","True","False","1789194559","812.8029424410481","1370.821908604839","921.9416954775782"
"Hu9wVC28FnZ1USGbV4Y4XGMwkf9knjC2cZExm2nDh53r","CHSncpDPzUUUmZZUJj8Ww64HrLzzPkfue9US3jKzXd9F","","EMBDOG","2026-09-11T12:46:43.0000000+00:00","17.97139","12-24h","keep","EMBER","2275.404044783763","0","1","False","False","1789130799","0","0","0"
"HuP3jdcYCGXqhfaH2roqqjfbxE1Xfxyr51BWbxkgsgqS","FDHW5tBkxqdbwvAa7RVoNJvWbFJTLBduX8xvnkLW4q1u","","BCAT","2026-09-11T17:11:06.0000000+00:00","13.565","12-24h","keep","EMBER","2241.7164643740953","5.1131927814900004","5","False","False","1789147808","0.1022638556298","0.1022638556298","0"
"HV59UoKCwadgb8uKLmMWs8Y51eK9fumCrTJSoaftjAYn","4rPYq1xdYYdeWEhR2ECcdQ2RjmkCJvBRP1HY364G6qsw","","ESC","2026-09-11T11:32:29.0000000+00:00","19.20861","12-24h","holders","EMBER","2255.5654466768656","71.00044568441001","3","False","False","1789127065","0.7100044568441001","0.8914150553600001","0.454345388544"
"HVEnkcWd1jxcXmt56bRP7AKnS7DGazkx31dWRdKeckVh","Amrtq74FYvqdZTTgsuXyCBtcJGbxwzRkW1QKbErEvYNn","","DISMEMBER","2026-09-11T12:30:54.0000000+00:00","18.235","12-24h","keep","EMBER","1960.0182258299942","0","1","False","False","1789129850","0","0","0"
"Hvh7DTQjS5dtrcW2R6qyvu1VVoo226eods9mJoBp2a6A","Enyuay6xSbuumjjQ7DiVvZEjW4r91sKBuiQLQmRNd82E","","PYRE","2026-09-10T00:06:28.0000000+00:00","54.64222","48h+","keep","NVDAx","3921.9104914232958","0","0","False","False","1788998786","0","0","0"
"Hvi23yz5Diex1txz6v8L1TrBXpSNpe38YKPGVJQkwfY4","3FqDmQvDBoXGw77UvDVhRMEUSHe7Frsfjjg6AEVuNWpt","","WEN","2026-09-10T07:08:14.0000000+00:00","47.61278","24-48h","holders","JUP","5252.843234423507","17664.12170494234","272","False","False","1789181849","353.2824340988468","493.99487742679764","379.66613059234516"
"HVLvV4FbQYuA8ukWgNDQU2wgUn7HZh5jCnRocMjGohZD","8wp3HgscuNYKSynjK6pptD5pSauSCJ2p5vsGwdaw9gQj","","MEMBER","2026-09-11T12:23:19.0000000+00:00","18.36139","12-24h","holders","EMBER","1674.6235766492032","39.944893420650004","5","False","False","1789129533","0.798897868413","2.5767434450799995","0"
"HvorgtERPK1ZxWdUAaGeKGiSwUrqgFG3j3Qfk1EJxYR2","4HuWaPqsKD8SPtEax9zdSR1MFK54TaWJJnSWUNVjGexn","","EMBERSZN","2026-09-11T11:42:29.0000000+00:00","19.04194","12-24h","holders","EMBER","1594.3170788339107","273.19809384310867","6","False","False","1789186704","5.463961876862173","6.004939825582549","0"
"HVunmkwGVHU3aqxnBZP7oNSEv6cjjwtp945qFNAJ9VMR","EWR2u4fdhEKtVWc8PzD2GvNhdB7c8v9XVr9VrAWiGPLK","","SPOCK","2026-09-11T12:27:54.0000000+00:00","18.285","12-24h","holders","MET","3350.3117292452566","4324.1013313948015","66","False","False","1789131092","43.24101331394802","64.39126965140882","50.5004074540709"
"HvZ7NUHuxw36pT6dQjGRK2ZMCbfmQgKKjULrh8aKfAFx","42Z5L3YRHAoNjQJ1T5X9ZDkctXJdQK8CEKqw4jhLuJRy","","GPUCAT","2026-09-11T11:50:12.0000000+00:00","18.91333","12-24h","holders","EMBER","1882.5055656210188","175.342164022852","5","False","False","1789127415","3.5068432804570397","6.3626182243526594","4.22349354737144"
"Hw2ZmKLbYNyZ6Ne6Y6gX2WDWhjFNDnc3G9B5dYtMiATJ","Bdzg1iHnXmA4Viu77oM13KaRwFzVYK74WWYXzhoEqEAh","","POLLY","2026-09-11T11:47:18.0000000+00:00","18.96167","12-24h","holders","PENGU","3943.480781109436","945.8952884277386","13","False","False","1789127241","18.91790576855477","18.91790576855477","12.69040998190095"
"Hw4M4TWHorUo4mCb8TK2pRZcQvPwYEfrqvDRAkXjgif4","6AwUkYKbzz15qiTHvwZxE31xgWqitmvoz5UmJpm5X8To","","STARFIRE","2026-09-11T11:38:04.0000000+00:00","19.11556","12-24h","holders","EMBER","1959.5903726483025","962.8380526999092","36","False","False","1789127363","9.628380526999091","25.29610016832516","11.576069484226004"
"HWPaWRr3rpx2kAck8obPa1YaKYhxc2QgtnWW2UMJeYvy","HBHetTCCffpf8d44qCwDh3szNVHrJs9g5Ek3WQU5pb8E","","ZERO","2026-09-10T15:12:00.0000000+00:00","39.55","24-48h","keep","MET","4132.465247771072","0","0","False","False","1789053118","0","0","0"
"Hwr2QQUSPbnMwSPPecwxmGc5biXh44XyoeUPKqDJg5Ud","34Mzmg3RUrETVMKbPQC3RQyidbfRVafVaySs7QH64su6","","EMBER","2026-09-11T11:55:31.0000000+00:00","18.82472","12-24h","keep","MCDx","4011.2994647758237","12.90697885","1","False","False","1789127797","0.25813957699999995","0.25813957699999995","0"
"HWuFFmuWL7tqMvr7dSMuAASeXrViKLXTCZsGhwYuLimD","D7JaFrLzkLLvxBmPjSB5CDfF6a45FVPDd3FNvPXTt569","","EMBERHURT","2026-09-11T12:04:04.0000000+00:00","18.68222","12-24h","holders","EMBER","1786.3421403928571","0","1","False","False","1789128228","0","0","0"
"HXeyx3Lj1334j7GZ2UXn9P8iNBs9F3W5yQrZh9kXTnQV","AKeAjVTvs5DEhtkWWqoyyUug2PNWTYcDLpwWFbwUsxDV","","VOID","2026-09-11T18:06:29.0000000+00:00","12.64194","12-24h","lotto","NVDAx","3998.815736408197","0","1","False","False","1789149987","0","0","0"
"HXnDzwBrd9ntgwgD3p2tHydbjBhkfRFbQ3awevXcm4Jy","6oFqVBpEp2Udb1yCG5dKG17UjGoni39EP1WqtJ3SQvBX","","DODGE","2026-09-11T13:40:54.0000000+00:00","17.06833","12-24h","keep","DOGE","3981.321206961741","0","1","False","False","1789134053","0","0","0"
"HxoHmyEDVPtaFC9XsuMLumx3rD613RmPLPBP6285QXx8","Cm5bscz5WX2CisErGxEhf1DZ42bUjdPErMGeomgiTnh4","","EMBI","2026-09-11T10:34:37.0000000+00:00","20.17306","12-24h","keep","MET","3506.3312150830056","1888.9904261175484","52","False","False","1789180670","37.77980852235097","37.77980852235097","27.740360539837997"
"HxxsmNzp3yWEewXyGMFPbC5AfiULsh7NLHPXNHANRrES","E68ZZJBYeu1M1Snpq1RY2JJZ79rAveTcWmRAhhRmFBCW","","MTC","2026-09-11T15:55:36.0000000+00:00","14.82333","12-24h","split","MET","3386.759115342918","2435.315454979114","21","False","False","1789143941","48.70630909958228","59.436456849357","47.549165315055"
"HyEyQkc9HcL5oztBx1CrGGE9QfsqCUQQu7N3e1bpjZhX","EeKPZmp49Q7paXTfSFgfgdSjr6ocgzrerKb78MRNr2AM","","POOL","2026-09-11T12:31:48.0000000+00:00","18.22","12-24h","holders","MET","3365.5707627240586","1946.3308421653628","22","False","False","1789129928","38.92661684330726","60.04435162410191","48.030203936707196"
"HYikZWUL4Qm2bQkwko2gDdkjNaCdCma1zoh6sze5JPMg","AzuPW2h1NztCZuLD6BZwfbskdENjci6SVGuPmgprRhKR","","LOTTO","2026-09-10T17:29:08.0000000+00:00","37.26444","24-48h","lotto","SPCXx","3971.4425815618047","0","0","False","False","1789062405","0","19.920271388321428","458.09177299398493"
"HYqQJPts27LQAtiLHSwMKu2BmwVDFiPLFGEfeCdEdMJo","6TLv7v3f2MHDjAWHpaesNDnigRCGPL5yrwzgNLVeBaXY","","AERXOL","2026-09-11T11:31:07.0000000+00:00","19.23139","12-24h","keep","EMBER","2340.223462104643","811.1977194409036","13","False","False","1789126334","16.223954388818072","47.87687836703756","38.30150267911054"
"HYYw2hbjy8LJckT4f6n79u1Q1UdhiVyohMypqQc95NTp","5StG4fKwyCn7nnpsB6p1QeovmmTBF4Q2qSq27LAdRSeM","","STOCKLANA","2026-09-11T13:45:24.0000000+00:00","16.99333","12-24h","keep","MET","3474.1784140031186","944.5511669564186","8","False","False","1789134493","18.89102333912837","18.89102333912837","43.680663929594"
"HZkKPpRzruHNxXeqT3bQ1NrB6g7RF3TPmPZ8LhJGuUie","DBZNyKUWeG4AZm2zdgZ1geNCAik8Rtej9ZzQypAtbWdE","","PENIS","2026-09-11T14:42:10.0000000+00:00","16.04722","12-24h","keep","EMBER","2366.4296505048433","580.0162610118988","9","False","False","1789138048","11.600325220237975","18.487249337238","14.789799450954002"
"HzPu27wAiDhFYKkgnQfkA6CmjquUvdBLPj3CeVTvBFYR","9ScAMRYeeM8H6oTAkGh2PPjHAVAdPjoVAepxfTVnLzAH","","ZODL","2026-09-11T09:55:01.0000000+00:00","20.83306","12-24h","holders","ZEC","242.04126990136626","11.617174178869439","3","False","False","1789120587","0.2323434835773888","3.09933625990926","0"
"J2UzeitqXKkhgrdTz8wgjpYZb8YyXa9F8MptoJbgCh1w","GEUzshgo1Zo4heG3y4jJyawjeLZcEUE4jRg6CLGjC5KA","","EMBER","2026-09-11T11:46:34.0000000+00:00","18.97389","12-24h","holders","EMBER","1688.1240285888596","1480.9606614630309","49","False","False","1789170686","29.61921322926062","73.83280380489231","64.66637931109821"
"J3CyuqsaQu2cFRuadbgUjY3L7BhAp39ZhXm7BcPicNqa","3ob3VeJiSmsAwg7eX7EjHWLuC5dGCzzAH6KoqktuZFUM","","DRAGON","2026-09-11T12:51:32.0000000+00:00","17.89111","12-24h","keep","EMBER","2043.253071624246","0.001559","1","False","False","1789131110","3.118E-05","3.118E-05","0"
"J3H1dgF4YoTD9GUu3oaMUXWDHXCbdAzC6QH9ZKnAMqUn","4hGcZ5MUUeZWk3pPs4zqEem46nCCaCdFQ1F5vLK19YuB","","MEGA","2026-09-10T01:08:18.0000000+00:00","53.61167","48h+","lotto","MET","4386.932747242776","0","0","False","False","1789002987","0","0.9521935196","0.611290939182"
"J4nhE6gbZhsok95fENLKDRbRi3XVLqVyJMR3QavLJdks","3Kmgvqr4uswnqsXvaYpNhFRCNnkR3SbC6bdy9QRjqFDk","","BAZIL","2026-09-11T12:07:38.0000000+00:00","18.62278","12-24h","keep","EMBER","1669.436623207588","3862.6756148637796","92","False","False","1789129314","115.88026844591339","300.82513160465857","224.94640407820057"
"J4oL9Ch5y5NxiSj6at8Xtv4GdJ4eU1GfoioryGU2HYrf","92CoRTAm3bnLZonrAycebYB47jMTq2eXKDM6VkxAvyzh","","FIRE","2026-09-11T13:31:42.0000000+00:00","17.22167","12-24h","burn","EMBER","2525.176042262313","1528.6892758070574","48","False","False","1789142032","45.860678274211715","71.40460903096921","56.988827178914"
"J4qve81tNd2GjZKQM9cz2kXFZSb44BgXkiGgKx8K5deV","5GNP3fzRRBtnPzNFnt3puMpeAhrnc6e36Y67JS6PRWNq","","BUCK","2026-09-11T12:06:46.0000000+00:00","18.63722","12-24h","holders","GMEx","3965.9900565304747","0","1","False","False","1789128395","0","0","0"
"J6MyNahpZwTz9wMi1gaXsRezSGQswJqL38DW4U4ZxoUk","Hn1Uhg86jxL7P3Psv1hBPmktBrj6VywWuqybvrLHBZav","","LUMEN","2026-09-11T12:03:58.0000000+00:00","18.68389","12-24h","keep","EMBER","1821.141054120687","366.05728999056487","7","False","False","1789128243","7.321145799811298","10.665718086408402","8.53257446912672"
"J7fkiGrbUvt2GxhG3fn55nLiySpHQxnQqpgA6ykxjbMU","4VbPNfpL1xkLHvasw3df5xBhs5pSxxNtivdmzut4mPcq","","GOATSE","2026-09-10T15:12:19.0000000+00:00","39.54472","24-48h","keep","MET","4132.465247771072","0","0","False","False","1789053136","0","0","0"
"J7havHobc1tj25rzJJr5HrmrcvXj75B1buQGxAqHNwkr","ESzsjP3WPTsrcvYrsogAh7Mr4R2qQT9dbiTfc1XmMF62","","MARSCOIN","2026-09-11T11:34:28.0000000+00:00","19.17556","12-24h","holders","EMBER","2161.525168600108","3.97241443992","1","False","False","1789126532","0.0794482887984","21.95326694932899","17.5148656188376"
"J88xM34PKEG8LciBKUhAdM9nrady1fA5w7i3TzYwikyS","94w1tWE9yQNceNPvi8skSeXfuhxAioX8jcathBtxhbJ5","","JOHNNY","2026-09-12T04:40:25.0000000+00:00","2.07639","00-06h","holders","EMBER","4858.934363015581","0","1","False","False","1789188021","0","0","0"
"J8B17ULSH95YvKxFtaVthNcALLCs1kr7ubcAUdqBs7Mt","GLGbBvpLKbRGPFfUHahwCB2r29RSE8TW9ug73e5WCo5V","","MEATBALL","2026-09-10T00:03:11.0000000+00:00","54.69694","48h+","lotto","MET","4272.364231060456","0","0","False","False","0","0","13.963320346206","11.170656195006"
"J8JYzZSXeRTngJodCRTRHNUyxjYqqcsoZ73utbNZhdj4","4pzHEtog6t7QpxLy9yWAN5A68TXUoty6NWTTCDQjGUpx","","FLAREON","2026-09-11T08:08:22.0000000+00:00","22.61056","12-24h","burn","EMBER","9541.689272434562","496.1702662445048","10","False","False","1789149229","4.961702662445048","5.72913358378635","0"
"J8rW6rPpc6tGae2kvqBurdEbbg4ykjbNhR1yrPMa7YUu","Drg8nmyyCdWmZcbYmwLLMB9oguenfhcHuBa6Yt8WXhce","","SPARK","2026-09-11T12:36:09.0000000+00:00","18.1475","12-24h","holders","MET","3273.544444336728","0","1","False","False","1789130159","0","0","0"
"JAj3pZejhbfqLkpRBBDDsvis4qDQhsF75jAvFZZvESzJ","E3LDfDDoVezHox6gXdoJmETmYu4jTCh69nzHGvnq1guW","","TUKCASH","2026-09-12T02:51:02.0000000+00:00","3.89944","00-06h","keep","TSLAx","3998.841543669647","303.88235410879804","3","False","False","1789181899","3.0388235410879805","3.0388235410879805","1.9547304654875002"
"JAPkz8m4APT4MxCM3XQfmqUTuLpB2M9XndLMdUbmfDSo","2WK8Yb6yyAnnFZvM8LsrpoYU7nKDbAtymi6CfQAjurD6","","KIRK","2026-09-11T16:50:40.0000000+00:00","13.90556","12-24h","keep","EMBER","2415.7583561840243","201.97297410432972","10","False","False","1789147241","4.0394594820865946","5.2702428437546995","4.18071647872788"
"JAxQAbkr6vpqQM1xLBc9a5aDTa2VA3pbQjKDFQcXo32F","D6JhNnrkGpCwAc6twvrpjuKyVCyvcWHfpfbcTDKq9Rw4","","LUCKY","2026-09-10T01:48:08.0000000+00:00","52.94778","48h+","keep","GOOGLx","4089.734405642822","0","0","False","False","1789004886","0","0","0"
"JC3Ef3QAW65T1H3JsfTKQbffksU73zmTYnwoQeeX8Brv","AibDv9G2EqfeyZyuWk9rQJzPCKMwDfomaW64iepHQJPb","","URANUS","2026-09-09T23:36:56.0000000+00:00","55.13444","48h+","holders","JUP","4219.974407736371","0","0","False","False","0","0","17.183164091148","13.7465312729184"
"JCpafQoK37yHyd1ozPvK4EraoJ4NF4en7n9VpyQk9PR3","23X62ZhWfNU5H3EgyETTb4fCULVBU4aLQbreAqkRpo3Y","","MET","2026-09-11T11:48:15.0000000+00:00","18.94583","12-24h","holders","MET","3134.20505029381","1514.0509720448674","13","False","False","1789127301","30.28101944089735","30.28101944089735","24.168263693184002"
"JDe4vaYbGbKZ7Lk1AZ6YvugSgeygWon2ThM1wMSAgwcJ","MxkeChwULe5A281f2KPmAw8A1Cx5p1bLoKtDzfu6T2z","","CORN","2026-09-10T00:56:28.0000000+00:00","53.80889","48h+","holders","AMC","3988.625760129882","0","0","False","False","1789001786","0","0","0"
"jn7qyV2zW2Ya21tLGF8giGYk4K4Yo3hwZsSE573kYFD","Df3ct4QUopBYJhqgmCLJWBSt97nvXmM1n3y2Awc7jpvh","","LUMEN","2026-09-11T13:02:26.0000000+00:00","17.70944","12-24h","holders","EMBER","2020.7902252356807","0","1","False","False","1789131741","0","0","0"
"kQ9JM7Sfzikyu6nKLxthYvgz76YrJrSUDwmxCUMkLx7","Ft5rRN8dNAL2Meam36ih3M78ZDpTnSuWKVYACEycBWVN","","FIREFLY","2026-09-11T09:54:52.0000000+00:00","20.83556","12-24h","bounty","EMBER","6273.231140357806","0","1","False","False","1789120489","0","0","0"
"kWiWz2Y93N4PMXDf9GD2hEEZfthYgYqvYpVEAXC8uQd","CRR5nmpDCf5Ycog4vQJRS4VVrPX92Y1Yi8FDNHSVwJvh","","BALTHAZAR","2026-09-11T12:49:55.0000000+00:00","17.91806","12-24h","keep","EMBER","2133.4049641217844","0","1","False","False","1789130994","0","0","0"
"KZ54CYMZXFAjS7rxyZjP6bAQcaT9Y6X4ccStXCRaxS5","BMiuYqWJSNPvxg8J7czE3Knfkh86ZA88ewVcSML3JxPB","","MEM","2026-09-11T11:35:31.0000000+00:00","19.15806","12-24h","holders","EMBER","2288.5262225939573","9639.19899260692","376","False","False","1789177227","192.7839798521384","272.47131707779664","207.28462068668"
"LVwpoTMXRDmAGVbPN6aiVMw1sRXbNCWvqDc5GMKUZ4r","2nE6aHAhLRstA3VDAoCpzDSjm7mpaZSBjKJZTqqnbbTZ","","MET","2026-09-11T11:33:01.0000000+00:00","19.19972","12-24h","holders","SPCXx","4022.64868051078","3931.7651779537123","49","False","False","1789133445","39.31765177953712","41.7930894546478","32.17961758614048"
"LY7VpwarXrETawnW8i5X1JusZMSyRoUaYHWUpX2uXWq","4XU3aWccz9C3a6iDqo8RNRQwDHerxMXV2VcmRFSacKQW","","FWB","2026-09-11T05:35:10.0000000+00:00","25.16389","24-48h","keep","MET","3962.215286852496","0","0","False","False","1789104908","0","0","0"
"mkxBVqJTauhLc4sx5kYbcwXS8EhH2XNExBkybV4Z3sH","HmLonF2paqfuJtuZEyU99c2nCYUHFpR8d3pzXdy8WpPQ","","LAZY","2026-09-11T18:06:51.0000000+00:00","12.63583","12-24h","keep","EMBER","2306.848802175858","0","1","False","False","1789150008","0","0","0"
"MWqFA1ZEekKGCixey4PsJ731tjzeEL4nDM5GcmSnfgb","2pdwP4DJWoe4iWdygujASB2HjEV7dLr9ovcKogVTP1ji","","CUMINU","2026-09-11T13:12:44.0000000+00:00","17.53778","12-24h","holders","DOGE","3986.7785882879143","1162.387116547543","15","False","False","1789134214","23.24774233095086","23.24774233095086","15.767621612600973"
"nfNibjpZwmUFMMqVxwC8diubabVC3q5bCoc6bQEoBdQ","BbvMjJL5N1cnPj87KNYYMZSiiwQ8RzbtdDoa5raX5gVy","","MEMBER","2026-09-11T12:07:13.0000000+00:00","18.62972","12-24h","holders","EMBER","1766.9760458509759","1528.9202736502505","73","False","False","1789133228","30.57840547300501","52.71018768748861","41.81278612490476"
"NyGnXYsKSEpsYwQ61jaeizFWrgHPVui3LsUp51oejvg","58Yc6oz7N44UemNrwaC8Hich6t945f3P5wKyUzAgtZtH","","JADE","2026-09-09T23:38:56.0000000+00:00","55.10111","48h+","holders","INTC","3913.720791155185","0","0","False","False","0","0","1.582344017314","0.06667278115189999"
"o2sT21Uh3zXRePGV5HPtxXR4iMmyxjHrMqbR1QjLdnf","8mGXTDPh33H3bKsutjoSy7EWwtUDSxBhDXxRQSy5Xtyq","","COAL","2026-09-11T11:55:57.0000000+00:00","18.8175","12-24h","holders","EMBER","1704.6095997556904","4827.338182063935","144","False","False","1789131682","144.82014546191806","269.5398220813171","215.51050976999957"
"p9WupCvy18R6s6nxqJiRyaJfPBDEpEJsTqm1tJGnxSZ","5M8eacLbQYjWVXcht6J8J7DP6F45qLFd5v9RNQJhJqvv","","REMEMBER","2026-09-11T16:44:32.0000000+00:00","14.00778","12-24h","keep","AAPLx","3986.888930857023","99.9219335666045","8","False","False","1789146756","1.9984386713320899","1.9984386713320899","1.29567012615908"
"pLs8QGnqCms4juJFW1wzUu8QiaaJV81AQJ53ETwCti1","CcuAov5WiS9DHDCqGTkPsxRzSHRar5tZgG1NaqGEJC3i","","DUPLICATE","2026-09-12T02:33:47.0000000+00:00","4.18694","00-06h","keep","EMBER","3612.5037314507617","1685.5578569858242","22","False","False","1789182224","33.711157139716484","33.711157139716484","72.079759621655"
"qc5kV2Uu6Fv5qJ3A1pXBwPKbECMtr6fTAwuLpJERXkX","E9CTmJtCoASjkrd2zbQYv4xjVGjpQaYenZyJknK86GTU","","SPIRIT","2026-09-11T15:05:19.0000000+00:00","15.66139","12-24h","keep","EMBER","2103.898456781098","244.18706384500695","6","False","False","1789140492","4.883741276900139","7.63461499176771","6.10769196877824"
"Qocd2N1tXAatJAxjWTVVLJZVLKDhccHJPaEZgBe8cpS","53GwGTEjM6gMTL3J3679h7U9bnF5LcgA6ZSHU3WkrdmK","","WCAT","2026-09-10T17:14:40.0000000+00:00","37.50556","24-48h","holders","NVDAx","4017.7472412139796","6.354550980120001","0","False","False","1789066079","0.1906365294036","0.1906365294036","0"
"quWevq75KoPeQTxvq3azLjLyXAvbWLsijRghad7zSTw","Agv3VtYxripppQSUTt8WjVpr1Ry1z6BwoNdyDCeDGZnt","","CWC","2026-09-11T16:18:46.0000000+00:00","14.43722","12-24h","holders","EMBER","2260.9052340721228","584.3919551217181","2","False","False","1789143544","17.53175865365154","31.133299486196883","24.79578767556764"
"qvLsykKjW956qKrNSfmXn6uS4eqQPbXTLM4AbMsbYwS","GNP8WSDuMMoqEM8kMzs7H6sf5LivcAcWQfhhDh75xo9b","","EMBERQQQ","2026-09-11T16:42:11.0000000+00:00","14.04694","12-24h","keep","QQQx","3999.516019794058","29.390087962761","4","False","False","1789149694","0.58780175925522","0.58780175925522","0.3792519531699064"
"qYYK5XuSY7B7VEENWkrp7po8ZYa7tUTPgoYUBFxuR5H","4Mc81LcSRUTk8LVtHnyK1RTVLU9DfnYmyrzv8mpZ7nBD","","SCORCH","2026-09-11T13:19:09.0000000+00:00","17.43083","12-24h","burn","EMBER","2413.3500869490654","2901.4808649713214","119","False","False","1789179233","87.04442594913964","130.6770643241077","102.43860769631388"
"QZqFwQiJRS2c5eckxBF9SX72kvjuU5EazVSQzEzcV5B","5xUm6vBohqaSuPxPnLLkWJKDLLScaDjZpmUertSBVRho","","NIPS","2026-09-11T11:46:31.0000000+00:00","18.97472","12-24h","holders","CRCLx","4009.6726120106227","189.23990417901197","2","False","False","1789127214","3.7847980835802395","6.230015378262499","0"
"r1REUNZw2cShhVX5b3rWj12Uxe7nprAUe48DsGgbSMb","8LGQ9muridogUK22GLYucS6gDfxVz9wextsKAbvHeKre","","FADE","2026-09-12T05:10:08.0000000+00:00","1.58111","00-06h","holders","EMBER","5572.892306464621","243.07774530794515","5","False","False","1789191608","4.8615549061589025","4.8615549061589025","0"
"r4YVai6LpcrnfnCoEYwr3ZDQaaYa5i1yHCw1k8P7C9P","3zYuvuu7KfoNmzyBBDeDCbLeFy2rN2cXywNsh5EAxcAx","","TEST","2026-09-11T12:33:04.0000000+00:00","18.19889","12-24h","holders","MET","3340.592084431787","456.56998414260795","7","False","False","1789130097","9.131399682852159","41.949315522099","33.569946512384"
"RFZ2WFvSWzcF1GcZhEvgLuAXsrCaadfjS7grBa1uynK","9mVehoNYMzmWQPSgWanVhGP3ibfz9fh1xyN9VkGj8oph","","SPACEXCAT","2026-09-11T12:01:24.0000000+00:00","18.72667","12-24h","holders","SPCXx","4020.470596583613","19.49875250873693","2","False","False","1789138876","0.3899750501747386","0.3899750501747386","0.25159384647104"
"RRxnnr96MyHQ2mAhPtNHo59Wqf2eQPN3xwVmuiobL2C","GrqPk8buaTqk6hQzJMcjzUaj7NA4da7JZ8CCF2Vskdfv","","CPU","2026-09-10T03:06:29.0000000+00:00","51.64194","48h+","bounty","NVDAx","3929.284203067174","0","0","False","False","1789020003","0","1.6250049797586887","0.31752338689042553"
"Rtga3BMWWU4YiA7sKDjeVwMCjckTcHPTMdMgxWecRHk","5cPJMJLnhMn9TNLNKtJqfHVciyHh8G4nmeN6YDFxbahQ","","METEOR","2026-09-10T01:08:26.0000000+00:00","53.60944","48h+","holders","MET","4386.932747242787","0","0","False","False","1789002634","0","13.248262209600002","10.5290226777"
"s21WVQhgzSnLKEHRzWh3UAfXbnadJREMfvBgeqx8yPY","C3wEhEo3YvcEHbbGkEuNCqPXBq8MeiyMrA9E2APc3PYU","","SEND","2026-09-11T10:23:33.0000000+00:00","20.3575","12-24h","holders","EMBER","6666.100304878609","11979.955267380827","252","False","False","1789188827","239.59910534761653","244.99121271290585","198.36706007780933"
"sjQGNHcquvpS2CD6PMnzdGxbNRRPqsPDFzRTUQcedd7","3np5u9Uy9jmMQakZtjDzrJ9gRHygrPP9FVHN1VfumDZW","","MEME","2026-09-11T09:22:53.0000000+00:00","21.36861","12-24h","holders","EMBER","6621.249608192937","0","1","False","False","1789118570","0","0","0"
"SW2BGxqH43QEqmPUM8sjYFMDtYYjtygHZnM7EZdPNGJ","929AzXYLtUZCGNQU5UzvtEZbJYuMGcZzcowGeg8qpXCb","","NLINK","2026-09-12T01:44:57.0000000+00:00","5.00083","00-06h","bounty","EMBER","3748.348777336121","284.46955412430253","7","False","False","1789179298","5.6893910824860505","5.6893910824860505","0"
"TdUvLztGwY6h58qJX4jgYnUjJTtYLbsD3WnVkNWj2ts","B1rYUv4vKrrmiTsT8PZLkHBw6dPnP4c6vxtMCqPUZLJ3","","RYZEMBER","2026-09-12T02:29:00.0000000+00:00","4.26667","00-06h","holders","AMDx","3946.9379537998752","0","1","False","False","1789180138","0","0","0"
"uMfZi5WNW3DUpQVW7W6fvDE8oKxeKYKSqHNev6PX7ZY","5hCB6BaQ1Rnb2BiGHysSvKaEKaygnpxtB2KuusF1GaMg","","JOHN","2026-09-12T00:44:43.0000000+00:00","6.00472","06-12h","holders","RBLXx","4000.0039859752096","0","1","False","False","1789173882","0","0","0"
"uS6cKfDwpKGW6Yig49JQWsm2cej4P9UPAugnogZbCLd","6Zt3u6CoReVbGY65aJ3V1AtgDLf7yxSaQTqscc94bf1P","","AGNIKE","2026-09-11T11:50:11.0000000+00:00","18.91361","12-24h","holders","NKE","3998.3885539225757","379.52682768726197","5","False","False","1789127433","11.38580483061786","11.38580483061786","6.026121359438889"
"uTkzo12JjcXiYj6LGTKFA2XgHRnY8VuriMoYvqTmpky","JCCv3HdCe9D4FRpB4w3yfkiDJ6BBVPf8BL76woecFSzn","","NAS","2026-09-11T18:14:21.0000000+00:00","12.51083","12-24h","keep","NVDAx","3997.3129441517917","0","1","False","False","1789150460","0","0","0"
"v5x9MZ57rhd4UTQhk32YNX3X2W5WTmMJ5WauFdoScQg","3WfGDw8AveGL9jAYAXPNYkA8fCY6QNJKFTgZ4y1xi9BC","","ELLIORFIN","2026-09-11T19:19:49.0000000+00:00","11.41972","06-12h","holders","HOODx","3997.1802094706454","0","1","False","False","1789154387","0","0","0"
"vBXkzgYbNsBFS5zj4aiq2vuZPCcoKKpqNgb5Emp4fYk","DixmDhXJoHrrdHuKe8kK85sCsvrc5ZZE7j8kZfBhQUNB","","EMDOGE","2026-09-11T11:53:15.0000000+00:00","18.8625","12-24h","holders","EMBER","1842.4740996929106","1573.308028387581","59","False","False","1789191784","31.466160567751622","70.36520900180722","52.87360594639798"
"vLJMjervRTyP1KgJKUw2JYJPp4niYkA8iLoThiqJ1Ai","B4Tz2a8v1DAPL9PJL8tkAu8pEqSaBVWTjjdQ7JwhxMNY","","LIFE","2026-09-11T15:15:06.0000000+00:00","15.49833","12-24h","holders","EMBER","1965.9887613569151","2995.3589698245924","82","False","False","1789140117","59.90717939649185","93.84977437463412","75.3385584402163"
"Vv9LWDXxbxMTapzzLz8c2LZCUj22KRHbLu7tZh9NRiS","5hG9WKYRg659TFhLji2HuDHqMUhRy3dbV94s8ZLUNZZJ","","NVDT","2026-09-11T17:07:38.0000000+00:00","13.62278","12-24h","holders","NVDAx","3992.8173304361685","0","1","False","False","1789146457","0","0","0"
"wbWRLGcTiQjZooxT8c6vKCarEFbvzX9fjHXrmeb4UgN","AYbva3YtmPbPv57i8HSiVxHwsCctEWRRUuBrN1nWFhAq","","SRYBRO","2026-09-10T00:05:00.0000000+00:00","54.66667","48h+","keep","MET","4298.900654095056","0","0","False","False","1788998751","0","19.47341088","15.578728704"
"WDsefa2i7yBGbMi8w624HwaHd5r3Cs77AWrpV9KM4u6","yVhagJdk1DfKj6r2CS3GZx8LZyXyt5nuzof4MF9nMtr","","FIRE","2026-09-11T15:05:00.0000000+00:00","15.66667","12-24h","keep","EMBER","2060.705603723644","7.862883537","1","False","False","1789139149","0.23588650611","0.46594635829839","0.33909486918983195"
"WLJVXwY5KHSYivUDoprepvAnRosreRo2GnrRAfnxm97","6BmGUCMReCq6uKVjgbvi6fufzcnDB5raZNLgz79B2zde","","EMBER","2026-09-11T12:25:26.0000000+00:00","18.32611","12-24h","holders","EMBER","1768.0166191293404","0","1","False","False","1789129520","0","0","0"
"WoXRh9x2RkMcH2gTQ9UrXhmdmPtZAGTCkUDzY1ryysf","HZXMK7TrrcDdvoznNM58XVfQMR1b1KzovCmyQxPYuQS5","Bc56i8bXizSCKMCMecfHLdzH8fbshFGwctUqkKG4CNV8","M3M3","2026-09-09T22:57:07.0000000+00:00","55.79806","48h+","holders","MET","2654.9164076307006","328.01","22","True","False","1789158284","3.2801","478.32000245872416","383.4698779204034"
"wWKid9DgLwKtxQrViBEzaRacQW7hcw6SmhjGP5RQSnU","EfQVgdmrWNDueCNaUXcgkUtPiW3qF1tgdx8Mkv6DnUiC","","TEM","2026-09-11T16:54:54.0000000+00:00","13.835","12-24h","holders","MET","3258.8232052332887","1842.6324828005434","34","False","False","1789186105","36.85264965601087","43.63238553571","31.798104023005"
"y2iMF1cByeR2KpU6D1GC32sACbRZi6PAaYK5hEiTVmB","BbNgTiczVjwQsGSZXqfSwUuYjx7ejM4ZGHNGJq9KjNio","","METTY","2026-09-10T00:16:46.0000000+00:00","54.47056","48h+","holders","MET","4558.221158708153","0","0","False","False","1789062431","0","7.023026434323","4.9875906850769995"
"yyFcvqaeus61FzPVQ9BPX5YbEqcsWMUc79h2fqrZB9t","7ofbgHBqtNe4DnxTE8H9XouS5Xgz5ubBqy7f48iLbJK9","","ASH","2026-09-11T10:49:16.0000000+00:00","19.92889","12-24h","burn","EMBER","5093.1945281024155","301.7006688842549","35","False","False","1789149355","6.034013377685098","6.656612745489251","0"
"zDHRv8tRYC7nHBegkh67CDNaN35P5vMqQAPAPFMzyCA","EcLVubwFvbtvzHUpJRDBMJtQ2cfpBZAQgRWMR6bAAgAv","","METBULL","2026-09-09T23:53:38.0000000+00:00","54.85611","48h+","holders","MET","4358.955721202973","166.304876883096","2","False","False","1789125212","4.98914630649288","89.21761282177098","69.929798973946"
"zNPXogHcUtN5uoa276xQN6rtW9ws5au9UoHTjjWS6ta","7QYubecFpwGxEkjetvYqCawhybiyjfULwzYvFduNzR9b","","FINE","2026-09-11T12:25:21.0000000+00:00","18.3275","12-24h","lotto","EMBER","1723.6042439118858","8.420575736290001","2","False","False","1789129557","0.2526172720887","0.39906470111394","0.30046562088989"
"ZurTSLi2LAnazrbmp9AjtfxAeAtxabC9nyBdWDUH6eY","CEtLjQMzApUFVQPWACHek6BypnuxAEXLmmEdzjnKpR1s","","BABYEMBER","2026-09-11T08:49:08.0000000+00:00","21.93111","12-24h","holders","EMBER","8433.180738773963","87.10666882667999","39","False","False","1789165816","0.8710666882668","1.17990531108193","0.4939533081934"
"Zx9fyjcqLZprEjuY9Tg7drEqR9wnoLfuzCvCfe1mNuZ","9qZ8fHxyrS7m87WVitaDMvyymXwQoVCXnGiucVdJF5aj","","FIRE","2026-09-11T11:49:13.0000000+00:00","18.92972","12-24h","burn","EMBER","1789.5443441555994","30.653895198590003","3","False","False","1789130179","0.6130779039718001","0.78659730701738","0.4700787150546701"
